-འི  རྣམ་པ ་ཀུན 	།_། 	བྱང 	ཆུབ 	ཆེན་པོ 	-འི 	རྣམ་པ	་ཀུན 	།_། 	སྐུ་གསུམ 	དག་གིས 	བརྙེས 	bstod tshogs ka_.txt	།_།  བྱང  ཆུབ  ཆེན་པོ  -འི  རྣམ་པ ་ཀུན  །_།  སྐུ་གསུམ  དག་གིས  བརྙེས 
ཉིད  རྣམ་པ ་གཉིས་སུ 	དེ་ཉིད 	མཚན་ཉིད་དོ 	།_། 	སེམས 	ཉིད 	རྣམ་པ	་གཉིས་སུ 	མཐོང 	_།_། 	ཇི་ལྟར 	འཇིག་རྟེན 	bstod tshogs ka_.txt	དེ་ཉིད  མཚན་ཉིད་དོ  །_།  སེམས  ཉིད  རྣམ་པ ་གཉིས་སུ  མཐོང  _།_།  ཇི་ལྟར  འཇིག་རྟེན 
རང་གི  རྣམ་པ  -ར 	ལུས 	འདི་ཉིད་ལ 	ཐམས་ཅད་དེ 	།_། 	རང་གི 	རྣམ་པ 	-ར 	རྟོག་པ 	-ས་བཅིངས 	།_། 	བདག 	bstod tshogs ka_.txt	ལུས  འདི་ཉིད་ལ  ཐམས་ཅད་དེ  །_།  རང་གི  རྣམ་པ  -ར  རྟོག་པ  -ས་བཅིངས  །_།  བདག 
མེད  རྣམ་པ ་གཉིས 	ཕྱི་རོལ་རྣམ 	བརྟགས་པ 	།_། 	བདག 	མེད 	རྣམ་པ	་གཉིས 	མཐོང་ན 	།_། 	སྲིད་པ 	-འི 	bstod tshogs ka_.txt	ཕྱི་རོལ་རྣམ  བརྟགས་པ  །_།  བདག  མེད  རྣམ་པ ་གཉིས  མཐོང་ན  །_།  སྲིད་པ  -འི 
སྨོན་ལམ  རྣམ་པ  -ར 	དང་བཅས་པ 	-འི 	ཤེས་རབ་དང 	_།_། 	སྨོན་ལམ 	རྣམ་པ 	-ར 	སྦྱངས་པ་དང 	_།_། 	སྟོབས་ལ 	ངེས་ནས 	bstod tshogs ka_.txt	དང་བཅས་པ  -འི  ཤེས་རབ་དང  _།_།  སྨོན་ལམ  རྣམ་པ  -ར  སྦྱངས་པ་དང  _།_།  སྟོབས་ལ  ངེས་ནས 
འཛི  རྣམ་པ  -ར 	-འི 	འོད་ཀྱིས་གསལ 	།_། 	འདུ 	འཛི 	རྣམ་པ 	-ར 	སྤངས་པ་ཡི 	།_། 	ཡེ 	ཤེས 	bstod tshogs ka_.txt	-འི  འོད་ཀྱིས་གསལ  །_།  འདུ  འཛི  རྣམ་པ  -ར  སྤངས་པ་ཡི  །_།  ཡེ  ཤེས 
གཏན  རྣམ་པ  སྣ་ཚོགས་ཉིད 	སྒྱུ་རྩལ 	བཟོ་གནས་ཀུན 	།_། 	བསམ 	གཏན 	རྣམ་པ 	སྣ་ཚོགས་ཉིད 	།_། 	ཉོན་མོངས 	ཤིན་ཏུ 	སྦྱང 	bstod tshogs ka_.txt	སྒྱུ་རྩལ  བཟོ་གནས་ཀུན  །_།  བསམ  གཏན  རྣམ་པ  སྣ་ཚོགས་ཉིད  །_།  ཉོན་མོངས  ཤིན་ཏུ  སྦྱང 
ཆུབ  རྣམ་པ ་གསུམ་པོ་དང 	དཀའ 	-ར་འདོད 	།_། 	བྱང 	ཆུབ 	རྣམ་པ	་གསུམ་པོ་དང 	_།_། 	ཕུན 	སུམ 	ཚོགས 	bstod tshogs ka_.txt	དཀའ  -ར་འདོད  །_།  བྱང  ཆུབ  རྣམ་པ ་གསུམ་པོ་དང  _།_།  ཕུན  སུམ  ཚོགས 
།_།  རྣམ་པ  ཀུན་དུ 	།_། 	པདྨ 	བྱེ་བ 	དུ་མ་ཡིས 	།_། 	རྣམ་པ 	ཀུན་དུ 	ཡོངས་སུ་བསྐོར 	།_། 	སྟོབས 	བཅུ་པོ་ཡིས 	bstod tshogs ka_.txt	།_།  པདྨ  བྱེ་བ  དུ་མ་ཡིས  །_།  རྣམ་པ  ཀུན་དུ  ཡོངས་སུ་བསྐོར  །_།  སྟོབས  བཅུ་པོ་ཡིས 
འཁོར་དུ  རྣམ་པ  ཀུན་གྱིས་བསྐོར 	ཟླ་བ 	ཉ་ལ 	སྐར་མ་ཡིས 	།_། 	འཁོར་དུ 	རྣམ་པ 	ཀུན་གྱིས་བསྐོར 	།_། 	སངས 	རྒྱས 	ཕྱག་གི 	bstod tshogs ka_.txt	ཟླ་བ  ཉ་ལ  སྐར་མ་ཡིས  །_།  འཁོར་དུ  རྣམ་པ  ཀུན་གྱིས་བསྐོར  །_།  སངས  རྒྱས  ཕྱག་གི 
ཀུན་དུ  རྣམ་པ  -ར 	དབྱེ 	-ར 	མེད་པ 	།_། 	ཀུན་དུ 	རྣམ་པ 	-ར 	དག་པ 	-ར་གྱུར 	།_། 	གཙོ་བོ 	bstod tshogs ka_.txt	དབྱེ  -ར  མེད་པ  །_།  ཀུན་དུ  རྣམ་པ  -ར  དག་པ  -ར་གྱུར  །_།  གཙོ་བོ 
མེད  རྣམ་པ  -ར 	-ར 	ཤེས་བྱ་མིན 	།_། 	དེ 	མེད 	རྣམ་པ 	-ར 	ཤེས་པ 	-འང་མེད 	།_། 	དེ 	bstod tshogs ka_.txt	-ར  ཤེས་བྱ་མིན  །_།  དེ  མེད  རྣམ་པ  -ར  ཤེས་པ  -འང་མེད  །_།  དེ 
-འི  རྣམ་པ ་ཡང 	།_། 	ཅུང 	ཟད 	བསྒོམ་པ 	-འི 	རྣམ་པ	་ཡང 	།_། 	དེ 	ཀུན 	སེམས་ཀྱི 	bstod tshogs ka_.txt	།_།  ཅུང  ཟད  བསྒོམ་པ  -འི  རྣམ་པ ་ཡང  །_།  དེ  ཀུན  སེམས་ཀྱི 
ཐབས་ཚུལ  རྣམ་པ  དུ་མ 	སྣང་ལ 	།_། 	སྣ 	ཚོགས 	ཐབས་ཚུལ 	རྣམ་པ 	དུ་མ 	-ར 	འཇུག་ཅིང 	སྲིད་པ་གསུམ་གྱི 	འཇིགས 	bstod tshogs ka_.txt	སྣང་ལ  །_།  སྣ  ཚོགས  ཐབས་ཚུལ  རྣམ་པ  དུ་མ  -ར  འཇུག་ཅིང  སྲིད་པ་གསུམ་གྱི  འཇིགས 
-འི  རྣམ་པ  -ར 	།།_།།༄༅།_ 	སྐུ་གསུམ་ལ 	བསྟོད་པ་ཞེས 	བྱ་བ 	-འི 	རྣམ་པ 	-ར 	འགྲེལ་པ 	།_༄༅༅།_། 	རྒྱ 	གར 	bstod tshogs ka_.txt	།།_།།༄༅།_  སྐུ་གསུམ་ལ  བསྟོད་པ་ཞེས  བྱ་བ  -འི  རྣམ་པ  -ར  འགྲེལ་པ  །_༄༅༅།_།  རྒྱ  གར 
-འི  རྣམ་པ  -ར 	།_ 	སྐུ་གསུམ་ལ 	བསྟོད་པ་ཞེས 	བྱ་བ 	-འི 	རྣམ་པ 	-ར 	འགྲེལ་པ 	།_ 	འཕགས་པ 	འཇམ་དཔལ་གཞོན 	bstod tshogs ka_.txt	།_  སྐུ་གསུམ་ལ  བསྟོད་པ་ཞེས  བྱ་བ  -འི  རྣམ་པ  -ར  འགྲེལ་པ  །_  འཕགས་པ  འཇམ་དཔལ་གཞོན 
བཀོད་པ  རྣམ་པ  -ར་དབྱེ 	-ས་ན 	།_། 	ཇི 	ལྟར 	བཀོད་པ 	རྣམ་པ 	-ར་དབྱེ 	།_། 	དེ་ལ 	། 	གཅིག 	bstod tshogs ka_.txt	-ས་ན  །_།  ཇི  ལྟར  བཀོད་པ  རྣམ་པ  -ར་དབྱེ  །_།  དེ་ལ  །  གཅིག 
མཐོང་ན  རྣམ་པ  -ར་གྲོལ 	ཡང་དག་ལྟ 	།_། 	ཡང 	དག 	མཐོང་ན 	རྣམ་པ 	-ར་གྲོལ 	།_། 	ཞེས 	གསུངས་པ་གང 	འདི་ལྟར 	bstod tshogs ka_.txt	ཡང་དག་ལྟ  །_།  ཡང  དག  མཐོང་ན  རྣམ་པ  -ར་གྲོལ  །_།  ཞེས  གསུངས་པ་གང  འདི་ལྟར 
ཚོགས་པ་ནི  རྣམ་པ ་དུ་མའོ 	རྣམས་ཀྱི 	ནང་དུའོ 	།_། 	སྣ 	ཚོགས་པ་ནི 	རྣམ་པ	་དུ་མའོ 	།_། 	རྒྱས 	པར 	སྟོན་པ 	bstod tshogs ka_.txt	རྣམས་ཀྱི  ནང་དུའོ  །_།  སྣ  ཚོགས་པ་ནི  རྣམ་པ ་དུ་མའོ  །_།  རྒྱས  པར  སྟོན་པ 
རྣམས་ལ  རྣམ་པ  སྣ་ཚོགས་པ 	-འི 	དབང་ཕྱུག་གི 	བྱང་ཆུབ 	སེམས་དཔའ 	རྣམས་ལ 	རྣམ་པ 	སྣ་ཚོགས་པ 	-འི 	ཆོས་སྟོན་པ་ལ 	སོགས་པ 	-ས 	bstod tshogs ka_.txt	-འི  དབང་ཕྱུག་གི  བྱང་ཆུབ  སེམས་དཔའ  རྣམས་ལ  རྣམ་པ  སྣ་ཚོགས་པ  -འི  ཆོས་སྟོན་པ་ལ  སོགས་པ  -ས 
སྐུ  རྣམ་པ ་གཉིས་པོ 	དེ 	ལྟར 	ཚིགས་སུ 	བཅད་པ་གཉིས་ཀྱིས 	སྐུ 	རྣམ་པ	་གཉིས་པོ 	-འི 	རང་གི 	ངོ་བོ 	ཉེ་བ 	bstod tshogs ka_.txt	དེ  ལྟར  ཚིགས་སུ  བཅད་པ་གཉིས་ཀྱིས  སྐུ  རྣམ་པ ་གཉིས་པོ  -འི  རང་གི  ངོ་བོ  ཉེ་བ 
སོགས་པ  རྣམ་པ  སྣ་ཚོགས་པ 	།_ 	དབང 	ཕྱུག 	ཆེན་པོ་ལ 	སོགས་པ 	རྣམ་པ 	སྣ་ཚོགས་པ 	-འི 	བདག་ཉིད་དུ 	སྟོན་པའོ 	།_། 	bstod tshogs ka_.txt	།_  དབང  ཕྱུག  ཆེན་པོ་ལ  སོགས་པ  རྣམ་པ  སྣ་ཚོགས་པ  -འི  བདག་ཉིད་དུ  སྟོན་པའོ  །_། 
།_  རྣམ་པ  དུ་མ 	བྱེ 	བྲག་ཇི 	ལྟ་བུ 	ཞེ་ན 	།_ 	རྣམ་པ 	དུ་མ 	-ར 	འཇུག་ཅིང་ཞེས་པ་སྟེ 	།_ 	གདུལ 	bstod tshogs ka_.txt	བྱེ  བྲག་ཇི  ལྟ་བུ  ཞེ་ན  །_  རྣམ་པ  དུ་མ  -ར  འཇུག་ཅིང་ཞེས་པ་སྟེ  །_  གདུལ 
 རྣམ་པ  དུ་མ 	བྱ 	སྣ་ཚོགས་པ 				རྣམ་པ 	དུ་མ 	-འི 	རྗེས་སུ 	འཇུག་པ 	-ར 	bstod tshogs ka_.txt	བྱ  སྣ་ཚོགས་པ     རྣམ་པ  དུ་མ  -འི  རྗེས་སུ  འཇུག་པ  -ར 
བྱང་ཆུབ་པ  རྣམ་པ  ལྔ 	གནས་འོག 	མིན་དུ 	མངོན་པ 	-ར 	བྱང་ཆུབ་པ 	རྣམ་པ 	ལྔ 	-འི 	རིམ་པ 	-ས 	ཡང་དག 	bstod tshogs ka_.txt	གནས་འོག  མིན་དུ  མངོན་པ  -ར  བྱང་ཆུབ་པ  རྣམ་པ  ལྔ  -འི  རིམ་པ  -ས  ཡང་དག 
འཁོར  རྣམ་པ  བཞི 	-ར 	གཤེགས་ཏེ 	།_ 	དཀྱིལ 	འཁོར 	རྣམ་པ 	བཞི 	-ར 	མངོན་པ 	-ར 	སྤྲུལ་པ 	bstod tshogs ka_.txt	-ར  གཤེགས་ཏེ  །_  དཀྱིལ  འཁོར  རྣམ་པ  བཞི  -ར  མངོན་པ  -ར  སྤྲུལ་པ 
གཞན་ལ  རྣམ་པ  -ར 	གནོད་པ 	-འི 	བདག་ཉིད 	ཅན་ནམ 	གཞན་ལ 	རྣམ་པ 	-ར 	འཚེ་བ 	-འང 	རུང 	_།_། 	bstod tshogs ka_.txt	གནོད་པ  -འི  བདག་ཉིད  ཅན་ནམ  གཞན་ལ  རྣམ་པ  -ར  འཚེ་བ  -འང  རུང  _།_། 
ཡུལ་དང  རྣམ་པ  -ར 	དགའ་བ་ལ 	སོགས 	དངོས་པོ 	-འི 	ཡུལ་དང 	རྣམ་པ 	-ར 	ཐར་ལ 	སོགས་གང་ལ 	།_། 	གང་གི 	bstod tshogs ka_.txt	དགའ་བ་ལ  སོགས  དངོས་པོ  -འི  ཡུལ་དང  རྣམ་པ  -ར  ཐར་ལ  སོགས་གང་ལ  །_།  གང་གི 
།_།  རྣམ་པ  ཀུན་དུ 	ཁྱོད་ནི 	རྟག་པ 	-ར 	ཐམས་ཅད་ལ 	།_། 	རྣམ་པ 	ཀུན་དུ 	ཐམས་ཅད 	གསོལ 	གྲག་ན 	།_། 	bstod tshogs ka_.txt	ཁྱོད་ནི  རྟག་པ  -ར  ཐམས་ཅད་ལ  །_།  རྣམ་པ  ཀུན་དུ  ཐམས་ཅད  གསོལ  གྲག་ན  །_། 
།_།  རྣམ་པ  ཀུན་དུ 	དམན་པ 	ཅི་ཕྱིར 	གསན 	མ་གྱུར 	།_། 	རྣམ་པ 	ཀུན་དུ 	ཐུགས་རྗེ 	-ས 	དྲངས 	ཁྱེད་ཀྱིས 	bstod tshogs ka_.txt	དམན་པ  ཅི་ཕྱིར  གསན  མ་གྱུར  །_།  རྣམ་པ  ཀུན་དུ  ཐུགས་རྗེ  -ས  དྲངས  ཁྱེད་ཀྱིས 
ལྟར  རྣམ་པ  -ར 	ཟད 	གྱུར་ཅེས 	།_། 	དེ 	ལྟར 	རྣམ་པ 	-ར 	རྒྱུ་ཞིང 	སྐྱོབ 	མཛད་ཀྱང 	།_། 	bstod tshogs ka_.txt	ཟད  གྱུར་ཅེས  །_།  དེ  ལྟར  རྣམ་པ  -ར  རྒྱུ་ཞིང  སྐྱོབ  མཛད་ཀྱང  །_། 
ངོ་མཚར  རྣམ་པ  -ར་འཁྲུངས 	།_། 	ཅི 	ཕྱིར 	གྱུར་ཅེས 	ངོ་མཚར 	རྣམ་པ 	-ར་འཁྲུངས 	།_། 	སྡུག 	བསྔལ 	གཅོད 	bstod tshogs ka_.txt	།_།  ཅི  ཕྱིར  གྱུར་ཅེས  ངོ་མཚར  རྣམ་པ  -ར་འཁྲུངས  །_།  སྡུག  བསྔལ  གཅོད 
།_།  རྣམ་པ  ཀུན་དུ 	བདག་ནི 	བསྙེན་བཀུར 	བགྱིད་ཀྱང 	བདག་གི་ཕྱོགས 	།_། 	རྣམ་པ 	ཀུན་དུ 	ཕྱི་བཤོལ 	ཅི་ཕྱིར་མཛད 	།_། 	དེ 	bstod tshogs ka_.txt	བདག་ནི  བསྙེན་བཀུར  བགྱིད་ཀྱང  བདག་གི་ཕྱོགས  །_།  རྣམ་པ  ཀུན་དུ  ཕྱི་བཤོལ  ཅི་ཕྱིར་མཛད  །_།  དེ 
སྒྲིབ་པ  རྣམ་པ  -ར 	རྣམ་གྲོལ 	རྨད་བྱུང་ནི 	།_། 	ཉོན་མོངས 	སྒྲིབ་པ 	རྣམ་པ 	-ར 	གཅོད 	མཛད་པ 	།_། 	ཡེ 	bstod tshogs ka_.txt	རྣམ་གྲོལ  རྨད་བྱུང་ནི  །_།  ཉོན་མོངས  སྒྲིབ་པ  རྣམ་པ  -ར  གཅོད  མཛད་པ  །_།  ཡེ 
འདུན་དཀོར་ནི  རྣམ་པ  -ར་འཇོམས 	འཇིག་པ 	-ར་བགྱིས 	།_། 	དགེ 	འདུན་དཀོར་ནི 	རྣམ་པ 	-ར་འཇོམས 	།_། 	བདག་གིས 	སེམས་ཅན 	འཚེ་བ 	bstod tshogs ka_.txt	འཇིག་པ  -ར་བགྱིས  །_།  དགེ  འདུན་དཀོར་ནི  རྣམ་པ  -ར་འཇོམས  །_།  བདག་གིས  སེམས་ཅན  འཚེ་བ 
ནང་དུ  རྣམ་པ  -ར་གནས 	།_། 	རྒྱ 	མཚོ 	-འི 	ནང་དུ 	རྣམ་པ 	-ར་གནས 	།_། 	འདོད 	ཆགས་ལ 	སོགས 	bstod tshogs ka_.txt	།_།  རྒྱ  མཚོ  -འི  ནང་དུ  རྣམ་པ  -ར་གནས  །_།  འདོད  ཆགས་ལ  སོགས 
གང་ལ་འང  རྣམ་པ  ཐམས་ཅད་དུ 	ཡོང་ཡེ 	མི 	མངའ་ཞིང 	།_། 	གང་ལ་འང 	རྣམ་པ 	ཐམས་ཅད་དུ 	།_། 	ཡོན་ཏན 	ཐམས་ཅད 	གནས 	bstod tshogs ka_.txt	ཡོང་ཡེ  མི  མངའ་ཞིང  །_།  གང་ལ་འང  རྣམ་པ  ཐམས་ཅད་དུ  །_།  ཡོན་ཏན  ཐམས་ཅད  གནས 
རྗེ  རྣམ་པ  -ར 	བདག་ཉིད་ཀྱིས 	ཞལ་གྱིས་བཞེས 	།_། 	སྙིང 	རྗེ 	རྣམ་པ 	-ར 	སྤངས་ནས་ནི 	།_། 	གཞན་གྱི 	གཞན་ནི 	bstod tshogs ka_.txt	བདག་ཉིད་ཀྱིས  ཞལ་གྱིས་བཞེས  །_།  སྙིང  རྗེ  རྣམ་པ  -ར  སྤངས་ནས་ནི  །_།  གཞན་གྱི  གཞན་ནི 
བསམ་པ  རྣམ་པ  -ར 	ཕུན་ཚོགས 	མེད་པ 	-འི་ཕྱིར 	།_། 	བསམ་པ 	རྣམ་པ 	-ར 	དག་པ 	-ས་ཀྱང 	།_། 	ཚུལ 	bstod tshogs ka_.txt	ཕུན་ཚོགས  མེད་པ  -འི་ཕྱིར  །_།  བསམ་པ  རྣམ་པ  -ར  དག་པ  -ས་ཀྱང  །_།  ཚུལ 
ཉེས་པ  རྣམ་པ  -ར 	པར 	ཡོན་ཏན 	རྙེད་ནས་ནི 	།_། 	ཉེས་པ 	རྣམ་པ 	-ར 	སྤངས་པ་དང 	།_། 	སེམས 	ཅན 	bstod tshogs ka_.txt	པར  ཡོན་ཏན  རྙེད་ནས་ནི  །_།  ཉེས་པ  རྣམ་པ  -ར  སྤངས་པ་དང  །_།  སེམས  ཅན 
སྤེལ་ནས  རྣམ་པ  -ར་སྦྱངས 	སྨད 	རྩ་ནས་བཏོན 	།_། 	ཡོན་ཏན 	སྤེལ་ནས 	རྣམ་པ 	-ར་སྦྱངས 	།_། 	གཞུང 	ལུགས 	བཟང་པོ 	bstod tshogs ka_.txt	སྨད  རྩ་ནས་བཏོན  །_།  ཡོན་ཏན  སྤེལ་ནས  རྣམ་པ  -ར་སྦྱངས  །_།  གཞུང  ལུགས  བཟང་པོ 
ལྟར  རྣམ་པ  ཐམས་ཅད་དུ 	མ 	ལུས་པ 	།_། 	དེ 	ལྟར 	རྣམ་པ 	ཐམས་ཅད་དུ 	།_། 	ཉེས་པ 	ཁྱོད་ཀྱིས 	རབ་ཏུ་བཅོམ 	bstod tshogs ka_.txt	མ  ལུས་པ  །_།  དེ  ལྟར  རྣམ་པ  ཐམས་ཅད་དུ  །_།  ཉེས་པ  ཁྱོད་ཀྱིས  རབ་ཏུ་བཅོམ 
བདུད་ལས  རྣམ་པ  -ར་རྒྱལ 	བྱ་བ་སྟེ 	ལེའུ་གསུམ་པའོ 	།།_།། 	འགྲོ་ལས 	བདུད་ལས 	རྣམ་པ 	-ར་རྒྱལ 	།_། 	རྗེས་སུ 	དཔག་པ 	-ས 	bstod tshogs ka_.txt	བྱ་བ་སྟེ  ལེའུ་གསུམ་པའོ  །།_།།  འགྲོ་ལས  བདུད་ལས  རྣམ་པ  -ར་རྒྱལ  །_།  རྗེས་སུ  དཔག་པ  -ས 
 རྣམ་པ  -ར་ལྷག 						རྣམ་པ 	-ར་ལྷག 	_། 	ཁྱོད་ཀྱི་ཉནཐོས་ཀྱིས་ཀྱང་ནི 	།_། 	མཉམ 	bstod tshogs ka_.txt	     རྣམ་པ  -ར་ལྷག  _།  ཁྱོད་ཀྱི་ཉནཐོས་ཀྱིས་ཀྱང་ནི  །_།  མཉམ 
བས་ནི  རྣམ་པ  -ར་སྤྲས 	གང་ཞིག་ལ་ནི་རྟེན 	།_། 	གཞན 	མི 	བས་ནི 	རྣམ་པ 	-ར་སྤྲས 	།_། 	མཚན་དང 	དཔེ 	བྱད་བཟང 	bstod tshogs ka_.txt	གང་ཞིག་ལ་ནི་རྟེན  །_།  གཞན  མི  བས་ནི  རྣམ་པ  -ར་སྤྲས  །_།  མཚན་དང  དཔེ  བྱད་བཟང 
།_།  རྣམ་པ  སྣ་ཚོགས 	གཞན་ཡང 	རྟེན་ཅིང 	འབྲེལ 	འབྱུང་བའི 	།_། 	རྣམ་པ 	སྣ་ཚོགས 	བསྟན་པ་ཡིས 	།_། 	དེ 	བཞིན་ལས 	bstod tshogs ka_.txt	གཞན་ཡང  རྟེན་ཅིང  འབྲེལ  འབྱུང་བའི  །_།  རྣམ་པ  སྣ་ཚོགས  བསྟན་པ་ཡིས  །_།  དེ  བཞིན་ལས 
-ས  རྣམ་པ  -ར 	དགའ 	འགྱུར་ཏེ 	།_། 	བསྟན་པ 	-ས 	རྣམ་པ 	-ར 	གྲོལ་བ 	-ར་མཛད 	།_། 	ཀྱེ 	bstod tshogs ka_.txt	དགའ  འགྱུར་ཏེ  །_།  བསྟན་པ  -ས  རྣམ་པ  -ར  གྲོལ་བ  -ར་མཛད  །_།  ཀྱེ 
-ས  རྣམ་པ  -ར་འདག 	འགྱུར་ཏེ 	།_། 	ཡོངས་སུ 	ཤེས་པ 	-ས 	རྣམ་པ 	-ར་འདག 	_། 	དེ 	བཞིན 	སྐྱབས་འགྲོ 	bstod tshogs ka_.txt	འགྱུར་ཏེ  །_།  ཡོངས་སུ  ཤེས་པ  -ས  རྣམ་པ  -ར་འདག  _།  དེ  བཞིན  སྐྱབས་འགྲོ 
ལྟར  རྣམ་པ  འདི 	-འི 	དཔལ་ཞིང་མཛད 	།_། 	འདི 	ལྟར 	རྣམ་པ 	འདི 	འདྲ 	-འི་ཞིང 	།_། 	འཇིག 	bstod tshogs ka_.txt	-འི  དཔལ་ཞིང་མཛད  །_།  འདི  ལྟར  རྣམ་པ  འདི  འདྲ  -འི་ཞིང  །_།  འཇིག 
རྒྱུ་ཡང  རྣམ་པ  བཞི་སྟེ 	བྱང་ཆུབ་ཀྱི 	སྨོན་ལམ་ཡིན་ནོ 	།_། 	དེའི 	རྒྱུ་ཡང 	རྣམ་པ 	བཞི་སྟེ 	།_ 	དེ་ལ 	རེ་ཞིག 	སྨད་པ 	bstod tshogs ka_.txt	བྱང་ཆུབ་ཀྱི  སྨོན་ལམ་ཡིན་ནོ  །_།  དེའི  རྒྱུ་ཡང  རྣམ་པ  བཞི་སྟེ  །_  དེ་ལ  རེ་ཞིག  སྨད་པ 
དེ་ཡང  རྣམ་པ ་གཉིས་ཏེ 	ཕྱིན་པ 	སྟོན་པ 	ཇི་སྙེད་པ་ཡིན་ནོ 	།_། 	དེ་ཡང 	རྣམ་པ	་གཉིས་ཏེ 	།_ 	མོས་པ 	-ས 	སྤྱོད་པ 	bstod tshogs ka_.txt	ཕྱིན་པ  སྟོན་པ  ཇི་སྙེད་པ་ཡིན་ནོ  །_།  དེ་ཡང  རྣམ་པ ་གཉིས་ཏེ  །_  མོས་པ  -ས  སྤྱོད་པ 
འདི་དག་གིས་ནི  རྣམ་པ  -ར 	སྨན་པ 	གདོན་གྱིས 	ཟིན་ལ་ཞེས 	བྱ་བ 	འདི་དག་གིས་ནི 	རྣམ་པ 	-ར 	རྟོག་པ་དང 	བྲལ་བ 	-འི 	བཟོད་པ 	bstod tshogs ka_.txt	སྨན་པ  གདོན་གྱིས  ཟིན་ལ་ཞེས  བྱ་བ  འདི་དག་གིས་ནི  རྣམ་པ  -ར  རྟོག་པ་དང  བྲལ་བ  -འི  བཟོད་པ 
ཚིག  རྣམ་པ  -ར 	བསྡུས་པ 	-འི 	དོན་ཡིན་ནོ 	།_། 	ཚིག 	རྣམ་པ 	-ར 	དབྱེ་བ་ནི 	།_ 	དེ་ནི 	མཉམ་པ 	bstod tshogs ka_.txt	བསྡུས་པ  -འི  དོན་ཡིན་ནོ  །_།  ཚིག  རྣམ་པ  -ར  དབྱེ་བ་ནི  །_  དེ་ནི  མཉམ་པ 
བྲལ་ཏེ  རྣམ་པ  -ར 	མེད་པ་ནི 	གློ་བུར་གྱི 	དྲི་མ 	མཐའ་དག་དང 	བྲལ་ཏེ 	རྣམ་པ 	-ར 	དག་པ 	-འི 	མཐའ 	-ར 	bstod tshogs ka_.txt	མེད་པ་ནི  གློ་བུར་གྱི  དྲི་མ  མཐའ་དག་དང  བྲལ་ཏེ  རྣམ་པ  -ར  དག་པ  -འི  མཐའ  -ར 
ཤིན་ཏུ  རྣམ་པ  -ར 	ཐམས་ཅད་དུ་གཉིས་སུ 	མེད་པ 	-འི 	ཆོས་ཉིད 	ཤིན་ཏུ 	རྣམ་པ 	-ར 	དག་པ 	ལས་མི 	འདའ་བ་ཞེས 	བྱ་བ 	bstod tshogs ka_.txt	ཐམས་ཅད་དུ་གཉིས་སུ  མེད་པ  -འི  ཆོས་ཉིད  ཤིན་ཏུ  རྣམ་པ  -ར  དག་པ  ལས་མི  འདའ་བ་ཞེས  བྱ་བ 
།_།  རྣམ་པ  གཅིག་ཏུ་ན 	འཛིན་པ 	ཉིད་ཀྱི 	ཕྱིར 	ཆོས་ཀྱང་ཡིན་ནོ 	།_། 	རྣམ་པ 	གཅིག་ཏུ་ན 	མཆོག 	ཆོས་ཀྱི 	མཆོག་སྟེ 	།_ 	bstod tshogs ka_.txt	འཛིན་པ  ཉིད་ཀྱི  ཕྱིར  ཆོས་ཀྱང་ཡིན་ནོ  །_།  རྣམ་པ  གཅིག་ཏུ་ན  མཆོག  ཆོས་ཀྱི  མཆོག་སྟེ  །_ 
དེ་ནི  རྣམ་པ  -ར 					དེ་ནི 	རྣམ་པ 	-ར 	བསྒོམས་ན 	སྒྲིབ་པ 	ཐམས་ཅད 	སྤོང་བ 	bstod tshogs ka_.txt	    དེ་ནི  རྣམ་པ  -ར  བསྒོམས་ན  སྒྲིབ་པ  ཐམས་ཅད  སྤོང་བ 
ཤིན་ཏུ  རྣམ་པ  -ར 	སྐུ་ཞེས 	བྱ 	ཞེ་ན 	།_ 	ཤིན་ཏུ 	རྣམ་པ 	-ར 	དག་པ 	ཉིད་ཀྱིས 	དེ་དག་གི 	རྒྱུད 	bstod tshogs ka_.txt	སྐུ་ཞེས  བྱ  ཞེ་ན  །_  ཤིན་ཏུ  རྣམ་པ  -ར  དག་པ  ཉིད་ཀྱིས  དེ་དག་གི  རྒྱུད 
ཚིག  རྣམ་པ  -ར 	སྩོལ་བ 	-འི 	ངང་ཚུལ 	ཡོད་པ་ཞེས 	ཚིག 	རྣམ་པ 	-ར 	སྦྱར་ཏེ 	འགྲོ་བ་ལ་ཞེས 	བྱ་བ 	-ར 	bstod tshogs ka_.txt	སྩོལ་བ  -འི  ངང་ཚུལ  ཡོད་པ་ཞེས  ཚིག  རྣམ་པ  -ར  སྦྱར་ཏེ  འགྲོ་བ་ལ་ཞེས  བྱ་བ  -ར 
མེད་པ་ནི  རྣམ་པ  ཐམས་ཅད 	དེ་སྐད་ཅེས་བྱའོ 	།_། 	དེ་ལ 	དྲི་མ 	མེད་པ་ནི 	རྣམ་པ 	ཐམས་ཅད 	རྣམ་པ 	-ར 	དག་པ་དང 	ལྡན་པ 	bstod tshogs ka_.txt	དེ་སྐད་ཅེས་བྱའོ  །_།  དེ་ལ  དྲི་མ  མེད་པ་ནི  རྣམ་པ  ཐམས་ཅད  རྣམ་པ  -ར  དག་པ་དང  ལྡན་པ 
ཤིན་ཏུ  རྣམ་པ  -ར 	།_། 	ཡང་ན 	ཆོས་ཀྱི 	དབྱིངས 	ཤིན་ཏུ 	རྣམ་པ 	-ར 	དག་པ་ལ 	དམིགས་པ 	-འི 	ཕྱིར 	bstod tshogs ka_.txt	།_།  ཡང་ན  ཆོས་ཀྱི  དབྱིངས  ཤིན་ཏུ  རྣམ་པ  -ར  དག་པ་ལ  དམིགས་པ  -འི  ཕྱིར 
འདོད་པ  རྣམ་པ  -ར 	རྣམས 	སྡུག་བསྔལ་དང 	བྲལ་བ 	-ར 	འདོད་པ 	རྣམ་པ 	-ར 	རྟོག་པ 	-འི 	བདག་ཉིད 	ཡིན་པ 	bstod tshogs ka_.txt	རྣམས  སྡུག་བསྔལ་དང  བྲལ་བ  -ར  འདོད་པ  རྣམ་པ  -ར  རྟོག་པ  -འི  བདག་ཉིད  ཡིན་པ 
རང་གི  རྣམ་པ ་ལ 	རྣམ 	པར 	རྟོག་པ་ཡང 	ཐམས་ཅད 	རང་གི 	རྣམ་པ	་ལ 	ཕྱི་རོལ་གྱི 	ངོ་བོ 	-ར 	ཞེན་ནས 	bstod tshogs ka_.txt	རྣམ  པར  རྟོག་པ་ཡང  ཐམས་ཅད  རང་གི  རྣམ་པ ་ལ  ཕྱི་རོལ་གྱི  ངོ་བོ  -ར  ཞེན་ནས 
-ས  རྣམ་པ  སྣ་ཚོགས་སུ 	འོད་ཟེར་གྱི 	དྲ་བ 	འགྱེད་པ་ལ 	སོགས་པ 	-ས 	རྣམ་པ 	སྣ་ཚོགས་སུ 	སྣང་ཞིང 	མཛེས་སོ 	།_། 	རྟག་ཏུ་ཞེས 	bstod tshogs ka_.txt	འོད་ཟེར་གྱི  དྲ་བ  འགྱེད་པ་ལ  སོགས་པ  -ས  རྣམ་པ  སྣ་ཚོགས་སུ  སྣང་ཞིང  མཛེས་སོ  །_།  རྟག་ཏུ་ཞེས 
དག་ལ  རྣམ་པ  -ར 	མཇུག 	སྡུད་པ་ཡིན་ཏེ 	།_ 	གང 	དག་ལ 	རྣམ་པ 	-ར 	མི་རྟོག་ཀྱང 	གཞན་ལ 	ཕན་པ 	མཛད་པ 	bstod tshogs ka_.txt	མཇུག  སྡུད་པ་ཡིན་ཏེ  །_  གང  དག་ལ  རྣམ་པ  -ར  མི་རྟོག་ཀྱང  གཞན་ལ  ཕན་པ  མཛད་པ 
ངོ་བོ  རྣམ་པ  -ར 	བསྐྱབ་པ 	-ར 	འདོད་པ 	-འི 	ངོ་བོ 	རྣམ་པ 	-ར 	རྟོག་པ 	དང་བཅས་པ 	གང་ཡིན་པ་དེ་ནི 	རྣམ་པ 	bstod tshogs ka_.txt	བསྐྱབ་པ  -ར  འདོད་པ  -འི  ངོ་བོ  རྣམ་པ  -ར  རྟོག་པ  དང་བཅས་པ  གང་ཡིན་པ་དེ་ནི  རྣམ་པ 
བྲལ་བ  རྣམ་པ  ཐམས་ཅད 	རྟོག་པ 	-འི 	དྲ་བ 	མ་ལུས་པ་དང 	བྲལ་བ 	རྣམ་པ 	ཐམས་ཅད 	མཁྱེན་པ 	ཉིད་ཀྱིས 	འཕན་པ 	-ར 	bstod tshogs ka_.txt	རྟོག་པ  -འི  དྲ་བ  མ་ལུས་པ་དང  བྲལ་བ  རྣམ་པ  ཐམས་ཅད  མཁྱེན་པ  ཉིད་ཀྱིས  འཕན་པ  -ར 
།_།  རྣམ་པ  གཅིག་ཏུ་ནི 	ཕྱིར 	ཐུགས་རྗེ 	-འི 	བདག་ཉིད་ཅེས་བྱའོ 	།_། 	རྣམ་པ 	གཅིག་ཏུ་ནི 	རྣམ་པ 	-ར 	རྟོག་པ 	དང་བཅས་པ 	bstod tshogs ka_.txt	ཕྱིར  ཐུགས་རྗེ  -འི  བདག་ཉིད་ཅེས་བྱའོ  །_།  རྣམ་པ  གཅིག་ཏུ་ནི  རྣམ་པ  -ར  རྟོག་པ  དང་བཅས་པ 
སེམས་ཅན་གྱི  རྣམ་པ  -ར 	གོམས་པ་དང 	ལྡན་པ 	-ས 	འབྲས་བུ 	སེམས་ཅན་གྱི 	རྣམ་པ 	-ར 	རྟོག་པ 	མེད་པ 	-ར 	འབྱུང་བ 	bstod tshogs ka_.txt	གོམས་པ་དང  ལྡན་པ  -ས  འབྲས་བུ  སེམས་ཅན་གྱི  རྣམ་པ  -ར  རྟོག་པ  མེད་པ  -ར  འབྱུང་བ 
གང་ཞིག  རྣམ་པ  -ར 	-འང 	འདི 	-ར 	འདི་སྐད་ཅེས 	གང་ཞིག 	རྣམ་པ 	-ར 	མི་རྟོག་ཀྱང 	ཡུལ་དང 	དུས 	ཐམས་ཅད་དུ 	bstod tshogs ka_.txt	-འང  འདི  -ར  འདི་སྐད་ཅེས  གང་ཞིག  རྣམ་པ  -ར  མི་རྟོག་ཀྱང  ཡུལ་དང  དུས  ཐམས་ཅད་དུ 
ཐུགས་རྗེ  རྣམ་པ ་གཉིས་ཀའིའོ 	ཐུགས 	རྗེ 	-འི 	སྤྱོད་པ་སྟེ 	ཐུགས་རྗེ 	རྣམ་པ	་གཉིས་ཀའིའོ 	།_། 	སྤྱོད་པ་ནི 	སྤྱོད་པ་སྟེ 	དེ་ཉིད 	bstod tshogs ka_.txt	ཐུགས  རྗེ  -འི  སྤྱོད་པ་སྟེ  ཐུགས་རྗེ  རྣམ་པ ་གཉིས་ཀའིའོ  །_།  སྤྱོད་པ་ནི  སྤྱོད་པ་སྟེ  དེ་ཉིད 
སྩོལ་བ་ཞེས  རྣམ་པ  -ར 	རྣམས་ཀྱི 	དངོས་གྲུབ 	ཡོངས་སུ 	གྲུབ་པ་དེ 	སྩོལ་བ་ཞེས 	རྣམ་པ 	-ར 	བཤད་པ 	-ར་བྱའོ 	།_། 	བདེ 	bstod tshogs ka_.txt	རྣམས་ཀྱི  དངོས་གྲུབ  ཡོངས་སུ  གྲུབ་པ་དེ  སྩོལ་བ་ཞེས  རྣམ་པ  -ར  བཤད་པ  -ར་བྱའོ  །_།  བདེ 
།_  རྣམ་པ  ཐམས་ཅད 	སུམ 	ཚོགས་པ 	ཐམས་ཅད་ཀྱི 	མཆོག་ནི 	།_ 	རྣམ་པ 	ཐམས་ཅད 	མཁྱེན་པ 	ཉིད 	ཕུན 	སུམ 	bstod tshogs ka_.txt	སུམ  ཚོགས་པ  ཐམས་ཅད་ཀྱི  མཆོག་ནི  །_  རྣམ་པ  ཐམས་ཅད  མཁྱེན་པ  ཉིད  ཕུན  སུམ 