 མེད་པ  -འང 						མེད་པ 	-འང 	_།_། 	འཁོར་བ 	-ར 	འོད་ནི 	bstod tshogs ka_.txt	     མེད་པ  -འང  _།_།  འཁོར་བ  -ར  འོད་ནི 
སྙིང་པོ  མེད་པ  -འི 	ཟ་བ 	-ར 	བྱེད་པ་ལྟར 	།_། 	སྙིང་པོ 	མེད་པ 	-འི 	འཁོར་བ་ལས 	།_། 	ཉོན་མོངས 	གཟེབ་དང 	bstod tshogs ka_.txt	ཟ་བ  -ར  བྱེད་པ་ལྟར  །_།  སྙིང་པོ  མེད་པ  -འི  འཁོར་བ་ལས  །_།  ཉོན་མོངས  གཟེབ་དང 
ས་བོན  མེད་པ  -ར 	འདྲ་བ 	-འི 	འབྲས་བུ་འབྱུང 	_།_། 	ས་བོན 	མེད་པ 	-ར 	འབྲས 	ཡོད་པར 	།_། 	ཤེས 	bstod tshogs ka_.txt	འདྲ་བ  -འི  འབྲས་བུ་འབྱུང  _།_།  ས་བོན  མེད་པ  -ར  འབྲས  ཡོད་པར  །_།  ཤེས 
མ  མེད་པ  -ར 	ཡོད་པ 	-འི་ཆུ 	།_། 	དྲི 	མ 	མེད་པ 	-ར 	གནས་པ་ལྟར 	།_། 	ཉོན་མོངས 	ནང་ན 	bstod tshogs ka_.txt	ཡོད་པ  -འི་ཆུ  །_།  དྲི  མ  མེད་པ  -ར  གནས་པ་ལྟར  །_།  ཉོན་མོངས  ནང་ན 
 མེད་པ  -ར་གནས 	ཡེ་ཤེས་ཀྱང 	_།_། 	དེ་བཞིན 	དྲི་མ 		མེད་པ 	-ར་གནས 	།_། 	ཆོས 	དབྱིངས་གང 	ཕྱིར 	bstod tshogs ka_.txt	ཡེ་ཤེས་ཀྱང  _།_།  དེ་བཞིན  དྲི་མ   མེད་པ  -ར་གནས  །_།  ཆོས  དབྱིངས་གང  ཕྱིར 
ཆགས་པ  མེད་པ  -འི 	བདག་ཅེས 	བརྟག 	པར་བྱ 	།_། 	ཆགས་པ 	མེད་པ 	-འི 	ཆོས 	ཀུན་ལ 	།_། 	བུད 	bstod tshogs ka_.txt	བདག་ཅེས  བརྟག  པར་བྱ  །_།  ཆགས་པ  མེད་པ  -འི  ཆོས  ཀུན་ལ  །_།  བུད 
རང་བཞིན  མེད་པ ་ཡིན 	སེམས་ནི 	སྦྱོང་བྱེད་པའི 	།_། 	ཆོས་ནི 	རང་བཞིན 	མེད་པ	་ཡིན 	།_། 	ཇི 	ལྟར 	སྦྲུམ་མ 	bstod tshogs ka_.txt	སེམས་ནི  སྦྱོང་བྱེད་པའི  །_།  ཆོས་ནི  རང་བཞིན  མེད་པ ་ཡིན  །_།  ཇི  ལྟར  སྦྲུམ་མ 
ཉིད་དེ  མེད་པ ་ལྟར 	རི་བོང 	མགོ་ཡི་རྭ 	།_། 	བརྟགས་པ 	ཉིད་དེ 	མེད་པ	་ལྟར 	།_། 	དེ 	བཞིན 	ཆོས 	bstod tshogs ka_.txt	རི་བོང  མགོ་ཡི་རྭ  །_།  བརྟགས་པ  ཉིད་དེ  མེད་པ ་ལྟར  །_།  དེ  བཞིན  ཆོས 
 མེད་པ  -འང 						མེད་པ 	-འང 	_།_། 	ཇི་ལྟར 	བདག་དང 	བདག 	bstod tshogs ka_.txt	     མེད་པ  -འང  _།_།  ཇི་ལྟར  བདག་དང  བདག 
མ  མེད་པ  -འི 	གཟུགས་ལ 	བརྟེན་ནས་ནི 	།_། 	དྲི 	མ 	མེད་པ 	-འི 	སྣང་བ 	འབྱུང 	_།_། 	སྐྱེ 	bstod tshogs ka_.txt	གཟུགས་ལ  བརྟེན་ནས་ནི  །_།  དྲི  མ  མེད་པ  -འི  སྣང་བ  འབྱུང  _།_།  སྐྱེ 
ཉིད  མེད་པ  -འི 	-འི 	ཤེས་པ་གསུམ 	།_། 	མཚན 	ཉིད 	མེད་པ 	-འི 	ཆོས་ཀྱི་དབྱིངས 	།_། 	རྟོག 	དང་བཅས་པ 	bstod tshogs ka_.txt	-འི  ཤེས་པ་གསུམ  །_།  མཚན  ཉིད  མེད་པ  -འི  ཆོས་ཀྱི་དབྱིངས  །_།  རྟོག  དང་བཅས་པ 
གཟུགས་སུ  མེད་པ  -འི་དཔེས 	དྲི་ལ 	བརྟེན་ནས་སྣོམ 	།_། 	དེ་ནི 	གཟུགས་སུ 	མེད་པ 	-འི་དཔེས 	།_། 	དེ 	བཞིན 	སྣ་ཡི 	bstod tshogs ka_.txt	དྲི་ལ  བརྟེན་ནས་སྣོམ  །_།  དེ་ནི  གཟུགས་སུ  མེད་པ  -འི་དཔེས  །_།  དེ  བཞིན  སྣ་ཡི 
གནས  མེད་པ  །_། 	།_། 	རྣམ 	པར 	ཤེས་པ 	གནས 	མེད་པ 	།_། 	དག་པ 	-འི 	ལུས་ཀྱི 	ངོ་བོ་དང 	bstod tshogs ka_.txt	།_།  རྣམ  པར  ཤེས་པ  གནས  མེད་པ  །_།  དག་པ  -འི  ལུས་ཀྱི  ངོ་བོ་དང 
རང་བཞིན  མེད་པ ་ཉིད 	སྤངས་ནས 	།_། 	ཆོས 	རྣམས 	རང་བཞིན 	མེད་པ	་ཉིད 	།_། 	ཆོས་ཀྱི 	དབྱིངས་སུ 	བསྒོམ་པ 	bstod tshogs ka_.txt	སྤངས་ནས  །_།  ཆོས  རྣམས  རང་བཞིན  མེད་པ ་ཉིད  །_།  ཆོས་ཀྱི  དབྱིངས་སུ  བསྒོམ་པ 
རྣམས་ནི  མེད་པ  -ར་བརྟགས 	བསྒྲིབས་པས 	།_། 	སངས 	རྒྱས 	རྣམས་ནི 	མེད་པ 	-ར་བརྟགས 	།_། 	དམན་དང 	བསོད་ནམས 	དམན་པ་ལ 	bstod tshogs ka_.txt	བསྒྲིབས་པས  །_།  སངས  རྒྱས  རྣམས་ནི  མེད་པ  -ར་བརྟགས  །_།  དམན་དང  བསོད་ནམས  དམན་པ་ལ 
དཔག་ཏུ  མེད་པ  -འི 	རོལ 	སེམས་ཅན 	ཁམས་ཀྱི་ཡང 	_།_། 	དཔག་ཏུ 	མེད་པ 	-འི 	བསྐལ་པ 	-ར་ནི 	།_། 	ཚེ་ཡང་གང་གིས 	bstod tshogs ka_.txt	རོལ  སེམས་ཅན  ཁམས་ཀྱི་ཡང  _།_།  དཔག་ཏུ  མེད་པ  -འི  བསྐལ་པ  -ར་ནི  །_།  ཚེ་ཡང་གང་གིས 
སྣང་བ  མེད་པ  -འི 	གང་གི 	འབྲས་བུ 	མི་ཟད་གང 	_།_། 	སྣང་བ 	མེད་པ 	-འི 	བྱེ་བྲག་གིས 	།_། 	ཤེས 	རབ 	bstod tshogs ka_.txt	གང་གི  འབྲས་བུ  མི་ཟད་གང  _།_།  སྣང་བ  མེད་པ  -འི  བྱེ་བྲག་གིས  །_།  ཤེས  རབ 
སྣང་བ  མེད་པ  -ར་ནི 	བསམ 	མི་བྱ 	།_། 	ཡུལ་དྲུག 	སྣང་བ 	མེད་པ 	-ར་ནི 	།_། 	ཡང 	དག 	ཇི་བཞིན 	bstod tshogs ka_.txt	བསམ  མི་བྱ  །_།  ཡུལ་དྲུག  སྣང་བ  མེད་པ  -ར་ནི  །_།  ཡང  དག  ཇི་བཞིན 
ས་བོན  མེད་པ  -ར་ནི 	-ར 	འདོད་པ་དེས 	།_། 	བུར་ཤིང 	ས་བོན 	མེད་པ 	-ར་ནི 	།_། 	ཁ 	ར 	འབྱུང་བ 	bstod tshogs ka_.txt	-ར  འདོད་པ་དེས  །_།  བུར་ཤིང  ས་བོན  མེད་པ  -ར་ནི  །_།  ཁ  ར  འབྱུང་བ 
མ  མེད་པ  -ར 	རྟག་ཏུ 	དྲི་མ་ཅན 	།_། 	དྲི 	མ 	མེད་པ 	-ར 	གང་དག་པ 	།_། 	དྲི 	མ 	bstod tshogs ka_.txt	རྟག་ཏུ  དྲི་མ་ཅན  །_།  དྲི  མ  མེད་པ  -ར  གང་དག་པ  །_།  དྲི  མ 
ཚད  མེད་པ ་ཡི 	མེད 	ཤེས་རབ 	རབ་གསལ་བས 	།_། 	ཚད 	མེད་པ	་ཡི 	མུན་པ་དག 	_། 	སེལ 	བར 	bstod tshogs ka_.txt	མེད  ཤེས་རབ  རབ་གསལ་བས  །_།  ཚད  མེད་པ ་ཡི  མུན་པ་དག  _།  སེལ  བར 
འབད་པ  མེད་པ  -ར 	དེ་ཡི 	སྐུ་ལས 	འོད་ཟེར་རྣམས 	།_། 	འབད་པ 	མེད་པ 	-ར 	འབྱུང་འགྱུར་ཏེ 	།_། 	རྨོངས་པ 	-འི 	bstod tshogs ka_.txt	དེ་ཡི  སྐུ་ལས  འོད་ཟེར་རྣམས  །_།  འབད་པ  མེད་པ  -ར  འབྱུང་འགྱུར་ཏེ  །_།  རྨོངས་པ  -འི 
མ  མེད་པ  -ར 	མྱ་ངན 	འདས་པ་ཉིད 	།_། 	དྲི 	མ 	མེད་པ 	-ར 	སེམས 	གྱུར་པའོ 	།_། 	སེམས 	bstod tshogs ka_.txt	མྱ་ངན  འདས་པ་ཉིད  །_།  དྲི  མ  མེད་པ  -ར  སེམས  གྱུར་པའོ  །_།  སེམས 
 མེད་པ འི 						མེད་པ	འི 	།_། 	ངོ་བོ 	དེ་ཡང་དེ 	སྤྱོད་ཡུལ 	bstod tshogs ka_.txt	     མེད་པ འི  །_།  ངོ་བོ  དེ་ཡང་དེ  སྤྱོད་ཡུལ 
མ  མེད་པ  -འི 	དྲི་མེད 	ཆོས་ཀྱི་སྐུ 	།_། 	དྲི 	མ 	མེད་པ 	-འི 	ཆོས་སྐུ་ལ 	།_། 	ཡེ 	ཤེས་རྒྱ 	bstod tshogs ka_.txt	དྲི་མེད  ཆོས་ཀྱི་སྐུ  །_།  དྲི  མ  མེད་པ  -འི  ཆོས་སྐུ་ལ  །_།  ཡེ  ཤེས་རྒྱ 
དཔེ  མེད་པ  -ར 	རྒྱལ་བ 	-ས 	བསྒྱུར་བའོ 	།།_༄༅།_། 	དཔེ 	མེད་པ 	-ར 	བསྟོད་པ 	།༄༅༅།_། 	རྒྱ 	གར 	bstod tshogs ka_.txt	རྒྱལ་བ  -ས  བསྒྱུར་བའོ  །།_༄༅།_།  དཔེ  མེད་པ  -ར  བསྟོད་པ  །༄༅༅།_།  རྒྱ  གར 
དཔེ  མེད་པ  -ར 	།_ 	བོད 	སྐད་དུ 	།_ 	དཔེ 	མེད་པ 	-ར 	བསྟོད་པ 	།_ 	འཇམ 	དཔལ་གཞོན 	bstod tshogs ka_.txt	།_  བོད  སྐད་དུ  །_  དཔེ  མེད་པ  -ར  བསྟོད་པ  །_  འཇམ  དཔལ་གཞོན 
དངོས་པོ  མེད་པ  -འི 	འདི་ལ 	ཕན 	བརྩོན་ཁྱོད 	།_། 	དངོས་པོ 	མེད་པ 	-འི 	དོན 	རིག་པས 	།_། 	དཔེ 	bstod tshogs ka_.txt	འདི་ལ  ཕན  བརྩོན་ཁྱོད  །_།  དངོས་པོ  མེད་པ  -འི  དོན  རིག་པས  །_།  དཔེ 
བླ་ན  མེད་པ  -འི 	མཉམ་པ 	ཉིད་ཀྱི 	ལྟ་བ་ཡིས 	།_། 	བླ་ན 	མེད་པ 	-འི 	གོ་འཕང་བརྙེས 	།_། 	འཁོར་བ 	སྤངས་པ 	bstod tshogs ka_.txt	མཉམ་པ  ཉིད་ཀྱི  ལྟ་བ་ཡིས  །_།  བླ་ན  མེད་པ  -འི  གོ་འཕང་བརྙེས  །_།  འཁོར་བ  སྤངས་པ 
-ར  མེད་པ  །_། 	དབྱིངས 	མངོན་པ 	-ར 	དབྱེ 	-ར 	མེད་པ 	།_། 	ཀུན་དུ 	རྣམ་པ 	-ར 	དག་པ 	bstod tshogs ka_.txt	དབྱིངས  མངོན་པ  -ར  དབྱེ  -ར  མེད་པ  །_།  ཀུན་དུ  རྣམ་པ  -ར  དག་པ 
སྨད་པ  མེད་པ  ཁྱོད་ཀྱིས་རྟོགས 	འཕོ་དང 	འཇིག་པ་རྣམ 	སྤངས་པ 	།_། 	སྨད་པ 	མེད་པ 	ཁྱོད་ཀྱིས་རྟོགས 	།_། 	རྟག་དང 	ཆད་པ་དང 	བྲལ་ཞིང 	bstod tshogs ka_.txt	འཕོ་དང  འཇིག་པ་རྣམ  སྤངས་པ  །_།  སྨད་པ  མེད་པ  ཁྱོད་ཀྱིས་རྟོགས  །_།  རྟག་དང  ཆད་པ་དང  བྲལ་ཞིང 
དཔེ  མེད་པ  -ར 	ཆོས་ཀྱི 	སྣོད 	གྱུར་ཅིག 	_། 	དཔེ 	མེད་པ 	-ར 	བསྟོད་པ 	སློབ་དཔོན 	འཕགས་པ 	ཀླུ་སྒྲུབ་ཀྱིས 	bstod tshogs ka_.txt	ཆོས་ཀྱི  སྣོད  གྱུར་ཅིག  _།  དཔེ  མེད་པ  -ར  བསྟོད་པ  སློབ་དཔོན  འཕགས་པ  ཀླུ་སྒྲུབ་ཀྱིས 
ཅན  མེད་པ  -ར 	ཙམ་ལས 	གྲོལ་བ་ཡི 	།_། 	སེམས 	ཅན 	མེད་པ 	-ར 	ཁྱོད 	བཞེད་ལ 	།_། 	སེམས 	bstod tshogs ka_.txt	ཙམ་ལས  གྲོལ་བ་ཡི  །_།  སེམས  ཅན  མེད་པ  -ར  ཁྱོད  བཞེད་ལ  །_།  སེམས 
དེ  མེད་པ  -ར་ནི 	རྒྱུ་ལ 	-ས 	བྱུང་བ་རྣམས 	།_། 	དེ 	མེད་པ 	-ར་ནི 	ཡོད 	མིན་པས 	།_། 	གཟུགས 	bstod tshogs ka_.txt	རྒྱུ་ལ  -ས  བྱུང་བ་རྣམས  །_།  དེ  མེད་པ  -ར་ནི  ཡོད  མིན་པས  །_།  གཟུགས 
བྱ  མེད་པ  -ར་དེ 	ཁྱོད་ཀྱིས 	དེ་ལྟར་གསུངས 	།_། 	ཚོར 	བྱ 	མེད་པ 	-ར་དེ 	མེད་པས 	།_། 	ཚོར་བ 	ཉིད་ནི 	bstod tshogs ka_.txt	ཁྱོད་ཀྱིས  དེ་ལྟར་གསུངས  །_།  ཚོར  བྱ  མེད་པ  -ར་དེ  མེད་པས  །_།  ཚོར་བ  ཉིད་ནི 
 མེད་པ ས 						མེད་པ	ས 	།_། 	ཚོར་བ 	དེ་ཡང 	རང་བཞིན་གྱིས 	bstod tshogs ka_.txt	     མེད་པ ས  །_།  ཚོར་བ  དེ་ཡང  རང་བཞིན་གྱིས 
ཤེས་པ  མེད་པ  -ར 	ཚིག་གི 	བདག་པོ 	ཁྱོད་ཀྱིས་གསུང 	།_། 	ཤེས་པ 	མེད་པ 	-ར 	ཤེས་བྱ་མིན 	།_། 	དེ 	མེད 	bstod tshogs ka_.txt	ཚིག་གི  བདག་པོ  ཁྱོད་ཀྱིས་གསུང  །_།  ཤེས་པ  མེད་པ  -ར  ཤེས་བྱ་མིན  །_།  དེ  མེད 
མཚན་ཉིད  མེད་པ  -ར་འགྱུར 	ཉིད་ན 	།_། 	མཚོན 	བྱ 	མཚན་ཉིད 	མེད་པ 	-ར་འགྱུར 	།_། 	ཐ 	དད 	མིན 	bstod tshogs ka_.txt	ཉིད་ན  །_།  མཚོན  བྱ  མཚན་ཉིད  མེད་པ  -ར་འགྱུར  །_།  ཐ  དད  མིན 
།_།  མེད་པ  -འང 	དངོས་པོ 	ཡོད་པ 	ཉིད 	མི་སྐྱེ 	།_། 	མེད་པ 	-འང 	མ་ཡིན 	ཡོད་མེད་མིན 	།_། 	བདག 	bstod tshogs ka_.txt	དངོས་པོ  ཡོད་པ  ཉིད  མི་སྐྱེ  །_།  མེད་པ  -འང  མ་ཡིན  ཡོད་མེད་མིན  །_།  བདག 
།_།  མེད་པ  མི 	འཇིག 	པར 	འགྱུར་བ 	མ་ཡིན་ནོ 	།_། 	མེད་པ 	མི 	གནས་པ 	-ར 	རིགས་པས 	།_། 	bstod tshogs ka_.txt	འཇིག  པར  འགྱུར་བ  མ་ཡིན་ནོ  །_།  མེད་པ  མི  གནས་པ  -ར  རིགས་པས  །_། 
རྒྱུ  མེད་པ  -ར་ནི 	བྱས་དང་གཉིས 	ཀ 	-ས་བྱས 	།_། 	རྒྱུ 	མེད་པ 	-ར་ནི 	རྟོག་གེ་འདོད 	།_། 	ཁྱོད་ཀྱིས 	རྟེན་ནས 	bstod tshogs ka_.txt	བྱས་དང་གཉིས  ཀ  -ས་བྱས  །_།  རྒྱུ  མེད་པ  -ར་ནི  རྟོག་གེ་འདོད  །_།  ཁྱོད་ཀྱིས  རྟེན་ནས 
རྟོག  མེད་པ  ཐར་པ་ཡིན 	ཙམ 	ཉིད་དེ 	།_། 	རྣམ 	རྟོག 	མེད་པ 	ཐར་པ་ཡིན 	།_། 	དེ 	བས 	ཀུན་གྱིས 	bstod tshogs ka_.txt	ཙམ  ཉིད་དེ  །_།  རྣམ  རྟོག  མེད་པ  ཐར་པ་ཡིན  །_།  དེ  བས  ཀུན་གྱིས 
སྐྱེ་བ  མེད་པ  -འི 	ཆེན་པོ 	-ས 	བདག་གིས་བསྟོད 	།_། 	སྐྱེ་བ 	མེད་པ 	-འི 	ངོ་བོ་ཡིས 	།_། 	ཁྱོད་ལ 	སྐྱེ་བ 	bstod tshogs ka_.txt	ཆེན་པོ  -ས  བདག་གིས་བསྟོད  །_།  སྐྱེ་བ  མེད་པ  -འི  ངོ་བོ་ཡིས  །_།  ཁྱོད་ལ  སྐྱེ་བ 
ཚད  མེད་པ ་ཡི 	ཟླུམ་པ 	མ 	ལགས་ལ 	།_། 	ཚད 	མེད་པ	་ཡི 	དངོས 	བརྙེས་པ 	།_། 	ཚད 	bstod tshogs ka_.txt	ཟླུམ་པ  མ  ལགས་ལ  །_།  ཚད  མེད་པ ་ཡི  དངོས  བརྙེས་པ  །_།  ཚད 
དབུས  མེད་པ  །_། 	སྤངས་ཤིང 	།_། 	གང་ལ 	མཐའ་དང 	དབུས 	མེད་པ 	།_། 	གཟུང་དང 	འཛིན་པ 	མི 	མངའ་བ 	bstod tshogs ka_.txt	སྤངས་ཤིང  །_།  གང་ལ  མཐའ་དང  དབུས  མེད་པ  །_།  གཟུང་དང  འཛིན་པ  མི  མངའ་བ 
དངོས་པོ  མེད་པ  མ་ཡིན 	གྱུར་པ 	།_། 	དངོས 	མིན 	དངོས་པོ 	མེད་པ 	མ་ཡིན 	མཁའ 	ལྟར 	རོ་གཅིག 	རྟོགས་པ 	bstod tshogs ka_.txt	གྱུར་པ  །_།  དངོས  མིན  དངོས་པོ  མེད་པ  མ་ཡིན  མཁའ  ལྟར  རོ་གཅིག  རྟོགས་པ 
 མེད་པ  །_། 						མེད་པ 	།_། 	སོ་སོ 	རང་རིག 	རྒྱལ་བ 	རྣམས་ཀྱི 	bstod tshogs ka_.txt	     མེད་པ  །_།  སོ་སོ  རང་རིག  རྒྱལ་བ  རྣམས་ཀྱི 
འབྲེལ་པ  མེད་པ  དག་ལ་ནི་སོ 	བརྗོད་པ་དང 	།_ 	དགོས་པ་དང 	།_ 	འབྲེལ་པ 	མེད་པ 	དག་ལ་ནི་སོ 	སོར་རྟོག་པ་སྔོན་དུ 	གཏོང་བ 	དག 	ལེན་པ 	bstod tshogs ka_.txt	བརྗོད་པ་དང  །_  དགོས་པ་དང  །_  འབྲེལ་པ  མེད་པ  དག་ལ་ནི་སོ  སོར་རྟོག་པ་སྔོན་དུ  གཏོང་བ  དག  ལེན་པ 
ཐབས  མེད་པ  -ར 	ཕྱིར 	དགོས་པ 	བསྟན་ཏོ 	།_། 	ཐབས 	མེད་པ 	-ར 	དོགས་པ 	བསལ་བ 	-འི 	ཕྱིར 	bstod tshogs ka_.txt	ཕྱིར  དགོས་པ  བསྟན་ཏོ  །_།  ཐབས  མེད་པ  -ར  དོགས་པ  བསལ་བ  -འི  ཕྱིར 
 མེད་པ  དག་ལ 						མེད་པ 	དག་ལ 	ཇི་ལྟར 	འཇུག་པ 	-ར་འགྱུར 	།_། 	bstod tshogs ka_.txt	     མེད་པ  དག་ལ  ཇི་ལྟར  འཇུག་པ  -ར་འགྱུར  །_། 
གཉིས་ནི་གཉིས  མེད་པ  ཉིད་དོ 	དུ་མ་ནི 	གཅིག་དང 	དུ་མ་སྟེ 	།_ 	གཉིས་ནི་གཉིས 	མེད་པ 	ཉིད་དོ 	།_། 	དུ 	མ་ནི 	མང་པོ 	bstod tshogs ka_.txt	དུ་མ་ནི  གཅིག་དང  དུ་མ་སྟེ  །_  གཉིས་ནི་གཉིས  མེད་པ  ཉིད་དོ  །_།  དུ  མ་ནི  མང་པོ 
ཆད་པ  མེད་པ  -འི 	ནམ 	མཁའ 	ལྟར 	ཡོངས་སུ 	ཆད་པ 	མེད་པ 	-འི 	ངོ་བོ 	ཉིད་དོ 	།_། 	ཆོས 	bstod tshogs ka_.txt	ནམ  མཁའ  ལྟར  ཡོངས་སུ  ཆད་པ  མེད་པ  -འི  ངོ་བོ  ཉིད་དོ  །_།  ཆོས 
ཐ་མ  མེད་པ  སྟོང་པ 	བྲལ་བ 	-འི 	ངོ་བོ 	ཐོག་མ་དང 	ཐ་མ 	མེད་པ 	སྟོང་པ 	ཉིད་དུ 	བཤད་ན 	།_ 	ཇི 	bstod tshogs ka_.txt	བྲལ་བ  -འི  ངོ་བོ  ཐོག་མ་དང  ཐ་མ  མེད་པ  སྟོང་པ  ཉིད་དུ  བཤད་ན  །_  ཇི 
ཐ་མ  མེད་པ  -འི 	བག་ཆགས་དང 	ཆོས་ཀྱི 	དབྱིངས 	ཐོག་མ་དང 	ཐ་མ 	མེད་པ 	-འི 	ངོ་བོ 	དེ་ཡང 	མ་རིག་པ 	-འི 	bstod tshogs ka_.txt	བག་ཆགས་དང  ཆོས་ཀྱི  དབྱིངས  ཐོག་མ་དང  ཐ་མ  མེད་པ  -འི  ངོ་བོ  དེ་ཡང  མ་རིག་པ  -འི 
དེ  མེད་པ  -ར 	དངོས་པོ་ནི 	གཟུགས་སུ 	ཡོད་པའོ 	།_། 	དེ 	མེད་པ 	-ར 	གྱུར་པ་ནི 	དངོས་པོ 	མེད་པ་སྟེ 	།_ 	bstod tshogs ka_.txt	དངོས་པོ་ནི  གཟུགས་སུ  ཡོད་པའོ  །_།  དེ  མེད་པ  -ར  གྱུར་པ་ནི  དངོས་པོ  མེད་པ་སྟེ  །_ 
ཡོད་པ་དང  མེད་པ ་དང 	མ་ཡིན 	།_། 	ཞེས 	བྱ་བ་སྟེ 	ཡོད་པ་དང 	མེད་པ	་དང 	དབུས་ལས 	འདས་པ 	-ར 	གྱུར་པའོ 	bstod tshogs ka_.txt	མ་ཡིན  །_།  ཞེས  བྱ་བ་སྟེ  ཡོད་པ་དང  མེད་པ ་དང  དབུས་ལས  འདས་པ  -ར  གྱུར་པའོ 
དངོས་པོ  མེད་པ  གཉི་ག་དང 	རང་བཞིན 	ཅན་ཏེ 	།_ 	དངོས་པོ་དང 	དངོས་པོ 	མེད་པ 	གཉི་ག་དང 	གཞན་ལས 	བཙལ་བ་དང 	བྲལ་བ 	ཉིད་དོ 	bstod tshogs ka_.txt	རང་བཞིན  ཅན་ཏེ  །_  དངོས་པོ་དང  དངོས་པོ  མེད་པ  གཉི་ག་དང  གཞན་ལས  བཙལ་བ་དང  བྲལ་བ  ཉིད་དོ 
 མེད་པ ་སྟེ 	།_། 	དེ 	བས་ན 	གོས་པ 		མེད་པ	་སྟེ 	།_ 	འདོད 	ཆགས་ལ 	སོགས་པ 	bstod tshogs ka_.txt	།_།  དེ  བས་ན  གོས་པ   མེད་པ ་སྟེ  །_  འདོད  ཆགས་ལ  སོགས་པ 
མཚུངས་པ  མེད་པ འོ 	གྱུར་པའོ 	།_། 	མི 	མཉམ་པ་ནི 	མཚུངས་པ 	མེད་པ	འོ 	།_། 	མཉམ་པ་ནི 	ཆོས 	ཐམས་ཅད་ཀྱི 	bstod tshogs ka_.txt	གྱུར་པའོ  །_།  མི  མཉམ་པ་ནི  མཚུངས་པ  མེད་པ འོ  །_།  མཉམ་པ་ནི  ཆོས  ཐམས་ཅད་ཀྱི 
སྤྲོས་པ  མེད་པ ་ནི 	སོང་བ 	-ར 	གྱུར་པའོ 	།_། 	སྤྲོས་པ 	མེད་པ	་ནི 	སྤྲོས་པ 	ཐམས་ཅད་དང 	བྲལ་བ 	-ར 	bstod tshogs ka_.txt	སོང་བ  -ར  གྱུར་པའོ  །_།  སྤྲོས་པ  མེད་པ ་ནི  སྤྲོས་པ  ཐམས་ཅད་དང  བྲལ་བ  -ར 
དཔེ  མེད་པ ་ནི 	བདེ་བ 	དྲིས་པ 	བཞིན་ནོ 	།_། 	དཔེ 	མེད་པ	་ནི 	དཔེ་ལས 	འདས་པ 	-ར 	གྱུར་པ་སྟེ 	bstod tshogs ka_.txt	བདེ་བ  དྲིས་པ  བཞིན་ནོ  །_།  དཔེ  མེད་པ ་ནི  དཔེ་ལས  འདས་པ  -ར  གྱུར་པ་སྟེ 
གཟུགས  མེད་པ ་སྟེ 	བྱ་བ་སྟེ 	།_ 	འདོད་པ་དང 	གཟུགས་དང 	གཟུགས 	མེད་པ	་སྟེ 	སྲིད་པ་གསུམ་གྱི 	སེམས་ཅན 	རྣམས་ཀྱི 	སྐྱེ་བ་ལ 	bstod tshogs ka_.txt	བྱ་བ་སྟེ  །_  འདོད་པ་དང  གཟུགས་དང  གཟུགས  མེད་པ ་སྟེ  སྲིད་པ་གསུམ་གྱི  སེམས་ཅན  རྣམས་ཀྱི  སྐྱེ་བ་ལ 
ཆད་པ  མེད་པ  -ར 	ལྡན་པའོ 	།_། 	དེ 	ཡོངས་སུ 	ཆད་པ 	མེད་པ 	-ར 	བསགས་པ་ནི 	དཔག་ཏུ 	མེད་པ་སྟེ 	།_ 	bstod tshogs ka_.txt	ལྡན་པའོ  །_།  དེ  ཡོངས་སུ  ཆད་པ  མེད་པ  -ར  བསགས་པ་ནི  དཔག་ཏུ  མེད་པ་སྟེ  །_ 
དཔག་ཏུ  མེད་པ ་ལས 	ནམ 	-ས་དང 	ཡེ་ཤེས 	ཆེན་པོ 	དཔག་ཏུ 	མེད་པ	་ལས 	བྱུང་བ་ནི 	དེ་ལས 	སྐྱེས་པའོ 	།_། 	bstod tshogs ka_.txt	ནམ  -ས་དང  ཡེ་ཤེས  ཆེན་པོ  དཔག་ཏུ  མེད་པ ་ལས  བྱུང་བ་ནི  དེ་ལས  སྐྱེས་པའོ  །_། 
ལྷག་མ  མེད་པ  དག 	རེག་ནས 	འགྲོ་བ 	མ 	ལུས་ཤིང 	ལྷག་མ 	མེད་པ 	དག 	བྱང་ཆུབ་ཀྱི་ལམ་ལ 	འཛུད་པ་སྟེ 	།_ 	བྱང 	bstod tshogs ka_.txt	རེག་ནས  འགྲོ་བ  མ  ལུས་ཤིང  ལྷག་མ  མེད་པ  དག  བྱང་ཆུབ་ཀྱི་ལམ་ལ  འཛུད་པ་སྟེ  །_  བྱང 
སྐྱོ་བ  མེད་པ  -ར 	སྐྱོ 	ཐོས 	བགྱིད་ལ 	།_། 	སྐྱོ་བ 	མེད་པ 	-ར 	ལུས 	འདི་ལས་ནི 	སྙིང་པོ 	དག་ནི 	bstod tshogs ka_.txt	སྐྱོ  ཐོས  བགྱིད་ལ  །_།  སྐྱོ་བ  མེད་པ  -ར  ལུས  འདི་ལས་ནི  སྙིང་པོ  དག་ནི 
 མེད་པ འི 						མེད་པ	འི 	།_། 	བདག 	ཉིད 	ཆེན་པོ 	bstod tshogs ka_.txt	     མེད་པ འི  །_།  བདག  ཉིད  ཆེན་པོ 
 མེད་པ  །_། 						མེད་པ 	།_། 	ཀུན་གྱིས 	མ་སྨད་པ 	ཁྱོད་ཀྱི 	།_། 	bstod tshogs ka_.txt	     མེད་པ  །_།  ཀུན་གྱིས  མ་སྨད་པ  ཁྱོད་ཀྱི  །_། 
གཞན་དག  མེད་པ  -ར་ངེས 	-འི་ལམ 	།_། 	དེ 	ལྟར 	གཞན་དག 	མེད་པ 	-ར་ངེས 	།_། 	ལུས 	ཅན 	རྣམས་ལ 	bstod tshogs ka_.txt	-འི་ལམ  །_།  དེ  ལྟར  གཞན་དག  མེད་པ  -ར་ངེས  །_།  ལུས  ཅན  རྣམས་ལ 
ངོ་བོ  མེད་པ  ཉིད་དུ་གསུངས 	གང་ཞིག 	དངོས་པོ 	རྟེན་འབྱུང་རྣམས 	།_། 	ངོ་བོ 	མེད་པ 	ཉིད་དུ་གསུངས 	།_། 	ཡེ 	ཤེས 	མཉམ་མེད 	bstod tshogs ka_.txt	གང་ཞིག  དངོས་པོ  རྟེན་འབྱུང་རྣམས  །_།  ངོ་བོ  མེད་པ  ཉིད་དུ་གསུངས  །_།  ཡེ  ཤེས  མཉམ་མེད 
 མེད་པ  །_། 						མེད་པ 	།_། 	དེ 	ཚེ 	དངོས 	རྣམས 	bstod tshogs ka_.txt	     མེད་པ  །_།  དེ  ཚེ  དངོས  རྣམས 
ཉིད  མེད་པ  -ར 	ཁྱོད་ཀྱིས 	གཟུགས་ལ་སོགས 	།_། 	ངོ་བོ 	ཉིད 	མེད་པ 	-ར 	བསྟན་པ 	།_། 	དབུ 	བ་ཆུ 	bstod tshogs ka_.txt	ཁྱོད་ཀྱིས  གཟུགས་ལ་སོགས  །_།  ངོ་བོ  ཉིད  མེད་པ  -ར  བསྟན་པ  །_།  དབུ  བ་ཆུ 
གཞི  མེད་པ ་དང 	ཀ 	མ་ཡིན 	ཅི་ཡང་མེད 	།_། 	གཞི 	མེད་པ	་དང 	མི 	གསལ་དང 	_།_། 	བསམ 	bstod tshogs ka_.txt	ཀ  མ་ཡིན  ཅི་ཡང་མེད  །_།  གཞི  མེད་པ ་དང  མི  གསལ་དང  _།_།  བསམ 
རྟག  མེད་པ  །_། 	འགག་དང 	_།_། 	ཆད་པ 	མེད་ཅིང 	རྟག 	མེད་པ 	།_། 	དེ་ནི 	ནམ་མཁའ 	འདྲ་བ་ལགས 	།_། 	bstod tshogs ka_.txt	འགག་དང  _།_།  ཆད་པ  མེད་ཅིང  རྟག  མེད་པ  །_།  དེ་ནི  ནམ་མཁའ  འདྲ་བ་ལགས  །_། 
དེ  མེད་པ  -ར་ཡང 	རྣམས་ལས 	སྟོང 	གཞན་མིན 	།_། 	དེ 	མེད་པ 	-ར་ཡང 	དངོས་པོ་མེད 	།_། 	དེ 	ཕྱིར 	bstod tshogs ka_.txt	རྣམས་ལས  སྟོང  གཞན་མིན  །_།  དེ  མེད་པ  -ར་ཡང  དངོས་པོ་མེད  །_།  དེ  ཕྱིར 
དངོས་པོ  མེད་པ ་ཉིད 	-འང་ལགས 	།_། 	བརྟགས་པ 	-འི 	དངོས་པོ 	མེད་པ	་ཉིད 	།_། 	གཞན་གྱི 	དབང་ནི 	ཡོད 	bstod tshogs ka_.txt	-འང་ལགས  །_།  བརྟགས་པ  -འི  དངོས་པོ  མེད་པ ་ཉིད  །_།  གཞན་གྱི  དབང་ནི  ཡོད 
ཉིད་ཀྱང  མེད་པ  -ར་བཤད 	-ས 	ཆད་པ་མེད 	།_། 	རྟག་པ 	ཉིད་ཀྱང 	མེད་པ 	-ར་བཤད 	།_། 	འགྲོ་བ 	དངོས་པོ 	-ས 	bstod tshogs ka_.txt	-ས  ཆད་པ་མེད  །_།  རྟག་པ  ཉིད་ཀྱང  མེད་པ  -ར་བཤད  །_།  འགྲོ་བ  དངོས་པོ  -ས 
རྟག་པ  མེད་པ  -ར་གསུངས 	ཐམས་ཅད་ཀྱང 	_།_། 	ཆད 	མེད 	རྟག་པ 	མེད་པ 	-ར་གསུངས 	།_། 	གང 	ལ་རྫས་ཤིག 	སྐྱེ 	bstod tshogs ka_.txt	ཐམས་ཅད་ཀྱང  _།_།  ཆད  མེད  རྟག་པ  མེད་པ  -ར་གསུངས  །_།  གང  ལ་རྫས་ཤིག  སྐྱེ 
ངོ་བོ  མེད་པ  ཉིད 	-འི 	ཆོས་ནི 	བསྟན་པ་ལགས 	།_། 	ངོ་བོ 	མེད་པ 	ཉིད 	བསྟན་པ 	།_། 	དེ་ནི 	ཡང་དག 	bstod tshogs ka_.txt	-འི  ཆོས་ནི  བསྟན་པ་ལགས  །_།  ངོ་བོ  མེད་པ  ཉིད  བསྟན་པ  །_།  དེ་ནི  ཡང་དག 
།_།  མེད་པ  ཉིད 	།_། 	ཁྱོད་ལ 	བརྟེན་ནས 	ཡོད་པ་དང 	།_། 	མེད་པ 	ཉིད 	ལ 	-འང 	རྟེན 	མ་ལགས 	bstod tshogs ka_.txt	།_།  ཁྱོད་ལ  བརྟེན་ནས  ཡོད་པ་དང  །_།  མེད་པ  ཉིད  ལ  -འང  རྟེན  མ་ལགས 
བླ་ན  མེད་པ  -འི 	ཞལ་སྔ་ནས 	མཛད་པ 	རྫོགས་སོ 	།།_།།༄༅།_། 	བླ་ན 	མེད་པ 	-འི 	བསྟོད་པ 	།༄༅༅།_། 	རྒྱ 	གར 	bstod tshogs ka_.txt	ཞལ་སྔ་ནས  མཛད་པ  རྫོགས་སོ  །།_།།༄༅།_།  བླ་ན  མེད་པ  -འི  བསྟོད་པ  །༄༅༅།_།  རྒྱ  གར 
བླ་ན  མེད་པ  -འི 	།_ 	བོད 	སྐད་དུ 	།_ 	བླ་ན 	མེད་པ 	-འི 	བསྟོད་པ 	།_ 	འཇམ 	དཔལ་གཞོན 	bstod tshogs ka_.txt	།_  བོད  སྐད་དུ  །_  བླ་ན  མེད་པ  -འི  བསྟོད་པ  །_  འཇམ  དཔལ་གཞོན 
 མེད་པ  །_། 						མེད་པ 	།_། 	བླ 	མེད་དེ་ལ 	ཕྱག 	འཚལ་ལོ 	bstod tshogs ka_.txt	     མེད་པ  །_།  བླ  མེད་དེ་ལ  ཕྱག  འཚལ་ལོ 
བླ་ན  མེད་པ  -འི 	མེད་དེ་ལ 	ཕྱག 	འཚལ་ལོ 	།_། 	བླ་ན 	མེད་པ 	-འི 	བསྟོད་པ 	སློབ་དཔོན 	ཆེན་པོ 	འཕགས་པ 	bstod tshogs ka_.txt	མེད་དེ་ལ  ཕྱག  འཚལ་ལོ  །_།  བླ་ན  མེད་པ  -འི  བསྟོད་པ  སློབ་དཔོན  ཆེན་པོ  འཕགས་པ 
བླ་ན  མེད་པ  -ར་བབས 	ལྷ 	རྣམས 	གནས 	གཤེགས 	བླ་ན 	མེད་པ 	-ར་བབས 	།_། 	ཞབས་ལ 	ཚངས་དབང 	ཅོད་པན་གྱིས 	bstod tshogs ka_.txt	ལྷ  རྣམས  གནས  གཤེགས  བླ་ན  མེད་པ  -ར་བབས  །_།  ཞབས་ལ  ཚངས་དབང  ཅོད་པན་གྱིས 
 མེད་པ  -ར 						མེད་པ 	-ར 	མཛད་ལ 	ཕྱག 	འཚལ་ལོ 	།_། 	bstod tshogs ka_.txt	     མེད་པ  -ར  མཛད་ལ  ཕྱག  འཚལ་ལོ  །_། 
རྟེན  མེད་པ  །_། 	ཚེར་མ་ཡི 	།_། 	ལྗོན་ཤིང 	མང་པོ 	རྟེན 	མེད་པ 	།_། 	དེ་ན 	བདག་གིས་ལམ 	མ་མཐོང 	།_། 	bstod tshogs ka_.txt	ཚེར་མ་ཡི  །_།  ལྗོན་ཤིང  མང་པོ  རྟེན  མེད་པ  །_།  དེ་ན  བདག་གིས་ལམ  མ་མཐོང  །_། 
ཉེས་པ  མེད་པ  -ར 	གཤེགས 	ཀྱེ 	བདག་ལ་སྐྱོབས 	།_། 	ཉེས་པ 	མེད་པ 	-ར 	ཕྱུགས 	རྣམས་དང 	།_། 	རི 	bstod tshogs ka_.txt	གཤེགས  ཀྱེ  བདག་ལ་སྐྱོབས  །_།  ཉེས་པ  མེད་པ  -ར  ཕྱུགས  རྣམས་དང  །_།  རི 
 མེད་པ  -འི 						མེད་པ 	-འི 	འཁོར་བ་ཡི 	།_། 	རྒྱ 	མཚོ 	bstod tshogs ka_.txt	     མེད་པ  -འི  འཁོར་བ་ཡི  །_།  རྒྱ  མཚོ 
སྐྱོན་ནི  མེད་པ  -ར་གྲུབ 	མི 	སྨོད་ཕྱིར 	།_། 	ཐུབ་པ 	སྐྱོན་ནི 	མེད་པ 	-ར་གྲུབ 	།_། 	བདེ 	བར 	གྲགས་པ 	bstod tshogs ka_.txt	མི  སྨོད་ཕྱིར  །_།  ཐུབ་པ  སྐྱོན་ནི  མེད་པ  -ར་གྲུབ  །_།  བདེ  བར  གྲགས་པ 
སྙིང་རྗེ  མེད་པ ་ནི 	བྱ་བ་སྟེ 	ལེའུ་དང་པོའོ 	།།_།། 	བདེ་ནས 	སྙིང་རྗེ 	མེད་པ	་ནི 	།_། 	སྤྱོད་དམ 	མི 	སྤྱོད་རྣམ 	bstod tshogs ka_.txt	བྱ་བ་སྟེ  ལེའུ་དང་པོའོ  །།_།།  བདེ་ནས  སྙིང་རྗེ  མེད་པ ་ནི  །_།  སྤྱོད་དམ  མི  སྤྱོད་རྣམ 
འབྲེལ་པ  མེད་པ  -འི 	མ 	འདྲིས 	མཛའ་བཤེས་ཏེ 	།_། 	འབྲེལ་པ 	མེད་པ 	-འི 	གཉེན་འདུན་ལགས 	།_། 	སྦྱིན་པ 	-འི 	bstod tshogs ka_.txt	མ  འདྲིས  མཛའ་བཤེས་ཏེ  །_།  འབྲེལ་པ  མེད་པ  -འི  གཉེན་འདུན་ལགས  །_།  སྦྱིན་པ  -འི 
སེམས་ནི  མེད་པ ་སྟེ 	།_། 	སྙིང 	རྗེ 	-འི 	སེམས་ནི 	མེད་པ	་སྟེ 	།_། 	སྡུག 	བསྔལ 	འཇིགས་སམ་བདེ 	bstod tshogs ka_.txt	།_།  སྙིང  རྗེ  -འི  སེམས་ནི  མེད་པ ་སྟེ  །_།  སྡུག  བསྔལ  འཇིགས་སམ་བདེ 
ཕུན་ཚོགས  མེད་པ  -འི་ཕྱིར 	རྫོགས་དང 	།_། 	རང 	སྦྱོར 	ཕུན་ཚོགས 	མེད་པ 	-འི་ཕྱིར 	།_། 	བསམ་པ 	རྣམ་པ 	-ར 	bstod tshogs ka_.txt	རྫོགས་དང  །_།  རང  སྦྱོར  ཕུན་ཚོགས  མེད་པ  -འི་ཕྱིར  །_།  བསམ་པ  རྣམ་པ  -ར 
 མེད་པ  །_། 						མེད་པ 	།_། 	གང་གི 	ཤེས་རབ་ཀྱིས་ནི་བསལ 	།_། 	ཐུགས་ནི 	bstod tshogs ka_.txt	     མེད་པ  །_།  གང་གི  ཤེས་རབ་ཀྱིས་ནི་བསལ  །_།  ཐུགས་ནི 
གྲངས  མེད་པ  -ར་ནི 	ཅན 	བརྩོན་འགྲུས 	འཕགས་པ་ནི 	།_། 	གྲངས 	མེད་པ 	-ར་ནི 	གྱུར་པ་ཡང 	།_། 	སྤྱོད 	མེད 	bstod tshogs ka_.txt	ཅན  བརྩོན་འགྲུས  འཕགས་པ་ནི  །_།  གྲངས  མེད་པ  -ར་ནི  གྱུར་པ་ཡང  །_།  སྤྱོད  མེད 
བླ་ན  མེད་པ ་བརྙེས 	གྱུར་པས 	།_། 	གོ 	འཕང 	བླ་ན 	མེད་པ	་བརྙེས 	།_། 	སངས 	རྒྱས 	བཅོམ་ལྡན 	bstod tshogs ka_.txt	གྱུར་པས  །_།  གོ  འཕང  བླ་ན  མེད་པ ་བརྙེས  །_།  སངས  རྒྱས  བཅོམ་ལྡན 
 མེད་པ  །_། 						མེད་པ 	།_། 	སློང་ཞིང 	བདེ་བ 	མ 	མཆིས་ཏེ 	bstod tshogs ka_.txt	     མེད་པ  །_།  སློང་ཞིང  བདེ་བ  མ  མཆིས་ཏེ 
ཉམས  མེད་པ འི 	།_། 	སེམས 	ཅན 	རྣམས་ལ 	ཉམས 	མེད་པ	འི 	།_། 	ཉོན་མོངས 	མང་པོ 	སྤྱོད 	bstod tshogs ka_.txt	།_།  སེམས  ཅན  རྣམས་ལ  ཉམས  མེད་པ འི  །_།  ཉོན་མོངས  མང་པོ  སྤྱོད 
གཞལ་དུ  མེད་པ  -འི 	ཉིད 	ལྟ་བུ 	-ར་གདའ 	།_། 	གཞལ་དུ 	མེད་པ 	-འི 	ཡོན་ཏན་རྣམས 	།_། 	དཔེ་ཡི 	ཚུལ་ཀྱིས 	bstod tshogs ka_.txt	ཉིད  ལྟ་བུ  -ར་གདའ  །_།  གཞལ་དུ  མེད་པ  -འི  ཡོན་ཏན་རྣམས  །_།  དཔེ་ཡི  ཚུལ་ཀྱིས 
ཐོག་མ  མེད་པ ་ནི 	མི 	བསྟེན་པ་ཡིས་ནི 	།_། 	འཁོར་བ 	ཐོག་མ 	མེད་པ	་ནི 	།_། 	ཁྱོད 	བདག་ཉིད་ཀྱིས 	དགྱེས་པ 	bstod tshogs ka_.txt	མི  བསྟེན་པ་ཡིས་ནི  །_།  འཁོར་བ  ཐོག་མ  མེད་པ ་ནི  །_།  ཁྱོད  བདག་ཉིད་ཀྱིས  དགྱེས་པ 
མིག་ནི  མེད་པ ་སྟེ 	མ 	གྱུར་པ 	།_། 	དེ་ལ 	མིག་ནི 	མེད་པ	་སྟེ 	།_། 	ཡང་ན 	ཡོད་ཀྱང 	དོན་མེད་པའོ 	bstod tshogs ka_.txt	མ  གྱུར་པ  །_།  དེ་ལ  མིག་ནི  མེད་པ ་སྟེ  །_།  ཡང་ན  ཡོད་ཀྱང  དོན་མེད་པའོ 
འབད་པ  མེད་པ  -ར་འཕྲུལ 	-ར 	གྱུར་པ་ན 	།_། 	གང་གི 	འབད་པ 	མེད་པ 	-ར་འཕྲུལ 	།_། 	རྟེན་གྱི 	ཡོན་ཏན 	དག་དང་ནི 	bstod tshogs ka_.txt	-ར  གྱུར་པ་ན  །_།  གང་གི  འབད་པ  མེད་པ  -ར་འཕྲུལ  །_།  རྟེན་གྱི  ཡོན་ཏན  དག་དང་ནི 
བརྩེ  མེད་པ ས 	བཟང་གི 	_། 	ཉིད་ཀྱི 	དོན་ལ 	བརྩེ 	མེད་པ	ས 	།_། 	མགོན་པོ 	ཁྱོད 	ཉིད 	bstod tshogs ka_.txt	བཟང་གི  _།  ཉིད་ཀྱི  དོན་ལ  བརྩེ  མེད་པ ས  །_།  མགོན་པོ  ཁྱོད  ཉིད 
བདག  མེད་པ ་གང 	གི 	-ར 	བྱ་བ 	།_། 	བདག 	མེད་པ	་གང 	དབྱེ 	-ར 	མེད་པས 	།_། 	bstod tshogs ka_.txt	གི  -ར  བྱ་བ  །_།  བདག  མེད་པ ་གང  དབྱེ  -ར  མེད་པས  །_། 
མ  མེད་པ  རྙེད 	མི 	མངའ་དང 	།_། 	མཚན 	མ 	མེད་པ 	རྙེད 	མཛད་པ 	།_། 	གང་དེ 	ཆགས་སྡང 	bstod tshogs ka_.txt	མི  མངའ་དང  །_།  མཚན  མ  མེད་པ  རྙེད  མཛད་པ  །_།  གང་དེ  ཆགས་སྡང 
 མེད་པ  -འི་ཕྱིར 						མེད་པ 	-འི་ཕྱིར 	།_། 	དཔའ་བོ 	ཁྱོད་ཀྱི 	བསྟན་པ་འདི 	bstod tshogs ka_.txt	     མེད་པ  -འི་ཕྱིར  །_།  དཔའ་བོ  ཁྱོད་ཀྱི  བསྟན་པ་འདི 
འཇིགས་པ  མེད་པ  -ར་མཛད 	བློ་གྲོས 	མཆོག་ཏུ་འགྱུར 	།_། 	བསྟེན་ན 	འཇིགས་པ 	མེད་པ 	-ར་མཛད 	།_། 	བསྙེན 	བཀུར 	བགྱིས་པ 	bstod tshogs ka_.txt	བློ་གྲོས  མཆོག་ཏུ་འགྱུར  །_།  བསྟེན་ན  འཇིགས་པ  མེད་པ  -ར་མཛད  །_།  བསྙེན  བཀུར  བགྱིས་པ 
སྡིག་པ  མེད་པ  -ས་ཡིད་དང་འཐད 	མིན 	འཇིག་རྟེན 	དོགས་པ་ཅན 	།_། 	སྡིག་པ 	མེད་པ 	-ས་ཡིད་དང་འཐད 	།_། 	སྐུ 	གསུང 	བཟང་བ 	bstod tshogs ka_.txt	མིན  འཇིག་རྟེན  དོགས་པ་ཅན  །_།  སྡིག་པ  མེད་པ  -ས་ཡིད་དང་འཐད  །_།  སྐུ  གསུང  བཟང་བ 
བོན  མེད་པ  -ར 	སླད 	དུ 	།_། 	ས 	བོན 	མེད་པ 	-ར 	སྤངས་པ 	-ར་མཛད 	།_། 	དུལ་བ 	bstod tshogs ka_.txt	སླད  དུ  །_།  ས  བོན  མེད་པ  -ར  སྤངས་པ  -ར་མཛད  །_།  དུལ་བ 
ས་བོན  མེད་པ  -ར་སྤངས 	ཁྱོད 	མཚང་འབྲུ 	།_། 	གང་ཞིག 	ས་བོན 	མེད་པ 	-ར་སྤངས 	།_། 	འོན་ཀྱང་དེ་ལ 	བཏང་སྙོམས་མིན 	།_། 	bstod tshogs ka_.txt	ཁྱོད  མཚང་འབྲུ  །_།  གང་ཞིག  ས་བོན  མེད་པ  -ར་སྤངས  །_།  འོན་ཀྱང་དེ་ལ  བཏང་སྙོམས་མིན  །_། 
དད  མེད་པ ་ཡིས 	-ར་མཛད 	།_། 	དེ་ལས 	ཐ 	དད 	མེད་པ	་ཡིས 	།_། 	རྒྱུ 	བཅས 	རྒྱུ་ནི 	bstod tshogs ka_.txt	-ར་མཛད  །_།  དེ་ལས  ཐ  དད  མེད་པ ་ཡིས  །_།  རྒྱུ  བཅས  རྒྱུ་ནི 
 མེད་པ ་ཡང 						མེད་པ	་ཡང 	།_། 	འཕགས་པ 	-འི་ལམ་ནས 	འགོད 	bstod tshogs ka_.txt	     མེད་པ ་ཡང  །_།  འཕགས་པ  -འི་ལམ་ནས  འགོད 
རྒྱུ་ནི  མེད་པ ་ལ 	དབྱེ་བ 	མི་མངའོ 	།_། 	གང་དུ 	རྒྱུ་ནི 	མེད་པ	་ལ 	།_། 	ཁྱོད་ཀྱིས 	བསྟན་པ 	-ར 	bstod tshogs ka_.txt	དབྱེ་བ  མི་མངའོ  །_།  གང་དུ  རྒྱུ་ནི  མེད་པ ་ལ  །_།  ཁྱོད་ཀྱིས  བསྟན་པ  -ར 
བརྩོན་འགྲུས  མེད་པ ་ལས 	མི་མཁས 	།_། 	ཐབས 	མཁས 	བརྩོན་འགྲུས 	མེད་པ	་ལས 	།_། 	འདྲེན 	མཛད 	མཆོག 	bstod tshogs ka_.txt	མི་མཁས  །_།  ཐབས  མཁས  བརྩོན་འགྲུས  མེད་པ ་ལས  །_།  འདྲེན  མཛད  མཆོག 
འཇིགས་པ  མེད་པ  -འི 	-འི 	རང་བཞིན 	མི་བཟད་བརྗོད 	།_། 	འཇིགས་པ 	མེད་པ 	-འི 	ཕྱོགས་ཀྱང་བསྟན 	།_། 	གལ་ཏེ 	གཞན་གྱིས 	bstod tshogs ka_.txt	-འི  རང་བཞིན  མི་བཟད་བརྗོད  །_།  འཇིགས་པ  མེད་པ  -འི  ཕྱོགས་ཀྱང་བསྟན  །_།  གལ་ཏེ  གཞན་གྱིས 
།_།  མེད་པ  སྐད་དུ 	།_། 	འདི་ནི 	ཕན་ཚུན 	བྱེད་པ་པོ 	།_། 	མེད་པ 	སྐད་དུ 	ངེས་པ 	-ར་གསུངས 	།_། 	ཁྱོད་ཀྱིས 	bstod tshogs ka_.txt	།_།  འདི་ནི  ཕན་ཚུན  བྱེད་པ་པོ  །_།  མེད་པ  སྐད་དུ  ངེས་པ  -ར་གསུངས  །_།  ཁྱོད་ཀྱིས 
གཟུགས  མེད་པ འང 	བསམ་གཏན་རྒྱུ 	།_། 	དེའི 	འབྲས་གཟུགས་དང 	གཟུགས 	མེད་པ	འང 	།_། 	གང 	ཕྱིར 	ཁྱོད་ཀྱིས 	bstod tshogs ka_.txt	བསམ་གཏན་རྒྱུ  །_།  དེའི  འབྲས་གཟུགས་དང  གཟུགས  མེད་པ འང  །_།  གང  ཕྱིར  ཁྱོད་ཀྱིས 
བུ་ལོན  མེད་པ  -ར 	དད་པ་ལས 	སྤོབས་པ 	སྐྱེས་པ་ཞེས 	བྱ་བ་ལས 	བུ་ལོན 	མེད་པ 	-ར 	བསྟོད་པ་ཞེས 	བྱ་བ་སྟེ 	ལེའུ 	བཅུ་གསུམ་པའོ 	bstod tshogs ka_.txt	དད་པ་ལས  སྤོབས་པ  སྐྱེས་པ་ཞེས  བྱ་བ་ལས  བུ་ལོན  མེད་པ  -ར  བསྟོད་པ་ཞེས  བྱ་བ་སྟེ  ལེའུ  བཅུ་གསུམ་པའོ 
སྒྲོ་འདོགས་པ  མེད་པ  -ར 	ཡོངས་སུ 	མི 	ཤེས་པ་དང 	_།_ 	སྒྲོ་འདོགས་པ 	མེད་པ 	-ར 	བྱ་བ་དང 	།_ 	ང 	རྒྱལ 	bstod tshogs ka_.txt	ཡོངས་སུ  མི  ཤེས་པ་དང  _།_  སྒྲོ་འདོགས་པ  མེད་པ  -ར  བྱ་བ་དང  །_  ང  རྒྱལ 
 མེད་པ  -ར 						མེད་པ 	-ར 	བྱ་བ་དང 	།_ 	འདོད་པ 	-འི 	bstod tshogs ka_.txt	     མེད་པ  -ར  བྱ་བ་དང  །_  འདོད་པ  -འི 
སྒྲོ་འདོགས་པ  མེད་པ  ཉིད་དོ 	བགྱིས་ཀྱང་ཞེས 	བྱ་བ 	འདི 	-ས་ནི 	སྒྲོ་འདོགས་པ 	མེད་པ 	ཉིད་དོ 	།_། 	རབ་ཏུ་ཆུང་ཡང་ཞེས 	བྱ་བ 	འདི 	bstod tshogs ka_.txt	བགྱིས་ཀྱང་ཞེས  བྱ་བ  འདི  -ས་ནི  སྒྲོ་འདོགས་པ  མེད་པ  ཉིད་དོ  །_།  རབ་ཏུ་ཆུང་ཡང་ཞེས  བྱ་བ  འདི 
 མེད་པ  ཉིད་དོ 	-ས་ནི 	ང་རྒྱལ 				མེད་པ 	ཉིད་དོ 	།_། 	དོན 	འདི 	-ར 	bstod tshogs ka_.txt	-ས་ནི  ང་རྒྱལ     མེད་པ  ཉིད་དོ  །_།  དོན  འདི  -ར 
ཅི་ཡང  མེད་པ  -འི 	སྐྱེ་བ་ལ 	མངའ་དབང 	མཛད་པའོ 	།_། 	ཅི་ཡང 	མེད་པ 	-འི 	སྐྱེ་མཆེད་ཀྱིས་ནི 	ཡུལ་ཅན 	ཕྲ་རྒྱས 	རྣམས 	bstod tshogs ka_.txt	སྐྱེ་བ་ལ  མངའ་དབང  མཛད་པའོ  །_།  ཅི་ཡང  མེད་པ  -འི  སྐྱེ་མཆེད་ཀྱིས་ནི  ཡུལ་ཅན  ཕྲ་རྒྱས  རྣམས 
ཅན  མེད་པ  སྒྲ 	བདག 	ཕྱག་འཚལ 	།_། 	སེམས 	ཅན 	མེད་པ 	སྒྲ 	སྒྲོགས 	མུ་སྟེགས 	རི 	དགས་འཇོམས 	bstod tshogs ka_.txt	བདག  ཕྱག་འཚལ  །_།  སེམས  ཅན  མེད་པ  སྒྲ  སྒྲོགས  མུ་སྟེགས  རི  དགས་འཇོམས 
ནུས་པ  མེད་པ  -འི 	-འི 	ཡོན་ཏན་དང 	བྲལ་བ 	ཉིད་ཀྱིས 	ནུས་པ 	མེད་པ 	-འི 	ཕྱིར 	བརྩེ་བ 	-འི 	འབྲས་བུ 	bstod tshogs ka_.txt	-འི  ཡོན་ཏན་དང  བྲལ་བ  ཉིད་ཀྱིས  ནུས་པ  མེད་པ  -འི  ཕྱིར  བརྩེ་བ  -འི  འབྲས་བུ 
མཉམ་པ  མེད་པ  -འང་ཡིན་ལ 	-ར 	དབྱེ་བ་ནི 	།_ 	དེ་ནི 	མཉམ་པ 	མེད་པ 	-འང་ཡིན་ལ 	མི་གཡོ་བ 	-འང 	ཡིན་པ 	-ས 	bstod tshogs ka_.txt	-ར  དབྱེ་བ་ནི  །_  དེ་ནི  མཉམ་པ  མེད་པ  -འང་ཡིན་ལ  མི་གཡོ་བ  -འང  ཡིན་པ  -ས 
མཉམ་པ  མེད་པ ་དང 	མི 	གཡོ་བའོ 	།_། 	དེ་ནི 	མཉམ་པ 	མེད་པ	་དང 	མི་གཡོ་བ 	-འང་ཡིན་ལ 	མཉམ་པ 	ཉིད་ཀྱང 	bstod tshogs ka_.txt	མི  གཡོ་བའོ  །_།  དེ་ནི  མཉམ་པ  མེད་པ ་དང  མི་གཡོ་བ  -འང་ཡིན་ལ  མཉམ་པ  ཉིད་ཀྱང 
མཉམ་པ  མེད་པ ་ནི 	ཉིད 	བསྟན་ཏོ 	།_། 	དེ་ལ 	མཉམ་པ 	མེད་པ	་ནི 	གློ་བུར་གྱི 	དྲི་མ 	མཐའ་དག་དང 	བྲལ་ཏེ 	bstod tshogs ka_.txt	ཉིད  བསྟན་ཏོ  །_།  དེ་ལ  མཉམ་པ  མེད་པ ་ནི  གློ་བུར་གྱི  དྲི་མ  མཐའ་དག་དང  བྲལ་ཏེ 
 མེད་པ  -འི 						མེད་པ 	-འི 	ཕྱིར་ཏེ 	།_ 	སུ་དང་ཡང 	མཉམ་ཞིང 	bstod tshogs ka_.txt	     མེད་པ  -འི  ཕྱིར་ཏེ  །_  སུ་དང་ཡང  མཉམ་ཞིང 
མཚུངས་པ  མེད་པ འམ 					མཚུངས་པ 	མེད་པ	འམ 	།_ 	འདི་དང 	མཉམ་ཞིང 	འདྲ་བ 	bstod tshogs ka_.txt	    མཚུངས་པ  མེད་པ འམ  །_  འདི་དང  མཉམ་ཞིང  འདྲ་བ 
འགའ་ཡང  མེད་པ  -ས 					འགའ་ཡང 	མེད་པ 	-ས 	ན་མཉམ 	མེད་དོ 	།_། 	འདིས་ནི 	bstod tshogs ka_.txt	    འགའ་ཡང  མེད་པ  -ས  ན་མཉམ  མེད་དོ  །_།  འདིས་ནི 
གཡོ་བ  མེད་པ  -ས་ནི 	གཡོ་བ་ནི 	གཞན་དུ 	འགྱུར་བའོ 	།_། 	གཡོ་བ 	མེད་པ 	-ས་ནི 	མ 	གཡོ་བ་སྟེ 	།_ 	དུས 	bstod tshogs ka_.txt	གཡོ་བ་ནི  གཞན་དུ  འགྱུར་བའོ  །_།  གཡོ་བ  མེད་པ  -ས་ནི  མ  གཡོ་བ་སྟེ  །_  དུས 
ཐམས་ཅད་དུ་གཉིས་སུ  མེད་པ  -འི 					ཐམས་ཅད་དུ་གཉིས་སུ 	མེད་པ 	-འི 	ཆོས་ཉིད 	ཤིན་ཏུ 	རྣམ་པ 	-ར 	bstod tshogs ka_.txt	    ཐམས་ཅད་དུ་གཉིས་སུ  མེད་པ  -འི  ཆོས་ཉིད  ཤིན་ཏུ  རྣམ་པ  -ར 
-ས  མེད་པ ་དང་འདྲའོ 	-ས 	བསྒྲིབས་ཏེ 	མི 	གསལ་བ 	-ས 	མེད་པ	་དང་འདྲའོ 	།_། 	གང 	དག་ལ 	ཐུགས་རྗེ 	bstod tshogs ka_.txt	-ས  བསྒྲིབས་ཏེ  མི  གསལ་བ  -ས  མེད་པ ་དང་འདྲའོ  །_།  གང  དག་ལ  ཐུགས་རྗེ 
བསྐལ་བ་གྲངས  མེད་པ  མི 	ཅན་ཏེ 	།_ 	དེ 	དག་གི་དེ་ནི 	བསྐལ་བ་གྲངས 	མེད་པ 	མི 	ཉུང་བ 	-ར 	རབ་ཏུ 	གུས་པ 	bstod tshogs ka_.txt	ཅན་ཏེ  །_  དེ  དག་གི་དེ་ནི  བསྐལ་བ་གྲངས  མེད་པ  མི  ཉུང་བ  -ར  རབ་ཏུ  གུས་པ 
 མེད་པ  དེ་དག་ནི 						མེད་པ 	དེ་དག་ནི 	མཉམ 	མཐའ་མེད་པའོ 	།_། 	དངོས 	bstod tshogs ka_.txt	     མེད་པ  དེ་དག་ནི  མཉམ  མཐའ་མེད་པའོ  །_།  དངོས 
སོར་ཚད  མེད་པ  གང་དག 	གཤེགས་པ 	-འི 	ཡོན་ཏན 	དཔེ་མེད་ཅིང་སོ 	སོར་ཚད 	མེད་པ 	གང་དག 	ཡིན་པ 	དེ་དག 	སྩོལ་བ་ཞེས 	བྱ་བ 	bstod tshogs ka_.txt	གཤེགས་པ  -འི  ཡོན་ཏན  དཔེ་མེད་ཅིང་སོ  སོར་ཚད  མེད་པ  གང་དག  ཡིན་པ  དེ་དག  སྩོལ་བ་ཞེས  བྱ་བ 
རྫོགས  མེད་པ  -འི 	ཁ་ཅིག་ནི 	།_ 	ཡོན་ཏན 	ཀུན 	རྫོགས 	མེད་པ 	-འི 	དངོས་གྲུབ་སྩོལ 	།_། 	ཞེས 	འདོན་ཏོ 	bstod tshogs ka_.txt	ཁ་ཅིག་ནི  །_  ཡོན་ཏན  ཀུན  རྫོགས  མེད་པ  -འི  དངོས་གྲུབ་སྩོལ  །_།  ཞེས  འདོན་ཏོ 
དྲི་མ  མེད་པ ་ནི 	དེ་དག་ལ 	དེ་སྐད་ཅེས་བྱའོ 	།_། 	དེ་ལ 	དྲི་མ 	མེད་པ	་ནི 	རྣམ་པ 	ཐམས་ཅད 	རྣམ་པ 	-ར 	bstod tshogs ka_.txt	དེ་དག་ལ  དེ་སྐད་ཅེས་བྱའོ  །_།  དེ་ལ  དྲི་མ  མེད་པ ་ནི  རྣམ་པ  ཐམས་ཅད  རྣམ་པ  -ར 
 མེད་པ  ཉིད་ཀྱི 						མེད་པ 	ཉིད་ཀྱི 	ཕྱིར་རོ 	།_། 	མཆོག་གཙོ་བོ 	།_། 	bstod tshogs ka_.txt	     མེད་པ  ཉིད་ཀྱི  ཕྱིར་རོ  །_།  མཆོག་གཙོ་བོ  །_། 
མཉམ་པ  མེད་པ ་ཡིན 	སོགས་པ 	-འི 	ཆོས 	རྣམས 	མཉམ་པ 	མེད་པ	་ཡིན 	།_ 	འདི 	ལྟར 	འདི་དག་དང 	bstod tshogs ka_.txt	སོགས་པ  -འི  ཆོས  རྣམས  མཉམ་པ  མེད་པ ་ཡིན  །_  འདི  ལྟར  འདི་དག་དང 
ཚད  མེད་པ  ཡོད་པ 	ནམ་མཁའ 	རང་བཞིན་གྱིས 	ཡོངས་སུ 	དག་པ 	ཚད 	མེད་པ 	ཡོད་པ 	-ས 	དེ་ཉིད་ཀྱིས 	འདི་དག་གི 	དཔེ 	bstod tshogs ka_.txt	ནམ་མཁའ  རང་བཞིན་གྱིས  ཡོངས་སུ  དག་པ  ཚད  མེད་པ  ཡོད་པ  -ས  དེ་ཉིད་ཀྱིས  འདི་དག་གི  དཔེ 
 མེད་པ  ཉིད 						མེད་པ 	ཉིད 	མི 	འགྲུབ་པོ 	ཞེ་ན 	།_ 	bstod tshogs ka_.txt	     མེད་པ  ཉིད  མི  འགྲུབ་པོ  ཞེ་ན  །_ 
ཉིད  མེད་པ  -འི 	འདི་ནི 	མཉམ་པ 	-འི 	དཔེ 	ཉིད 	མེད་པ 	-འི 	རྒྱུ་ཡིན་ནོ 	།_། 	ཇི 	ལྟར་དེ་དང་ཡང 	bstod tshogs ka_.txt	འདི་ནི  མཉམ་པ  -འི  དཔེ  ཉིད  མེད་པ  -འི  རྒྱུ་ཡིན་ནོ  །_།  ཇི  ལྟར་དེ་དང་ཡང 
 མེད་པ  ཅན་ཡིན་ནོ 						མེད་པ 	ཅན་ཡིན་ནོ 	།_། 	དེ 	དག་ལ 	རང་གི 	bstod tshogs ka_.txt	     མེད་པ  ཅན་ཡིན་ནོ  །_།  དེ  དག་ལ  རང་གི 
 མེད་པ  -འི 	ཡོན་ཏན 	ཡོངས་སུ 	གྲུབ་པ 	མཉམ་པ 		མེད་པ 	-འི 	མཐའ་མེད་པ 	ཡོད་པ 	-ས 	གཞན 	bstod tshogs ka_.txt	ཡོན་ཏན  ཡོངས་སུ  གྲུབ་པ  མཉམ་པ   མེད་པ  -འི  མཐའ་མེད་པ  ཡོད་པ  -ས  གཞན 
 མེད་པ  -འི 						མེད་པ 	-འི 	དངོས་གྲུབ 	སྩོལ་བ 	ཉིད་ཀྱིས 	དཔེ་མེད་པ 	bstod tshogs ka_.txt	     མེད་པ  -འི  དངོས་གྲུབ  སྩོལ་བ  ཉིད་ཀྱིས  དཔེ་མེད་པ 
ཚད  མེད་པ  ཡིན་ཡང་གང་གིས་ན 	མཁའ་འམ 	གཞན་ཡང 	རུང་སྟེ 	།_ 	ཚད 	མེད་པ 	ཡིན་ཡང་གང་གིས་ན 	བཅོམ་ལྡན 	འདས་ཀྱི 	དཔེ 	-ར 	bstod tshogs ka_.txt	མཁའ་འམ  གཞན་ཡང  རུང་སྟེ  །_  ཚད  མེད་པ  ཡིན་ཡང་གང་གིས་ན  བཅོམ་ལྡན  འདས་ཀྱི  དཔེ  -ར 
ཚད  མེད་པ  ཙམ་ཞིག་ཏུ 	-འི 	ཆོས་ཅན 	མ་ཡིན་གྱི 	།_། 	ཚད 	མེད་པ 	ཙམ་ཞིག་ཏུ 	མཚུངས་པ་ལ 	དགོངས་ནས 	མདོ་ལས 	།_ 	bstod tshogs ka_.txt	-འི  ཆོས་ཅན  མ་ཡིན་གྱི  །_།  ཚད  མེད་པ  ཙམ་ཞིག་ཏུ  མཚུངས་པ་ལ  དགོངས་ནས  མདོ་ལས  །_ 
དྲི་མ  མེད་པ  -འི 	ཅན་ཡིན་ན 	།_ 	དེས་ན 	ཇི་ལྟར 	དྲི་མ 	མེད་པ 	-འི 	ཆོས་ཅན་ཡིན 	།_ 	སྙིང 	རྗེ་ནི 	bstod tshogs ka_.txt	ཅན་ཡིན་ན  །_  དེས་ན  ཇི་ལྟར  དྲི་མ  མེད་པ  -འི  ཆོས་ཅན་ཡིན  །_  སྙིང  རྗེ་ནི 
དྲི་མ  མེད་པ ་སྟེ 	།_། 	རྟག་ཏུ 	དྲི་མེད་ནི 	རྟག་ཏུ 	དྲི་མ 	མེད་པ	་སྟེ 	།_ 	སྨོན་ལམ 	གྲུབ་པ་ཞེས 	བྱ་བ 	bstod tshogs ka_.txt	།_།  རྟག་ཏུ  དྲི་མེད་ནི  རྟག་ཏུ  དྲི་མ  མེད་པ ་སྟེ  །_  སྨོན་ལམ  གྲུབ་པ་ཞེས  བྱ་བ 
ཆད་པ  མེད་པ  -ར 	ཉིད་ཀྱི 	རང་བཞིན་གང་ལ 	འགག་པ་སྟེ 	རྒྱུན 	ཆད་པ 	མེད་པ 	-ར 	ཡོད་པ་དེ་ནི 	མི 	འགག་པ 	ཆོས་ཉིད་དོ 	bstod tshogs ka_.txt	ཉིད་ཀྱི  རང་བཞིན་གང་ལ  འགག་པ་སྟེ  རྒྱུན  ཆད་པ  མེད་པ  -ར  ཡོད་པ་དེ་ནི  མི  འགག་པ  ཆོས་ཉིད་དོ 
རྟོག་པ  མེད་པ  -ར 	འབྲས་བུ 	སེམས་ཅན་གྱི 	རྣམ་པ 	-ར 	རྟོག་པ 	མེད་པ 	-ར 	འབྱུང་བ 	-ར 	འགྱུར་ཏེ 	།_ 	bstod tshogs ka_.txt	འབྲས་བུ  སེམས་ཅན་གྱི  རྣམ་པ  -ར  རྟོག་པ  མེད་པ  -ར  འབྱུང་བ  -ར  འགྱུར་ཏེ  །_ 
དམིགས་པ  མེད་པ  །_ 	།_། 	དེ 	དག་གི 	སྙིང་རྗེ་དེ་ནི 	དམིགས་པ 	མེད་པ 	།_ 	ཕྱིན་ཅི 	མ 	ལོག་པ 	-ས 	bstod tshogs ka_.txt	།_།  དེ  དག་གི  སྙིང་རྗེ་དེ་ནི  དམིགས་པ  མེད་པ  །_  ཕྱིན་ཅི  མ  ལོག་པ  -ས 
ཐམས་ཅད་དུ  མེད་པ  ཐམས་ཅད 	-ར 	མི་རྟོག་ཀྱང 	ཡུལ་དང 	དུས 	ཐམས་ཅད་དུ 	མེད་པ 	ཐམས་ཅད 	དུ་འགྲོ་བ 	མཐའ་དག་གི 	དོན 	མཛད་ཅིང 	bstod tshogs ka_.txt	-ར  མི་རྟོག་ཀྱང  ཡུལ་དང  དུས  ཐམས་ཅད་དུ  མེད་པ  ཐམས་ཅད  དུ་འགྲོ་བ  མཐའ་དག་གི  དོན  མཛད་ཅིང 
འགྲོ་བ  མེད་པ  -ར 	འདས་ན 	འདི 	ཐམས་ཅད་ཀྱང 	རྗེས་སུ 	འགྲོ་བ 	མེད་པ 	-ར 	རྒྱུན 	འཆད་དོ 	ཞེ་ན 	།_ 	bstod tshogs ka_.txt	འདས་ན  འདི  ཐམས་ཅད་ཀྱང  རྗེས་སུ  འགྲོ་བ  མེད་པ  -ར  རྒྱུན  འཆད་དོ  ཞེ་ན  །_ 
ཆད་པ  མེད་པ  ཡོད་པ 	དཔག་ཏུ 	མེད་ཅིང 	འདི་ཙམ་ཞེས 	ཡོངས་སུ 	ཆད་པ 	མེད་པ 	ཡོད་པ 	དེ་དག་ནི 	དཔག་མེད་དེ 	སངས་རྒྱས 	བཅོམ་ལྡན 	bstod tshogs ka_.txt	དཔག་ཏུ  མེད་ཅིང  འདི་ཙམ་ཞེས  ཡོངས་སུ  ཆད་པ  མེད་པ  ཡོད་པ  དེ་དག་ནི  དཔག་མེད་དེ  སངས་རྒྱས  བཅོམ་ལྡན 
དཔག་ཏུ  མེད་པ  དེ་དག 	དག་གིས་ཀྱང 	མི 	དཔོག་པ་སྟེ 	།_ 	དཔག་ཏུ 	མེད་པ 	དེ་དག 	ཁོ་ན 	ཕན་ཚུན 	འདི་དག་ནི 	ཡོན་ཏན 	bstod tshogs ka_.txt	དག་གིས་ཀྱང  མི  དཔོག་པ་སྟེ  །_  དཔག་ཏུ  མེད་པ  དེ་དག  ཁོ་ན  ཕན་ཚུན  འདི་དག་ནི  ཡོན་ཏན 
ལྷག་མ  མེད་པ  -འི 	ཡོད་པ་དེ་ནི་ལེགས 	རྫོགས་པ་སྟེ 	ཕུང་པོ 	-འི 	ལྷག་མ 	མེད་པ 	-འི 	མྱ་ངན་ལས 	འདས་པ 	ཉེ་བ 	-ར 	bstod tshogs ka_.txt	ཡོད་པ་དེ་ནི་ལེགས  རྫོགས་པ་སྟེ  ཕུང་པོ  -འི  ལྷག་མ  མེད་པ  -འི  མྱ་ངན་ལས  འདས་པ  ཉེ་བ  -ར 
འདས་པ  མེད་པ  -འི 	ཡ་མཚན 	མི་ཆེ་སྟེ 	།_ 	མྱ་ངན་ལས 	འདས་པ 	མེད་པ 	-འི 	ཕྱིར 	རོ 	།_། 	ལ 	bstod tshogs ka_.txt	ཡ་མཚན  མི་ཆེ་སྟེ  །_  མྱ་ངན་ལས  འདས་པ  མེད་པ  -འི  ཕྱིར  རོ  །_།  ལ 
ངེས་པ  མེད་པ  -འི 	བར 	འགྱུར་རོ 	།_། 	ཡང་ན 	ངེས་པ 	མེད་པ 	-འི 	ཕྱིར 	བརྡར 	བཏགས་པ 	-འི 	bstod tshogs ka_.txt	བར  འགྱུར་རོ  །_།  ཡང་ན  ངེས་པ  མེད་པ  -འི  ཕྱིར  བརྡར  བཏགས་པ  -འི 
ཐོགས་པ  མེད་པ  -འི 	འདས་པ་དང 	མ་འོངས་པ་དང 	ད་ལྟར 	དག་ལ 	ཐོགས་པ 	མེད་པ 	-འི 	ཡེ་ཤེས 	གཟིགས་པ་ཞེས 	བྱ་བ 	-འི 	bstod tshogs ka_.txt	འདས་པ་དང  མ་འོངས་པ་དང  ད་ལྟར  དག་ལ  ཐོགས་པ  མེད་པ  -འི  ཡེ་ཤེས  གཟིགས་པ་ཞེས  བྱ་བ  -འི 
ཕྱིར  མེད་པ  དེ་དག་ནི 	དག་ལ 	དེ་དག 	སྤངས་པ 	-འི 	ཕྱིར 	མེད་པ 	དེ་དག་ནི 	སྒྲིབ་པ 	མི 	མངའ་བ་སྟེ 	།_ 	bstod tshogs ka_.txt	དག་ལ  དེ་དག  སྤངས་པ  -འི  ཕྱིར  མེད་པ  དེ་དག་ནི  སྒྲིབ་པ  མི  མངའ་བ་སྟེ  །_ 