 ཀྱི  སྐུ་ལ 						ཀྱི 	སྐུ་ལ 	གནས་པ 	-འི 	ཡོན་ཏན 	ཐུན་མོང 	bstod tshogs ka_.txt	     ཀྱི  སྐུ་ལ  གནས་པ  -འི  ཡོན་ཏན  ཐུན་མོང 
 ཀྱི  སྐུ་ལ 						ཀྱི 	སྐུ་ལ 	གནས་པ 	-འི 	ཡོན་ཏན 	ཐུན་མོང 	bstod tshogs ka_.txt	     ཀྱི  སྐུ་ལ  གནས་པ  -འི  ཡོན་ཏན  ཐུན་མོང 
 ཀྱི  མཁྱེན་པ 						ཀྱི 	མཁྱེན་པ 	-ས 	ཤེས་བྱ་ཁྱབ 	།_། 	སེམས 	bstod tshogs ka_.txt	     ཀྱི  མཁྱེན་པ  -ས  ཤེས་བྱ་ཁྱབ  །_།  སེམས 
 ཀྱི ས 						ཀྱི	ས 	།_། 	ཉན 	ཐོས་དང་ནི 	རང 	bstod tshogs ka_.txt	     ཀྱི ས  །_།  ཉན  ཐོས་དང་ནི  རང 
 ཀྱི  །_། 						ཀྱི 	།_། 	དོགས 	གཅོད 	ཁྱོད་ལ 	ཕྱག 	bstod tshogs ka_.txt	     ཀྱི  །_།  དོགས  གཅོད  ཁྱོད་ལ  ཕྱག 
 ཀྱི ས་མྱུར་དུ 						ཀྱི	ས་མྱུར་དུ 	རྟོགས་པ 	-ར་ཤོག 	_། 	ཆོས་ཀྱི 	bstod tshogs ka_.txt	     ཀྱི ས་མྱུར་དུ  རྟོགས་པ  -ར་ཤོག  _།  ཆོས་ཀྱི 
 ཀྱི ས 						ཀྱི	ས 	མཛད་པ 	རྫོགས་སོ 	།།_།།_ 	རྒྱ 	bstod tshogs ka_.txt	     ཀྱི ས  མཛད་པ  རྫོགས་སོ  །།_།།_  རྒྱ 
 ཀྱི  དབྱིངས་སུ 						ཀྱི 	དབྱིངས་སུ 	བསྟོད་པ 	།༄༅།_། 	རྒྱ 	གར 	bstod tshogs ka_.txt	     ཀྱི  དབྱིངས་སུ  བསྟོད་པ  །༄༅།_།  རྒྱ  གར 
 ཀྱི  དབྱིངས་སུ 						ཀྱི 	དབྱིངས་སུ 	བསྟོད་པ 	།_ 	འཕགས་པ 	འཇམ་དཔལ་གཞོན 	bstod tshogs ka_.txt	     ཀྱི  དབྱིངས་སུ  བསྟོད་པ  །_  འཕགས་པ  འཇམ་དཔལ་གཞོན 
 ཀྱི  དབྱིངས་ལ 						ཀྱི 	དབྱིངས་ལ 	ཕྱག 	འཚལ་འདུད 	།_། 	གང་ཞིག 	bstod tshogs ka_.txt	     ཀྱི  དབྱིངས་ལ  ཕྱག  འཚལ་འདུད  །_།  གང་ཞིག 
 ཀྱི  སྐུ་ཡང 						ཀྱི 	སྐུ་ཡང 	དེ་ཉིད་དོ 	།_། 	ཇི 	ལྟར 	bstod tshogs ka_.txt	     ཀྱི  སྐུ་ཡང  དེ་ཉིད་དོ  །_།  ཇི  ལྟར 
 ཀྱི  དབྱིངས་ཀྱང 						ཀྱི 	དབྱིངས་ཀྱང 	མི 	མཐོང་ངོ 	_།_། 	ཇི་ལྟར 	bstod tshogs ka_.txt	     ཀྱི  དབྱིངས་ཀྱང  མི  མཐོང་ངོ  _།_།  ཇི་ལྟར 
 ཀྱི  དབྱིངས་ཀྱང 						ཀྱི 	དབྱིངས་ཀྱང 	མི 	མཐོང་ངོ 	_།_། 	ཕྱོགས་ནི 	bstod tshogs ka_.txt	     ཀྱི  དབྱིངས་ཀྱང  མི  མཐོང་ངོ  _།_།  ཕྱོགས་ནི 
 ཀྱི  རང་བཞིན 						ཀྱི 	རང་བཞིན 	འབྱུང་བ 	-ར་འགྱུར 	།_། 	གང 	bstod tshogs ka_.txt	     ཀྱི  རང་བཞིན  འབྱུང་བ  -ར་འགྱུར  །_།  གང 
 ཀྱི  དབྱིངས་ནི 						ཀྱི 	དབྱིངས་ནི 	སྐྱེ 	མ་ཡིན 	།_། 	ནམ་ཡང 	bstod tshogs ka_.txt	     ཀྱི  དབྱིངས་ནི  སྐྱེ  མ་ཡིན  །_།  ནམ་ཡང 
 ཀྱི ས 						ཀྱི	ས 	བསྒྲིབས་པའི 	།_། 	ཆོས 	དབྱིངས 	bstod tshogs ka_.txt	     ཀྱི ས  བསྒྲིབས་པའི  །_།  ཆོས  དབྱིངས 
 ཀྱི ས 						ཀྱི	ས 	གཡོགས་པས 	།_། 	དེ་ནི 	སངས་རྒྱས་ཞེས 	bstod tshogs ka_.txt	     ཀྱི ས  གཡོགས་པས  །_།  དེ་ནི  སངས་རྒྱས་ཞེས 
 ཀྱི  སྐུ 						ཀྱི 	སྐུ 	ཉིད 	རབ་ཏུ་གསལ 	།_། 	ཆུ་ཤིང 	bstod tshogs ka_.txt	     ཀྱི  སྐུ  ཉིད  རབ་ཏུ་གསལ  །_།  ཆུ་ཤིང 
 ཀྱི ལ་ན 						ཀྱི	ལ་ན 	ཡོད་པ 	-འི་ཆུ 	།_། 	དྲི 	bstod tshogs ka_.txt	     ཀྱི ལ་ན  ཡོད་པ  -འི་ཆུ  །_།  དྲི 
 ཀྱི ས 						ཀྱི	ས 	ལྡོངས 	གདུལ་བྱ 	-འི་ཕྱིར 	།_། 	bstod tshogs ka_.txt	     ཀྱི ས  ལྡོངས  གདུལ་བྱ  -འི་ཕྱིར  །_། 
 ཀྱི ས 						ཀྱི	ས 	གཡོགས་པའི 	།_། 	ཆོས་ཀྱི 	དབྱིངས་ཀྱང 	bstod tshogs ka_.txt	     ཀྱི ས  གཡོགས་པའི  །_།  ཆོས་ཀྱི  དབྱིངས་ཀྱང 
 ཀྱི  སྨོན་ལམ་ཡང 						ཀྱི 	སྨོན་ལམ་ཡང 	_།_། 	སྣང་བ 	མེད་ཅིང 	མཚན་ཉིད་མེད 	bstod tshogs ka_.txt	     ཀྱི  སྨོན་ལམ་ཡང  _།_།  སྣང་བ  མེད་ཅིང  མཚན་ཉིད་མེད 
 ཀྱི  ཆུ 						ཀྱི 	ཆུ 	ནང་དུ 	།_། 	གཟུགས 	བརྙན 	bstod tshogs ka_.txt	     ཀྱི  ཆུ  ནང་དུ  །_།  གཟུགས  བརྙན 
 ཀྱི  དབྱིངས་ནི 						ཀྱི 	དབྱིངས་ནི 	རབ་ཏུ་ཤེས 	།_། 	སྒྲ་དང 	རྣ་བ་ལ 	bstod tshogs ka_.txt	     ཀྱི  དབྱིངས་ནི  རབ་ཏུ་ཤེས  །_།  སྒྲ་དང  རྣ་བ་ལ 
 ཀྱི ་དབྱིངས 						ཀྱི	་དབྱིངས 	།_། 	རྟོག 	དང་བཅས་པ 	-ས 	bstod tshogs ka_.txt	     ཀྱི ་དབྱིངས  །_།  རྟོག  དང་བཅས་པ  -ས 
 ཀྱི ས 						ཀྱི	ས 	།_། 	ཆོས་ཀྱི 	དབྱིངས་ལ 	རྟོག་པ 	bstod tshogs ka_.txt	     ཀྱི ས  །_།  ཆོས་ཀྱི  དབྱིངས་ལ  རྟོག་པ 
 ཀྱི  དབྱིངས་ཀྱི 						ཀྱི 	དབྱིངས་ཀྱི 	ངོ་བོ་ཡིན 	།_། 	རྣམ 	པར 	bstod tshogs ka_.txt	     ཀྱི  དབྱིངས་ཀྱི  ངོ་བོ་ཡིན  །_།  རྣམ  པར 
 ཀྱི  ངོ་བོ་དང 						ཀྱི 	ངོ་བོ་དང 	_།_། 	རེག་བྱ 	-འི 	རྐྱེན་གྱི 	bstod tshogs ka_.txt	     ཀྱི  ངོ་བོ་དང  _།_།  རེག་བྱ  -འི  རྐྱེན་གྱི 
 ཀྱི  དབྱིངས་ཞེས 						ཀྱི 	དབྱིངས་ཞེས 	བརྗོད་པ 	-ར་བྱ 	།_། 	ཡིད་གཙོར 	bstod tshogs ka_.txt	     ཀྱི  དབྱིངས་ཞེས  བརྗོད་པ  -ར་བྱ  །_།  ཡིད་གཙོར 
 ཀྱི  དབྱིངས་སུ 						ཀྱི 	དབྱིངས་སུ 	བསྒོམ་པ 	-ར་བྱ 	།_། 	མཐོང་དང 	bstod tshogs ka_.txt	     ཀྱི  དབྱིངས་སུ  བསྒོམ་པ  -ར་བྱ  །_།  མཐོང་དང 
 ཀྱི ས 						ཀྱི	ས 	བྱིས་པ་རྣམས 	།_། 	བྱིན 	རླབས 	bstod tshogs ka_.txt	     ཀྱི ས  བྱིས་པ་རྣམས  །_།  བྱིན  རླབས 
 ཀྱི ས་ནི 						ཀྱི	ས་ནི 	།_། 	རྒྱ 	མཚོ 	སྐམས 	bstod tshogs ka_.txt	     ཀྱི ས་ནི  །_།  རྒྱ  མཚོ  སྐམས 
 ཀྱི ས་ཅི 						ཀྱི	ས་ཅི 	བགྱི 	-ར་མཆིས 	།_། 	ཇི 	bstod tshogs ka_.txt	     ཀྱི ས་ཅི  བགྱི  -ར་མཆིས  །_།  ཇི 
 ཀྱི ས 						ཀྱི	ས 	གསལ་ཞིང 	དཔལ་ལྡན་པའི 	།_། 	སུམ 	bstod tshogs ka_.txt	     ཀྱི ས  གསལ་ཞིང  དཔལ་ལྡན་པའི  །_།  སུམ 
 ཀྱི ་སྐུས 						ཀྱི	་སྐུས 	།_། 	བསྐལ་པ 	མང་པོ 	-ར 	bstod tshogs ka_.txt	     ཀྱི ་སྐུས  །_།  བསྐལ་པ  མང་པོ  -ར 
 ཀྱི  ཡུལ་ནི 						ཀྱི 	ཡུལ་ནི 	ངེས 	རྟོགས་ནས 	།_། 	དེར་ནི 	bstod tshogs ka_.txt	     ཀྱི  ཡུལ་ནི  ངེས  རྟོགས་ནས  །_།  དེར་ནི 
 ཀྱི ་ཡང 						ཀྱི	་ཡང 	_།_། 	དཔག་ཏུ 	མེད་པ 	-འི 	bstod tshogs ka_.txt	     ཀྱི ་ཡང  _།_།  དཔག་ཏུ  མེད་པ  -འི 
 ཀྱི  སྲོག་གནས་པའི 						ཀྱི 	སྲོག་གནས་པའི 	།_། 	རྒྱུ་གང 	མི་ཟད་པ་དེ་ཉིད 	།_། 	bstod tshogs ka_.txt	     ཀྱི  སྲོག་གནས་པའི  །_།  རྒྱུ་གང  མི་ཟད་པ་དེ་ཉིད  །_། 
 ཀྱི ས 						ཀྱི	ས 	གཡོགས་ནས 	།_། 	ཡེ 	ཤེས 	bstod tshogs ka_.txt	     ཀྱི ས  གཡོགས་ནས  །_།  ཡེ  ཤེས 
 ཀྱི  སྐུ་ནི 						ཀྱི 	སྐུ་ནི 	འབྱུང 	མ་ཡིན 	།_། 	བུར་ཤིང 	bstod tshogs ka_.txt	     ཀྱི  སྐུ་ནི  འབྱུང  མ་ཡིན  །_།  བུར་ཤིང 
 ཀྱི ས 						ཀྱི	ས 	སྲུང་བ 	-ར་མཛད 	།_། 	ཇི 	bstod tshogs ka_.txt	     ཀྱི ས  སྲུང་བ  -ར་མཛད  །_།  ཇི 
 ཀྱི  སྐུ་ཡང 						ཀྱི 	སྐུ་ཡང 	རྫོགས་ཤིང་གསལ 	།_། 	སངས 	རྒྱས 	bstod tshogs ka_.txt	     ཀྱི  སྐུ་ཡང  རྫོགས་ཤིང་གསལ  །_།  སངས  རྒྱས 
 ཀྱི ས་གསལ 						ཀྱི	ས་གསལ 	།_། 	འདུ 	འཛི 	རྣམ་པ 	bstod tshogs ka_.txt	     ཀྱི ས་གསལ  །_།  འདུ  འཛི  རྣམ་པ 
 ཀྱི ས 						ཀྱི	ས 	རབ 	བསྐོར 	བས 	།_།_ 	bstod tshogs ka_.txt	     ཀྱི ས  རབ  བསྐོར  བས  །_།_ 
 ཀྱི  དྲ་བ 						ཀྱི 	དྲ་བ 	-ས 	རྩེ་བ་དང 	_།_། 	འཁོར་བ 	bstod tshogs ka_.txt	     ཀྱི  དྲ་བ  -ས  རྩེ་བ་དང  _།_།  འཁོར་བ 
 ཀྱི ས 						ཀྱི	ས 	ངེས 	འདི 	བཟུང་ཞིང 	_།_། 	bstod tshogs ka_.txt	     ཀྱི ས  ངེས  འདི  བཟུང་ཞིང  _།_། 
 ཀྱི  འཁོར་གྱིས 						ཀྱི 	འཁོར་གྱིས 	མི 	གཡོས་པའོ 	།_། 	སོ་སོ 	bstod tshogs ka_.txt	     ཀྱི  འཁོར་གྱིས  མི  གཡོས་པའོ  །_།  སོ་སོ 
 ཀྱི  འཛིན་པ་ལས 						ཀྱི 	འཛིན་པ་ལས 	།_། 	ཆོས་ཀྱི 	སྤྲིན་ནི 	ཀུན་དུ 	bstod tshogs ka_.txt	     ཀྱི  འཛིན་པ་ལས  །_།  ཆོས་ཀྱི  སྤྲིན་ནི  ཀུན་དུ 
 ཀྱི  ཆོས་ཀྱི་གནས 						ཀྱི 	ཆོས་ཀྱི་གནས 	།_། 	སྤྱོད་པ 	-འི 	འབྲས་བུ 	bstod tshogs ka_.txt	     ཀྱི  ཆོས་ཀྱི་གནས  །_།  སྤྱོད་པ  -འི  འབྲས་བུ 
 ཀྱི  སྐུ་ཞེས 						ཀྱི 	སྐུ་ཞེས 	བརྗོད་པ་ཡིན 	།_། 	བག 	ཆགས་ལས 	bstod tshogs ka_.txt	     ཀྱི  སྐུ་ཞེས  བརྗོད་པ་ཡིན  །_།  བག  ཆགས་ལས 
 ཀྱི  ཤེས་པ 						ཀྱི 	ཤེས་པ 	-ས 	རྟོགས 	བྱ་བ 	།_། 	bstod tshogs ka_.txt	     ཀྱི  ཤེས་པ  -ས  རྟོགས  བྱ་བ  །_། 
 ཀྱི ས 						ཀྱི	ས 	།_། 	སངས 	རྒྱས 	སྲས་པོ 	bstod tshogs ka_.txt	     ཀྱི ས  །_།  སངས  རྒྱས  སྲས་པོ 
 ཀྱི  སྤྲིན་གྱི 						ཀྱི 	སྤྲིན་གྱི 	ཡེ་ཤེས་ཀྱིས 	།_། 	ཆོས 	ཉིད 	bstod tshogs ka_.txt	     ཀྱི  སྤྲིན་གྱི  ཡེ་ཤེས་ཀྱིས  །_།  ཆོས  ཉིད 
 ཀྱི  ཐུ་བོ 						ཀྱི 	ཐུ་བོ 	-ར 	དབང 	བསྐུར་བས 	།_། 	bstod tshogs ka_.txt	     ཀྱི  ཐུ་བོ  -ར  དབང  བསྐུར་བས  །_། 
 ཀྱི ་སྐུ 						ཀྱི	་སྐུ 	།_། 	དྲི 	མ 	མེད་པ 	bstod tshogs ka_.txt	     ཀྱི ་སྐུ  །_།  དྲི  མ  མེད་པ 
 ཀྱི  དབྱིངས་སུ 						ཀྱི 	དབྱིངས་སུ 	བསྟོད་པ 	སློབ་དཔོན 	ཆེན་པོ 	ཀླུ་སྒྲུབ་ཀྱིས 	bstod tshogs ka_.txt	     ཀྱི  དབྱིངས་སུ  བསྟོད་པ  སློབ་དཔོན  ཆེན་པོ  ཀླུ་སྒྲུབ་ཀྱིས 
 ཀྱི ས 						ཀྱི	ས 	ཅུང་ཞིག་ཀྱང 	།_། 	སངས 	རྒྱས 	bstod tshogs ka_.txt	     ཀྱི ས  ཅུང་ཞིག་ཀྱང  །_།  སངས  རྒྱས 
 ཀྱི ས 						ཀྱི	ས 	གཟིགས་པ 	བླ་མེད་དེ 	།_། 	དེ 	bstod tshogs ka_.txt	     ཀྱི ས  གཟིགས་པ  བླ་མེད་དེ  །_།  དེ 
 ཀྱི ས་རྟོགས 						ཀྱི	ས་རྟོགས 	།_། 	ཁྱོད་ཀྱིས 	ཅུང་ཞིག 	མ 	bstod tshogs ka_.txt	     ཀྱི ས་རྟོགས  །_།  ཁྱོད་ཀྱིས  ཅུང་ཞིག  མ 
 ཀྱི  ལྟ་བ་ཡིས 						ཀྱི 	ལྟ་བ་ཡིས 	།_། 	བླ་ན 	མེད་པ 	-འི 	bstod tshogs ka_.txt	     ཀྱི  ལྟ་བ་ཡིས  །_།  བླ་ན  མེད་པ  -འི 
 ཀྱི  །_། 						ཀྱི 	།_། 	འཁོར 	བ་མ 	དམིགས་པ 	ཉིད་ཀྱི 	bstod tshogs ka_.txt	     ཀྱི  །_།  འཁོར  བ་མ  དམིགས་པ  ཉིད་ཀྱི 
 ཀྱི ས་རྟོགས 						ཀྱི	ས་རྟོགས 	།_། 	ཁྱོད་ཀྱིས 	ཀུན་ནས 	ཉོན་མོངས་དང 	bstod tshogs ka_.txt	     ཀྱི ས་རྟོགས  །_།  ཁྱོད་ཀྱིས  ཀུན་ནས  ཉོན་མོངས་དང 
 ཀྱི ས 						ཀྱི	ས 	འགའ་ཞིག་ཏུ 	།_། 	ཡི་གེ 	གཅིག་ཀྱང 	bstod tshogs ka_.txt	     ཀྱི ས  འགའ་ཞིག་ཏུ  །_།  ཡི་གེ  གཅིག་ཀྱང 
 ཀྱི  ཆ 						ཀྱི 	ཆ 	-ར་གྱིས 	ཚིམ་པ 	-ར་མཛད 	།_། 	bstod tshogs ka_.txt	     ཀྱི  ཆ  -ར་གྱིས  ཚིམ་པ  -ར་མཛད  །_། 
 ཀྱི ས 						ཀྱི	ས 	།_། 	འཇུག་པ 	ཀུན་དུ 	མི 	bstod tshogs ka_.txt	     ཀྱི ས  །_།  འཇུག་པ  ཀུན་དུ  མི 
 ཀྱི ས 						ཀྱི	ས 	།_། 	ཐུགས་ནི 	ཆགས་པ 	-ར 	bstod tshogs ka_.txt	     ཀྱི ས  །_།  ཐུགས་ནི  ཆགས་པ  -ར 
 ཀྱི ས 						ཀྱི	ས 	གཤེགས་པ 	-འང་ལགས 	།_། 	འགའ་རུ 	bstod tshogs ka_.txt	     ཀྱི ས  གཤེགས་པ  -འང་ལགས  །_།  འགའ་རུ 
 ཀྱི  བསམ 						ཀྱི 	བསམ 	མི་ཁྱབ 	།_། 	གཅིག་དང 	གཞན་པ 	bstod tshogs ka_.txt	     ཀྱི  བསམ  མི་ཁྱབ  །_།  གཅིག་དང  གཞན་པ 
 ཀྱི ས་རྟོགས 						ཀྱི	ས་རྟོགས 	།_། 	རྟག་དང 	ཆད་པ་དང 	བྲལ་ཞིང 	bstod tshogs ka_.txt	     ཀྱི ས་རྟོགས  །_།  རྟག་དང  ཆད་པ་དང  བྲལ་ཞིང 
 ཀྱི ས 						ཀྱི	ས 	ཉོན་མོངས 	སྡིག་པ་སྤངས 	།_། 	ཉོན་མོངས 	bstod tshogs ka_.txt	     ཀྱི ས  ཉོན་མོངས  སྡིག་པ་སྤངས  །_།  ཉོན་མོངས 
 ཀྱི  རང་བཞིན་ཡང 						ཀྱི 	རང་བཞིན་ཡང 	།_། 	ཁྱོད་ཀྱིས 	བདུད་རྩི 	ཉིད་དུ་བསྒྲུབས 	bstod tshogs ka_.txt	     ཀྱི  རང་བཞིན་ཡང  །_།  ཁྱོད་ཀྱིས  བདུད་རྩི  ཉིད་དུ་བསྒྲུབས 
 ཀྱི ས 						ཀྱི	ས 	གཟུགས 	རྣམས་ཀྱི 	།_། 	མཚན 	bstod tshogs ka_.txt	     ཀྱི ས  གཟུགས  རྣམས་ཀྱི  །_།  མཚན 
 ཀྱི  སྐུ་ལ་མེད 						ཀྱི 	སྐུ་ལ་མེད 	།_། 	ཤ 	དང་རུས་པ 	ཁྲག 	bstod tshogs ka_.txt	     ཀྱི  སྐུ་ལ་མེད  །_།  ཤ  དང་རུས་པ  ཁྲག 
 ཀྱི  སྐུ་ནི 						ཀྱི 	སྐུ་ནི 	སྟོན་པ 	-ར་མཛད 	།_། 	སྐུ་ལ 	bstod tshogs ka_.txt	     ཀྱི  སྐུ་ནི  སྟོན་པ  -ར་མཛད  །_།  སྐུ་ལ 
 ཀྱི  སྒྲིབ་པ 						ཀྱི 	སྒྲིབ་པ 	-འི 	སྐྱོན 	རྣམས་ནི 	།_། 	bstod tshogs ka_.txt	     ཀྱི  སྒྲིབ་པ  -འི  སྐྱོན  རྣམས་ནི  །_། 
 ཀྱི ས 						ཀྱི	ས 	ཀུན་སྤངས་ཀྱང 	།_། 	ཁྱོད་ཀྱིས 	སེམས་ཅན 	bstod tshogs ka_.txt	     ཀྱི ས  ཀུན་སྤངས་ཀྱང  །_།  ཁྱོད་ཀྱིས  སེམས་ཅན 
 ཀྱི  དབྱིངས་ལ 						ཀྱི 	དབྱིངས་ལ 	དབྱེ 	-ར 	མེད་ཕྱིར 	།_། 	bstod tshogs ka_.txt	     ཀྱི  དབྱིངས་ལ  དབྱེ  -ར  མེད་ཕྱིར  །_། 
 ཀྱི  ཐེག་པ་གསུམ 						ཀྱི 	ཐེག་པ་གསུམ 	བསྟན་པ 	།_། 	སེམས 	ཅན 	bstod tshogs ka_.txt	     ཀྱི  ཐེག་པ་གསུམ  བསྟན་པ  །_།  སེམས  ཅན 
 ཀྱི  རང་བཞིན 						ཀྱི 	རང་བཞིན 	ཁྱོད་ཀྱི་སྐུ 	།_། 	རྒྱལ 	བས 	bstod tshogs ka_.txt	     ཀྱི  རང་བཞིན  ཁྱོད་ཀྱི་སྐུ  །_།  རྒྱལ  བས 
 ཀྱི  །_། 						ཀྱི 	།_། 	ཁྱོད་ལ 	གུས 	རྣམས་ཀྱིས་ཡང་མཐོང 	།_། 	bstod tshogs ka_.txt	     ཀྱི  །_།  ཁྱོད་ལ  གུས  རྣམས་ཀྱིས་ཡང་མཐོང  །_། 
 ཀྱི  སྣོད 						ཀྱི 	སྣོད 	གྱུར་ཅིག 	_། 	དཔེ 	མེད་པ 	bstod tshogs ka_.txt	     ཀྱི  སྣོད  གྱུར་ཅིག  _།  དཔེ  མེད་པ 
 ཀྱི ས 						ཀྱི	ས 	མཛད་པ 	རྫོགས་སོ 	།།_།། 	རྒྱ 	bstod tshogs ka_.txt	     ཀྱི ས  མཛད་པ  རྫོགས་སོ  །།_།།  རྒྱ 
 ཀྱི  ཕུང་དེའང 						ཀྱི 	ཕུང་དེའང 	།_། 	སྒྱུ 	མ 	སྨིག 	bstod tshogs ka_.txt	     ཀྱི  ཕུང་དེའང  །_།  སྒྱུ  མ  སྨིག 
 ཀྱི ས 						ཀྱི	ས 	དེ་ལྟར་གསུངས 	།_། 	ཚོར 	བྱ 	bstod tshogs ka_.txt	     ཀྱི ས  དེ་ལྟར་གསུངས  །_།  ཚོར  བྱ 
 ཀྱི ས་བསྟན 						ཀྱི	ས་བསྟན 	།_། 	བྱེད་པོ 	རང་དབང 	ཉིད་ལས་ཀྱང 	bstod tshogs ka_.txt	     ཀྱི ས་བསྟན  །_།  བྱེད་པོ  རང་དབང  ཉིད་ལས་ཀྱང 
 ཀྱི ས་བསྟན 						ཀྱི	ས་བསྟན 	།_། 	ཕན 	ཚུན 	ལྟོས་པ 	bstod tshogs ka_.txt	     ཀྱི ས་བསྟན  །_།  ཕན  ཚུན  ལྟོས་པ 
 ཀྱི ས་གསུང 						ཀྱི	ས་གསུང 	།_། 	ཤེས་པ 	མེད་པ 	-ར 	bstod tshogs ka_.txt	     ཀྱི ས་གསུང  །_།  ཤེས་པ  མེད་པ  -ར 
 ཀྱི ས་གསུང 						ཀྱི	ས་གསུང 	།_། 	མཚན 	ཉིད 	མཚོན་བྱ 	bstod tshogs ka_.txt	     ཀྱི ས་གསུང  །_།  མཚན  ཉིད  མཚོན་བྱ 
 ཀྱི ས 						ཀྱི	ས 	གསལ་པོ 	ཉིད་དུ་བསྟན 	།_། 	མཚན 	bstod tshogs ka_.txt	     ཀྱི ས  གསལ་པོ  ཉིད་དུ་བསྟན  །_།  མཚན 
 ཀྱི  ཡེ་ཤེས 						ཀྱི 	ཡེ་ཤེས 	སྤྱན 	ཉིད་ཀྱིས 	།_། 	འགྲོ་བ 	bstod tshogs ka_.txt	     ཀྱི  ཡེ་ཤེས  སྤྱན  ཉིད་ཀྱིས  །_།  འགྲོ་བ 
 ཀྱི ས་གསུངས 						ཀྱི	ས་གསུངས 	།_། 	དེ 	ཕྱིར 	ཁྱོད་ཀྱིས 	bstod tshogs ka_.txt	     ཀྱི ས་གསུངས  །_།  དེ  ཕྱིར  ཁྱོད་ཀྱིས 
 ཀྱི ས 						ཀྱི	ས 	།_། 	འཁོར་བ 	རྨི་ལམ 	འདྲ་བ 	bstod tshogs ka_.txt	     ཀྱི ས  །_།  འཁོར་བ  རྨི་ལམ  འདྲ་བ 
 ཀྱི ས 						ཀྱི	ས 	རྟེན་ནས 	འབྱུང་བ 	-ར་གསུངས 	།_། 	bstod tshogs ka_.txt	     ཀྱི ས  རྟེན་ནས  འབྱུང་བ  -ར་གསུངས  །_། 
 ཀྱི  སེང་གེ 						ཀྱི 	སེང་གེ 	-འི་སྒྲས 	།_། 	ཀུན 	རྟོག 	bstod tshogs ka_.txt	     ཀྱི  སེང་གེ  -འི་སྒྲས  །_།  ཀུན  རྟོག 
 ཀྱི ས 						ཀྱི	ས 	ཤིན་ཏུ་སྨད 	།_། 	བེམས་པོ 	གཞན་དབང 	bstod tshogs ka_.txt	     ཀྱི ས  ཤིན་ཏུ་སྨད  །_།  བེམས་པོ  གཞན་དབང 
 ཀྱི ས 						ཀྱི	ས 	ཆོས 	ཀུན་གྱི 	།_། 	དངོས 	bstod tshogs ka_.txt	     ཀྱི ས  ཆོས  ཀུན་གྱི  །_།  དངོས 
 ཀྱི ས 						ཀྱི	ས 	ཅུང་ཞིག 	མ 	བསྐྱེད་ཅིང 	།_། 	bstod tshogs ka_.txt	     ཀྱི ས  ཅུང་ཞིག  མ  བསྐྱེད་ཅིང  །_། 
 ཀྱི ས 						ཀྱི	ས 	བསྟན་པ་ཡི 	།_། 	བསྒོམ 	མ 	bstod tshogs ka_.txt	     ཀྱི ས  བསྟན་པ་ཡི  །_།  བསྒོམ  མ 
 ཀྱི ས 						ཀྱི	ས 	ཐེག་ཆེན་རྣམས 	།_། 	མ 	ལུས་པ 	bstod tshogs ka_.txt	     ཀྱི ས  ཐེག་ཆེན་རྣམས  །_།  མ  ལུས་པ 
 ཀྱི ས 						ཀྱི	ས 	མཛད་པ 	རྫོགས་སོ 	།།_།། 	རྒྱ 	bstod tshogs ka_.txt	     ཀྱི ས  མཛད་པ  རྫོགས་སོ  །།_།།  རྒྱ 
 ཀྱི  རྡོ་རྗེ 						ཀྱི 	རྡོ་རྗེ 	-འི 	བསྟོད་པ 	།_༄༅༅།_། 	རྒྱ 	bstod tshogs ka_.txt	     ཀྱི  རྡོ་རྗེ  -འི  བསྟོད་པ  །_༄༅༅།_།  རྒྱ 
 ཀྱི  རྡོ་རྗེ 						ཀྱི 	རྡོ་རྗེ 	-འི 	བསྟོད་པ 	།_ 	འཇམ 	bstod tshogs ka_.txt	     ཀྱི  རྡོ་རྗེ  -འི  བསྟོད་པ  །_  འཇམ 
 ཀྱི ས་ནི 						ཀྱི	ས་ནི 	བསལ 	མཛད་དེ 	།_། 	སེམས་ཀྱི 	bstod tshogs ka_.txt	     ཀྱི ས་ནི  བསལ  མཛད་དེ  །_།  སེམས་ཀྱི 
 ཀྱི  དྲ་བ་རུ 						ཀྱི 	དྲ་བ་རུ 	།_། 	དེ 	ཉིད 	གསུང་བ 	bstod tshogs ka_.txt	     ཀྱི  དྲ་བ་རུ  །_།  དེ  ཉིད  གསུང་བ 
 ཀྱི  རྡོ་རྗེ 						ཀྱི 	རྡོ་རྗེ 	བསྒོམ་པ 	-འི་ཕྱིར 	།_། 	དེ་ནི 	bstod tshogs ka_.txt	     ཀྱི  རྡོ་རྗེ  བསྒོམ་པ  -འི་ཕྱིར  །_།  དེ་ནི 
 ཀྱི ས་བཅིངས 						ཀྱི	ས་བཅིངས 	།_། 	སེམས 	མེད 	ཁམས་ནི 	bstod tshogs ka_.txt	     ཀྱི ས་བཅིངས  །_།  སེམས  མེད  ཁམས་ནི 
 ཀྱི  རྡོ་རྗེ 						ཀྱི 	རྡོ་རྗེ 	-འི 	བསྟོད་པ 	སློབ་དཔོན 	ཀླུ་སྒྲུབ་ཀྱིས 	bstod tshogs ka_.txt	     ཀྱི  རྡོ་རྗེ  -འི  བསྟོད་པ  སློབ་དཔོན  ཀླུ་སྒྲུབ་ཀྱིས 
 ཀྱི  དབྱིངས་ཀྱི 						ཀྱི 	དབྱིངས་ཀྱི 	དངོས 	གྱུར་ཅིང 	།_། 	མཆོག་ཏུ 	bstod tshogs ka_.txt	     ཀྱི  དབྱིངས་ཀྱི  དངོས  གྱུར་ཅིང  །_།  མཆོག་ཏུ 
 ཀྱི ས 						ཀྱི	ས 	མཛད་པ 	རྫོགས་སོ 	།།_།། 	རྒྱ 	bstod tshogs ka_.txt	     ཀྱི ས  མཛད་པ  རྫོགས་སོ  །།_།།  རྒྱ 
 ཀྱི  ཆོས་སྐུ 						ཀྱི 	ཆོས་སྐུ 	དཔེ་མེད 	གང་ཡིན་དེ་ལ 	བདག 	ཕྱག་འཚལ 	bstod tshogs ka_.txt	     ཀྱི  ཆོས་སྐུ  དཔེ་མེད  གང་ཡིན་དེ་ལ  བདག  ཕྱག་འཚལ 
 ཀྱི  དགའ་བ 						ཀྱི 	དགའ་བ 	བསྐྱེད 	ཕྱིར 	འཁོར་གྱི 	ནང་དུ 	bstod tshogs ka_.txt	     ཀྱི  དགའ་བ  བསྐྱེད  ཕྱིར  འཁོར་གྱི  ནང་དུ 
 ཀྱི  སྒྲ 						ཀྱི 	སྒྲ 	སྐད 	རྒྱ་ཆེན 	འཇིག་རྟེན 	ཀུན་དུ 	bstod tshogs ka_.txt	     ཀྱི  སྒྲ  སྐད  རྒྱ་ཆེན  འཇིག་རྟེན  ཀུན་དུ 
 ཀྱི  རྒྱལ་སྲིད 						ཀྱི 	རྒྱལ་སྲིད 	གནས་པ 	གང་ཡིན་དེ་ལ 	ཕྱག 	འཚལ་ལོ 	bstod tshogs ka_.txt	     ཀྱི  རྒྱལ་སྲིད  གནས་པ  གང་ཡིན་དེ་ལ  ཕྱག  འཚལ་ལོ 
 ཀྱི  འཁོར་ལོ 						ཀྱི 	འཁོར་ལོ 	རབ་ཏུ 	ཞི་བ 	-ར་གང 	སྣང་ལ 	bstod tshogs ka_.txt	     ཀྱི  འཁོར་ལོ  རབ་ཏུ  ཞི་བ  -ར་གང  སྣང་ལ 
 ཀྱི  སྤྲུལ་སྐུ 						ཀྱི 	སྤྲུལ་སྐུ 	དོན་ཆེན 	གང་ཡིན་དེ་ལ 	ཕྱག 	འཚལ་ལོ 	bstod tshogs ka_.txt	     ཀྱི  སྤྲུལ་སྐུ  དོན་ཆེན  གང་ཡིན་དེ་ལ  ཕྱག  འཚལ་ལོ 
 ཀྱི  སྐུ་གསུམ་ཡིད་དང 						ཀྱི 	སྐུ་གསུམ་ཡིད་དང 	ཚིག་གི་ལམ་ལས 	རབ་ཏུ 	འདས་པ་ལ 	།_། 	bstod tshogs ka_.txt	     ཀྱི  སྐུ་གསུམ་ཡིད་དང  ཚིག་གི་ལམ་ལས  རབ་ཏུ  འདས་པ་ལ  །_། 
 ཀྱི ས 						ཀྱི	ས 	མཛད་པ 	རྫོགས་སོ 	།།_།། 	རྒྱ 	bstod tshogs ka_.txt	     ཀྱི ས  མཛད་པ  རྫོགས་སོ  །།_།།  རྒྱ 
 ཀྱི ས 						ཀྱི	ས 	མཛད་པ 	།_། 	གཞན་གྱི 	གསོལ་བ 	bstod tshogs ka_.txt	     ཀྱི ས  མཛད་པ  །_།  གཞན་གྱི  གསོལ་བ 
 ཀྱི ས 						ཀྱི	ས 	སྐུ་གསུམ་གྱི 	དོན་དང 	བྱ་བ 	མཐའ 	bstod tshogs ka_.txt	     ཀྱི ས  སྐུ་གསུམ་གྱི  དོན་དང  བྱ་བ  མཐའ 
 ཀྱི  སྐུ 						ཀྱི 	སྐུ 	གང་ཡིན་པ་དེ་ལ 	བདག 	ཕྱག 	འཚལ་ལོ་ཞེས 	bstod tshogs ka_.txt	     ཀྱི  སྐུ  གང་ཡིན་པ་དེ་ལ  བདག  ཕྱག  འཚལ་ལོ་ཞེས 
 ཀྱི ས་ཀྱང 						ཀྱི	ས་ཀྱང 	སྟོང་ཞིང 	སྒྱུ་མ་དང 	འདྲ་བ 	-ར 	bstod tshogs ka_.txt	     ཀྱི ས་ཀྱང  སྟོང་ཞིང  སྒྱུ་མ་དང  འདྲ་བ  -ར 
 ཀྱི  དབྱིངས 						ཀྱི 	དབྱིངས 	གཅིག་དང 	དུ་མ་དང 	བྲལ་བ 	-འི 	bstod tshogs ka_.txt	     ཀྱི  དབྱིངས  གཅིག་དང  དུ་མ་དང  བྲལ་བ  -འི 
 ཀྱི  སྟོབས་ཀྱིས 						ཀྱི 	སྟོབས་ཀྱིས 	སྣོད་དང 	བཅུད་ཀྱི 	ཚུལ་དུ 	གནས་པ 	bstod tshogs ka_.txt	     ཀྱི  སྟོབས་ཀྱིས  སྣོད་དང  བཅུད་ཀྱི  ཚུལ་དུ  གནས་པ 
 ཀྱི  དབྱིངས 						ཀྱི 	དབྱིངས 	ཐོག་མ་དང 	ཐ་མ 	མེད་པ 	-འི 	bstod tshogs ka_.txt	     ཀྱི  དབྱིངས  ཐོག་མ་དང  ཐ་མ  མེད་པ  -འི 
 ཀྱི  ཆོས་ཉིད་ནི 						ཀྱི 	ཆོས་ཉིད་ནི 	དེ་ལྟ་བུའོ 	།_། 	དེ 	བས་ན 	bstod tshogs ka_.txt	     ཀྱི  ཆོས་ཉིད་ནི  དེ་ལྟ་བུའོ  །_།  དེ  བས་ན 
 ཀྱི  དྲི་མ་དང 						ཀྱི 	དྲི་མ་དང 	བྲལ་བ 	བཞིན་ཏེ 	།_ 	འདི་ལ 	bstod tshogs ka_.txt	     ཀྱི  དྲི་མ་དང  བྲལ་བ  བཞིན་ཏེ  །_  འདི་ལ 
 ཀྱི ས 						ཀྱི	ས 	ནམ་མཁའ 	ལྟར 	རོ་གཅིག་པ་སྟེ 	།_ 	bstod tshogs ka_.txt	     ཀྱི ས  ནམ་མཁའ  ལྟར  རོ་གཅིག་པ་སྟེ  །_ 
 ཀྱི ས་ན 						ཀྱི	ས་ན 	རྟོགས་པ 	-ར 	དཀའ་བ 	-འི 	bstod tshogs ka_.txt	     ཀྱི ས་ན  རྟོགས་པ  -ར  དཀའ་བ  -འི 
 ཀྱི ས་ན 						ཀྱི	ས་ན 	མི་འགྱུར་བ་སྟེ 	རང་གི 	ངོ་བོ 	ཉིད་ལ 	bstod tshogs ka_.txt	     ཀྱི ས་ན  མི་འགྱུར་བ་སྟེ  རང་གི  ངོ་བོ  ཉིད་ལ 
 ཀྱི  གཞི 						ཀྱི 	གཞི 	-ར 	མཚུངས་པ 	-ར 	གྱུར་པའོ 	bstod tshogs ka_.txt	     ཀྱི  གཞི  -ར  མཚུངས་པ  -ར  གྱུར་པའོ 
 ཀྱི ་སོ་སོ 						ཀྱི	་སོ་སོ 	རང་གིས 	རིག་པ 	-ར 	གྱུར་པ་གཞོན 	bstod tshogs ka_.txt	     ཀྱི ་སོ་སོ  རང་གིས  རིག་པ  -ར  གྱུར་པ་གཞོན 
 ཀྱི  སྐུ་སྟེ 						ཀྱི 	སྐུ་སྟེ 	ཆོས་ཀྱི 	ལུས་དེ་ལ 	བདག 	ཕྱག 	bstod tshogs ka_.txt	     ཀྱི  སྐུ་སྟེ  ཆོས་ཀྱི  ལུས་དེ་ལ  བདག  ཕྱག 
 ཀྱི ས 						ཀྱི	ས 	ཕྱག 	འཚལ་ལོ་ཞེས 	བྱ་བ 	-འི 	bstod tshogs ka_.txt	     ཀྱི ས  ཕྱག  འཚལ་ལོ་ཞེས  བྱ་བ  -འི 
 ཀྱི  དབང་ཕྱུག 						ཀྱི 	དབང་ཕྱུག 	ཆེན་པོ 	-འི 	མཚན་ཉིད་དོ 	།_། 	bstod tshogs ka_.txt	     ཀྱི  དབང་ཕྱུག  ཆེན་པོ  -འི  མཚན་ཉིད་དོ  །_། 
 ཀྱི  ཡུལ་ལས 						ཀྱི 	ཡུལ་ལས 	རིང་དུ 	གྱུར་པའོ 	།_། 	ལེགས 	bstod tshogs ka_.txt	     ཀྱི  ཡུལ་ལས  རིང་དུ  གྱུར་པའོ  །_།  ལེགས 
 ཀྱི ་སྟེ 						ཀྱི	་སྟེ 	།_ 	བྱམས་པ་དང 	།_ 	མཐོང་བ 	bstod tshogs ka_.txt	     ཀྱི ་སྟེ  །_  བྱམས་པ་དང  །_  མཐོང་བ 
 ཀྱི  ནང་དུའོ 						ཀྱི 	ནང་དུའོ 	།_། 	སྣ 	ཚོགས་པ་ནི 	རྣམ་པ་དུ་མའོ 	bstod tshogs ka_.txt	     ཀྱི  ནང་དུའོ  །_།  སྣ  ཚོགས་པ་ནི  རྣམ་པ་དུ་མའོ 
 ཀྱི  སྒྲ 						ཀྱི 	སྒྲ 	སྐད 	རྒྱ་ཆེན 	འཇིག་རྟེན 	ཀུན་དུ 	bstod tshogs ka_.txt	     ཀྱི  སྒྲ  སྐད  རྒྱ་ཆེན  འཇིག་རྟེན  ཀུན་དུ 
 ཀྱི  གསུང་ངོ 						ཀྱི 	གསུང་ངོ 	།_། 	ཐམས་ཅད་དུ 	འཇུག་པ 	-ས་ན 	bstod tshogs ka_.txt	     ཀྱི  གསུང་ངོ  །_།  ཐམས་ཅད་དུ  འཇུག་པ  -ས་ན 
 ཀྱི ས་ན་དེ 						ཀྱི	ས་ན་དེ 	རྒྱུན 	མི་འཆད་པ 	-ར 	སྤྲོ་བ 	bstod tshogs ka_.txt	     ཀྱི ས་ན་དེ  རྒྱུན  མི་འཆད་པ  -ར  སྤྲོ་བ 
 ཀྱི ་དེ 						ཀྱི	་དེ 	ཁོ་ན་ཉིད་ཇི 	ལྟ་བ 	བཞིན་དུ 	བརྙེས་ཤིང 	bstod tshogs ka_.txt	     ཀྱི ་དེ  ཁོ་ན་ཉིད་ཇི  ལྟ་བ  བཞིན་དུ  བརྙེས་ཤིང 
 ཀྱི  རྒྱལ་སྲིད 						ཀྱི 	རྒྱལ་སྲིད 	ཆེན་པོ་ལ 	བཞུགས་པ 	གང་ཡིན་ཞེས 	བྱ་བ 	bstod tshogs ka_.txt	     ཀྱི  རྒྱལ་སྲིད  ཆེན་པོ་ལ  བཞུགས་པ  གང་ཡིན་ཞེས  བྱ་བ 
 ཀྱི  སྲིད་ཀྱང་ཡིན 						ཀྱི 	སྲིད་ཀྱང་ཡིན 	ལ་ཆེན་པོ་ཡང 	ཡིན་པ 	-ས་ན 	ཆོས་ཀྱི 	bstod tshogs ka_.txt	     ཀྱི  སྲིད་ཀྱང་ཡིན  ལ་ཆེན་པོ་ཡང  ཡིན་པ  -ས་ན  ཆོས་ཀྱི 
 ཀྱི  བདག་པོའོ 						ཀྱི 	བདག་པོའོ 	།_། 	དེ་ལ 	གནས་པ 	-འི 	bstod tshogs ka_.txt	     ཀྱི  བདག་པོའོ  །_།  དེ་ལ  གནས་པ  -འི 
 ཀྱི ས 						ཀྱི	ས 	སྐུ 	རྣམ་པ་གཉིས་པོ 	-འི 	རང་གི 	bstod tshogs ka_.txt	     ཀྱི ས  སྐུ  རྣམ་པ་གཉིས་པོ  -འི  རང་གི 
 ཀྱི  འཁོར་ལོ་ནི་བཱ་རཱ་ཎ་སཱིར 						ཀྱི 	འཁོར་ལོ་ནི་བཱ་རཱ་ཎ་སཱིར 	དྲང་སྲོང 	སྨྲ་བ 	རི 	དགས་ཀྱི 	bstod tshogs ka_.txt	     ཀྱི  འཁོར་ལོ་ནི་བཱ་རཱ་ཎ་སཱིར  དྲང་སྲོང  སྨྲ་བ  རི  དགས་ཀྱི 
 ཀྱི  ཉེ་འཁོར 						ཀྱི 	ཉེ་འཁོར 	ཤིང་སཱ་ལ 	ཟུང་གི 	ཚལ་དུ 	ཡོངས་སུ 	bstod tshogs ka_.txt	     ཀྱི  ཉེ་འཁོར  ཤིང་སཱ་ལ  ཟུང་གི  ཚལ་དུ  ཡོངས་སུ 
 ཀྱི ས་ཞེས 						ཀྱི	ས་ཞེས 	བྱ་བ་སྟེ 	།_ 	སངས 	རྒྱས་དང 	bstod tshogs ka_.txt	     ཀྱི ས་ཞེས  བྱ་བ་སྟེ  །_  སངས  རྒྱས་དང 
 ཀྱི  སྐྱེ་བ་ལ 						ཀྱི 	སྐྱེ་བ་ལ 	སོགས་པ 	-འི 	ཉེས་པ 	རིང་དུ 	bstod tshogs ka_.txt	     ཀྱི  སྐྱེ་བ་ལ  སོགས་པ  -འི  ཉེས་པ  རིང་དུ 
 ཀྱི  སྤྲུལ་སྐུ 						ཀྱི 	སྤྲུལ་སྐུ 	དོན་ཆེན་ཞེས 	བྱ་སྟེ 	།_ 	ཕྱོགས 	bstod tshogs ka_.txt	     ཀྱི  སྤྲུལ་སྐུ  དོན་ཆེན་ཞེས  བྱ་སྟེ  །_  ཕྱོགས 
 ཀྱི ས 						ཀྱི	ས 	གསུངས་པ་ཡིན་ནོ 	།_། 	དེ་ནི 	འདི་སྐད་དུ 	bstod tshogs ka_.txt	     ཀྱི ས  གསུངས་པ་ཡིན་ནོ  །_།  དེ་ནི  འདི་སྐད་དུ 
 ཀྱི ས 						ཀྱི	ས 	བསོད་ནམས་དང 	ཡེ་ཤེས་ཀྱི 	ཚོགས 	ཡོངས་སུ 	bstod tshogs ka_.txt	     ཀྱི ས  བསོད་ནམས་དང  ཡེ་ཤེས་ཀྱི  ཚོགས  ཡོངས་སུ 
 ཀྱི  མཆོག་དགའ 						ཀྱི 	མཆོག་དགའ 	ལྡན་གྱི 	གཞལ་ཡས་ཁང་ན 	བཞུགས་པ 	བྱང་ཆུབ 	bstod tshogs ka_.txt	     ཀྱི  མཆོག་དགའ  ལྡན་གྱི  གཞལ་ཡས་ཁང་ན  བཞུགས་པ  བྱང་ཆུབ 
 ཀྱི  རང་བཞིན་གྱིས 						ཀྱི 	རང་བཞིན་གྱིས 	བྱམས་པ་དང 	།_ 	སྙིང 	རྗེ་དང 	bstod tshogs ka_.txt	     ཀྱི  རང་བཞིན་གྱིས  བྱམས་པ་དང  །_  སྙིང  རྗེ་དང 
 ཀྱི ལ 						ཀྱི	ལ 	འཁོར 	རྣམ་པ 	བཞི 	-ར 	bstod tshogs ka_.txt	     ཀྱི ལ  འཁོར  རྣམ་པ  བཞི  -ར 
 ཀྱི  སྙིང་པོ 						ཀྱི 	སྙིང་པོ 	-ར 	གཤེགས་པ་དང 	_།_ 	བདུད 	bstod tshogs ka_.txt	     ཀྱི  སྙིང་པོ  -ར  གཤེགས་པ་དང  _།_  བདུད 
 ཀྱི  འཁོར་ལོ 						ཀྱི 	འཁོར་ལོ 	བསྐོར་བ་ནས 	ཇི་སྲིད་དུ 	ཡོངས་སུ 	མྱ་ངན་ལས 	bstod tshogs ka_.txt	     ཀྱི  འཁོར་ལོ  བསྐོར་བ་ནས  ཇི་སྲིད་དུ  ཡོངས་སུ  མྱ་ངན་ལས 
 ཀྱི ས 						ཀྱི	ས 	ཕྱག 	འཚལ་ལོ་ཞེས 	བྱ་བ 	-འི 	bstod tshogs ka_.txt	     ཀྱི ས  ཕྱག  འཚལ་ལོ་ཞེས  བྱ་བ  -འི 
 ཀྱི  ཕྱིར་ན 						ཀྱི 	ཕྱིར་ན 	།_ 	འོག 	མིན 	གནས་ནི 	bstod tshogs ka_.txt	     ཀྱི  ཕྱིར་ན  །_  འོག  མིན  གནས་ནི 
 ཀྱི  སྟེང 						ཀྱི 	སྟེང 	བཞུགས་ཏེ 	།_། 	ཡང 	དག 	bstod tshogs ka_.txt	     ཀྱི  སྟེང  བཞུགས་ཏེ  །_།  ཡང  དག 
 ཀྱི  འདོད་པ 						ཀྱི 	འདོད་པ 	-འི 	དོན 	རབ་ཏུ 	སྒྲུབ 	bstod tshogs ka_.txt	     ཀྱི  འདོད་པ  -འི  དོན  རབ་ཏུ  སྒྲུབ 
 ཀྱི  དོན 						ཀྱི 	དོན 	མཐའ 	-ར 	ཕྱིན་པ 	-ས་ན 	bstod tshogs ka_.txt	     ཀྱི  དོན  མཐའ  -ར  ཕྱིན་པ  -ས་ན 
 ཀྱི  སྐུ་གསུམ་ནི 						ཀྱི 	སྐུ་གསུམ་ནི 	ཆོས་ཀྱི 	སྐུ་དང 	།_ 	ལོངས 	bstod tshogs ka_.txt	     ཀྱི  སྐུ་གསུམ་ནི  ཆོས་ཀྱི  སྐུ་དང  །_  ལོངས 
 ཀྱི  ཡུལ་ལས 						ཀྱི 	ཡུལ་ལས 	ཤིན་ཏུ 	འདས་པ 	-འི 	དོན་ཏོ 	bstod tshogs ka_.txt	     ཀྱི  ཡུལ་ལས  ཤིན་ཏུ  འདས་པ  -འི  དོན་ཏོ 
 ཀྱི  སེམས་ཞེས 						ཀྱི 	སེམས་ཞེས 	བྱ་བ 	-འི 	དོན་ཏོ 	།_། 	bstod tshogs ka_.txt	     ཀྱི  སེམས་ཞེས  བྱ་བ  -འི  དོན་ཏོ  །_། 
 ཀྱི  ཚོགས 						ཀྱི 	ཚོགས 	གང་ཡིན་པ 	དེ 	-ས 	ཆོས་དང 	bstod tshogs ka_.txt	     ཀྱི  ཚོགས  གང་ཡིན་པ  དེ  -ས  ཆོས་དང 
 ཀྱི ་ལམ་ལ 						ཀྱི	་ལམ་ལ 	འཛུད་པ་སྟེ 	།_ 	བྱང 	ཆུབ་པ 	bstod tshogs ka_.txt	     ཀྱི ་ལམ་ལ  འཛུད་པ་སྟེ  །_  བྱང  ཆུབ་པ 
 ཀྱི ས 						ཀྱི	ས 	།_། 	མཆོག་ཏུ 	མཁས་ཤིང 	དོན་གྱི 	bstod tshogs ka_.txt	     ཀྱི ས  །_།  མཆོག་ཏུ  མཁས་ཤིང  དོན་གྱི 
 ཀྱི ས 						ཀྱི	ས 	མཛད་པ 	-འི 	སྐུ་གསུམ་ལ 	བསྟོད་པ་ཞེས 	bstod tshogs ka_.txt	     ཀྱི ས  མཛད་པ  -འི  སྐུ་གསུམ་ལ  བསྟོད་པ་ཞེས 
 ཀྱི  ལོ་ཙཱ་བ་བནྡེ 						ཀྱི 	ལོ་ཙཱ་བ་བནྡེ 	རིན་ཆེན 	བཟང་པོ 	-ས 	གསའ 	bstod tshogs ka_.txt	     ཀྱི  ལོ་ཙཱ་བ་བནྡེ  རིན་ཆེན  བཟང་པོ  -ས  གསའ 
 ཀྱི  གཞན་གྱིས་མིན 						ཀྱི 	གཞན་གྱིས་མིན 	།_། 	གང་གིས 	སྙིང་རྗེ 	སེམས་ཅན་ལ་ནི 	bstod tshogs ka_.txt	     ཀྱི  གཞན་གྱིས་མིན  །_།  གང་གིས  སྙིང་རྗེ  སེམས་ཅན་ལ་ནི 
 ཀྱི ས 						ཀྱི	ས 	གནོད་པ 	-ར 	སེམས་དེ་གང་གི་ཕྱིར 	།_། 	bstod tshogs ka_.txt	     ཀྱི ས  གནོད་པ  -ར  སེམས་དེ་གང་གི་ཕྱིར  །_། 
 ཀྱི ས 						ཀྱི	ས 	བདུད་ཀྱི 	སྟོབས་ཀྱང་བཅོམ 	།_། 	སེམས 	bstod tshogs ka_.txt	     ཀྱི ས  བདུད་ཀྱི  སྟོབས་ཀྱང་བཅོམ  །_།  སེམས 
 ཀྱི ས 						ཀྱི	ས 	བཟོད་པ 	ཡུན 	རིངས་བསྒོམས 	།_། 	bstod tshogs ka_.txt	     ཀྱི ས  བཟོད་པ  ཡུན  རིངས་བསྒོམས  །_། 
 ཀྱི  བདག་ཉིད 						ཀྱི 	བདག་ཉིད 	ཆེན་པོ 	ངོ་མཚར 	ཆེ་བ 	འཁོར་བ 	bstod tshogs ka_.txt	     ཀྱི  བདག་ཉིད  ཆེན་པོ  ངོ་མཚར  ཆེ་བ  འཁོར་བ 
 ཀྱི ས 						ཀྱི	ས 	གནས་པ 	-ར་གྱིས 	།_། 	ཐོས་པ 	bstod tshogs ka_.txt	     ཀྱི ས  གནས་པ  -ར་གྱིས  །_།  ཐོས་པ 
 ཀྱི ས 						ཀྱི	ས 	ཉན་ཐོས 	ཆེན་པོ 	བཅུ་དྲུག་ལ 	བཀའ 	bstod tshogs ka_.txt	     ཀྱི ས  ཉན་ཐོས  ཆེན་པོ  བཅུ་དྲུག་ལ  བཀའ 
 ཀྱི ས 						ཀྱི	ས 	ཚིགས་སུ 	བཅད་པ 	-འི 	སྒོ་ནས 	bstod tshogs ka_.txt	     ཀྱི ས  ཚིགས་སུ  བཅད་པ  -འི  སྒོ་ནས 
 ཀྱི  ཕ་རོལ་ཏུ 						ཀྱི 	ཕ་རོལ་ཏུ 	ཕྱིན 	མ 	-འི 	བསྟོད་པ 	bstod tshogs ka_.txt	     ཀྱི  ཕ་རོལ་ཏུ  ཕྱིན  མ  -འི  བསྟོད་པ 
 ཀྱི  ཕ་རོལ་ཏུ 						ཀྱི 	ཕ་རོལ་ཏུ 	ཕྱིན 	མ 	-འི 	བསྟོད་པ 	bstod tshogs ka_.txt	     ཀྱི  ཕ་རོལ་ཏུ  ཕྱིན  མ  -འི  བསྟོད་པ 
 ཀྱི  ཕ་རོལ་ཏུ 						ཀྱི 	ཕ་རོལ་ཏུ 	ཕྱིན 	མ་ལ 	ཕྱག 	འཚལ་ལོ 	bstod tshogs ka_.txt	     ཀྱི  ཕ་རོལ་ཏུ  ཕྱིན  མ་ལ  ཕྱག  འཚལ་ལོ 
 ཀྱི ས 						ཀྱི	ས 	གཟིགས 	མཛད་པ 	།_། 	དཔག 	bstod tshogs ka_.txt	     ཀྱི ས  གཟིགས  མཛད་པ  །_།  དཔག 
 ཀྱི  །_། 						ཀྱི 	།_། 	ཆོས་ཀྱི 	སྔོན་འགྲོ 	ཁྱོད 	བརྟན་ནས 	bstod tshogs ka_.txt	     ཀྱི  །_།  ཆོས་ཀྱི  སྔོན་འགྲོ  ཁྱོད  བརྟན་ནས 
 ཀྱི  །_། 						ཀྱི 	།_། 	དངོས 	གྲུབ 	ངེས་པ 	-ར 	bstod tshogs ka_.txt	     ཀྱི  །_།  དངོས  གྲུབ  ངེས་པ  -ར 
 ཀྱི  །_། 						ཀྱི 	།_། 	གསོ 	མཛད 	བསྐྱེད་པ 	-ར 	bstod tshogs ka_.txt	     ཀྱི  །_།  གསོ  མཛད  བསྐྱེད་པ  -ར 
 ཀྱི ་སྲས 						ཀྱི	་སྲས 	།_། 	དེ་ཡི 	སླད་དུ 	དགེ་མ་ཁྱོད 	bstod tshogs ka_.txt	     ཀྱི ་སྲས  །_།  དེ་ཡི  སླད་དུ  དགེ་མ་ཁྱོད 
 ཀྱི  །_། 						ཀྱི 	།_། 	དུས 	ཀུན 	རྗེས་སུ 	འབྲང 	bstod tshogs ka_.txt	     ཀྱི  །_།  དུས  ཀུན  རྗེས་སུ  འབྲང 
 ཀྱི ས 						ཀྱི	ས 	ཟླ་རིས་བཞིན 	།_། 	གདུལ 	བྱ 	bstod tshogs ka_.txt	     ཀྱི ས  ཟླ་རིས་བཞིན  །_།  གདུལ  བྱ 
 ཀྱི ས 						ཀྱི	ས 	།_། 	ཁྱོད 	ཉིད 	གཅིག་པུ 	bstod tshogs ka_.txt	     ཀྱི ས  །_།  ཁྱོད  ཉིད  གཅིག་པུ 
 ཀྱི  རྩོད་དང་སྐྱོན 						ཀྱི 	རྩོད་དང་སྐྱོན 	།_། 	ཁྱོད་དང 	མཇལ་ན 	འཇིག་པ 	bstod tshogs ka_.txt	     ཀྱི  རྩོད་དང་སྐྱོན  །_།  ཁྱོད་དང  མཇལ་ན  འཇིག་པ 
 ཀྱི ས 						ཀྱི	ས 	དམིགས 	མ་ལགས 	།_། 	གང 	bstod tshogs ka_.txt	     ཀྱི ས  དམིགས  མ་ལགས  །_།  གང 
 ཀྱི ས 						ཀྱི	ས 	ངེས 	བསྟེན་མ 	།_། 	ཁྱོད 	bstod tshogs ka_.txt	     ཀྱི ས  ངེས  བསྟེན་མ  །_།  ཁྱོད 
 ཀྱི ས 						ཀྱི	ས 	།_། 	ཁྱོད 	བསྟན་མ 	བསྟན་པ 	bstod tshogs ka_.txt	     ཀྱི ས  །_།  ཁྱོད  བསྟན་མ  བསྟན་པ 
 ཀྱི  ཕ་རོལ་ཏུ 						ཀྱི 	ཕ་རོལ་ཏུ 	ཕྱིན 	མ 	-འི 	བསྟོད་པ 	bstod tshogs ka_.txt	     ཀྱི  ཕ་རོལ་ཏུ  ཕྱིན  མ  -འི  བསྟོད་པ 
 ཀྱི ས 						ཀྱི	ས 	མཛད་པ 	རྫོགས་སོ 	།།_།། 	ཁ་ཆེའི་པཎྜི 	bstod tshogs ka_.txt	     ཀྱི ས  མཛད་པ  རྫོགས་སོ  །།_།།  ཁ་ཆེའི་པཎྜི 
 ཀྱི ས 						ཀྱི	ས 	བསྒྱུར་བའོ 	།།_༄༅།_། 	བསམ་གྱིས 	མི 	bstod tshogs ka_.txt	     ཀྱི ས  བསྒྱུར་བའོ  །།_༄༅།_།  བསམ་གྱིས  མི 
 ཀྱི ས 						ཀྱི	ས 	ཐེག་ཆེན་ལ 	།_། 	ཉིད་ཀྱིས 	ཆོས་ལ 	bstod tshogs ka_.txt	     ཀྱི ས  ཐེག་ཆེན་ལ  །_།  ཉིད་ཀྱིས  ཆོས་ལ 
 ཀྱི ས་གསུངས 						ཀྱི	ས་གསུངས 	།_། 	ང་བོ 	ཉིད་ཀྱིས་དེ 	མ་སྐྱེས 	bstod tshogs ka_.txt	     ཀྱི ས་གསུངས  །_།  ང་བོ  ཉིད་ཀྱིས་དེ  མ་སྐྱེས 
 ཀྱི ས 						ཀྱི	ས 	དེ་ལྟར་གསུངས 	།_། 	བྱིས་པ 	གང་དག་ཅི 	bstod tshogs ka_.txt	     ཀྱི ས  དེ་ལྟར་གསུངས  །_།  བྱིས་པ  གང་དག་ཅི 
 ཀྱི ས་གསུངས 						ཀྱི	ས་གསུངས 	།_། 	བློ 	ལྡན 	ཁྱོད་ཀྱིས 	bstod tshogs ka_.txt	     ཀྱི ས་གསུངས  །_།  བློ  ལྡན  ཁྱོད་ཀྱིས 
 ཀྱི ས་གང 						ཀྱི	ས་གང 	དམིགས་དེ 	།_། 	གལ་ཏེ 	ཡང་དག 	bstod tshogs ka_.txt	     ཀྱི ས་གང  དམིགས་དེ  །_།  གལ་ཏེ  ཡང་དག 
 ཀྱི ས་གསུངས 						ཀྱི	ས་གསུངས 	།_། 	གང་གིས་ཅི་ཞིག 	མ 	རྟོགས་པ 	bstod tshogs ka_.txt	     ཀྱི ས་གསུངས  །_།  གང་གིས་ཅི་ཞིག  མ  རྟོགས་པ 
 ཀྱི ས་གསུངས 						ཀྱི	ས་གསུངས 	།_། 	ཡོད 	ཅེས་པ་ནི 	རྟག་པ 	bstod tshogs ka_.txt	     ཀྱི ས་གསུངས  །_།  ཡོད  ཅེས་པ་ནི  རྟག་པ 
 ཀྱི ས 						ཀྱི	ས 	བསྟན་པ་མཛད 	།_། 	དེས་ན 	ཆོས 	bstod tshogs ka_.txt	     ཀྱི ས  བསྟན་པ་མཛད  །_།  དེས་ན  ཆོས 
 ཀྱི ས 						ཀྱི	ས 	བཀའ 	སྩལ་ལགས 	།_། 	རྣམ 	bstod tshogs ka_.txt	     ཀྱི ས  བཀའ  སྩལ་ལགས  །_།  རྣམ 
 ཀྱི ས་གཟིགས 						ཀྱི	ས་གཟིགས 	།_། 	ཇི 	ལྟར 	རྒྱུ་ལ 	bstod tshogs ka_.txt	     ཀྱི ས་གཟིགས  །_།  ཇི  ལྟར  རྒྱུ་ལ 
 ཀྱི ས་གསུངས 						ཀྱི	ས་གསུངས 	།_། 	དེ 	བཞིན 	སྐྱེས་དང 	bstod tshogs ka_.txt	     ཀྱི ས་གསུངས  །_།  དེ  བཞིན  སྐྱེས་དང 
 ཀྱི ས 						ཀྱི	ས 	།_། 	སེམས 	ཅན 	དཔག་ཏུ 	bstod tshogs ka_.txt	     ཀྱི ས  །_།  སེམས  ཅན  དཔག་ཏུ 
 ཀྱི ས 						ཀྱི	ས 	གསལ་བ 	-ར་གསུངས 	།_། 	ཇི 	bstod tshogs ka_.txt	     ཀྱི ས  གསལ་བ  -ར་གསུངས  །_།  ཇི 
 ཀྱི ས 						ཀྱི	ས 	གསང་ནི 	བསྟོད་དེ་གསུངས 	།_། 	བརྗོད་པ་ལས་ནི 	bstod tshogs ka_.txt	     ཀྱི ས  གསང་ནི  བསྟོད་དེ་གསུངས  །_།  བརྗོད་པ་ལས་ནི 
 ཀྱི ས་གསུངས 						ཀྱི	ས་གསུངས 	།_། 	གང་གིས 	སྟོང་པ 	-ར 	bstod tshogs ka_.txt	     ཀྱི ས་གསུངས  །_།  གང་གིས  སྟོང་པ  -ར 
 ཀྱི ས་བསྟན 						ཀྱི	ས་བསྟན 	།_། 	རྒྱུ་དང 	རྐྱེན་ལས 	བྱུང་བ 	bstod tshogs ka_.txt	     ཀྱི ས་བསྟན  །_།  རྒྱུ་དང  རྐྱེན་ལས  བྱུང་བ 
 ཀྱི ས་གསུངས 						ཀྱི	ས་གསུངས 	།_། 	བྱས་པ 	ཆད་ནས 	མེད་ཅེས་པ 	bstod tshogs ka_.txt	     ཀྱི ས་གསུངས  །_།  བྱས་པ  ཆད་ནས  མེད་ཅེས་པ 
 ཀྱི ས་གསུངས 						ཀྱི	ས་གསུངས 	།_། 	ཡང 	དག 	ཤེས་པ 	bstod tshogs ka_.txt	     ཀྱི ས་གསུངས  །_།  ཡང  དག  ཤེས་པ 
 ཀྱི ས 						ཀྱི	ས 	།_། 	གསོ་བ་དེ་ནི 	བླ་ན་མེད 	།_། 	bstod tshogs ka_.txt	     ཀྱི ས  །_།  གསོ་བ་དེ་ནི  བླ་ན་མེད  །_། 
 ཀྱི  མཆོད་སྦྱིན་པ 						ཀྱི 	མཆོད་སྦྱིན་པ 	།_། 	མཆོད 	སྦྱིན 	རིམ་པ 	bstod tshogs ka_.txt	     ཀྱི  མཆོད་སྦྱིན་པ  །_།  མཆོད  སྦྱིན  རིམ་པ 
 ཀྱི ས་གསུངས 						ཀྱི	ས་གསུངས 	།_། 	སྟོང་པ 	ཉིད་དང 	ཆེས་ཟབ་པའི 	bstod tshogs ka_.txt	     ཀྱི ས་གསུངས  །_།  སྟོང་པ  ཉིད་དང  ཆེས་ཟབ་པའི 
 ཀྱི  རྔ་ཆེན 						ཀྱི 	རྔ་ཆེན 	བརྡུངས་པ་ལགས 	།_། 	ངོ་བོ 	ཉིད 	bstod tshogs ka_.txt	     ཀྱི  རྔ་ཆེན  བརྡུངས་པ་ལགས  །_།  ངོ་བོ  ཉིད 
 ཀྱི  དུང་ནི 						ཀྱི 	དུང་ནི 	བུས་པ་ལགས 	།_། 	སངས 	རྒྱས 	bstod tshogs ka_.txt	     ཀྱི  དུང་ནི  བུས་པ་ལགས  །_།  སངས  རྒྱས 
 ཀྱི  རྫས་ནི 						ཀྱི 	རྫས་ནི 	གསུངས་པ་ལགས 	།_། 	ཆོས 	རྣམས 	bstod tshogs ka_.txt	     ཀྱི  རྫས་ནི  གསུངས་པ་ལགས  །_།  ཆོས  རྣམས 
 ཀྱི ས 						ཀྱི	ས 	བསྟན་པ་ལགས 	།_། 	ཤེས 	རབ 	bstod tshogs ka_.txt	     ཀྱི ས  བསྟན་པ་ལགས  །_།  ཤེས  རབ 
 ཀྱི  ཞལ་སྔ་ནས 						ཀྱི 	ཞལ་སྔ་ནས 	མཛད་པ 	རྫོགས་སོ 	།།_།།༄༅།_། 	བསྟོད་པ་ལས 	bstod tshogs ka_.txt	     ཀྱི  ཞལ་སྔ་ནས  མཛད་པ  རྫོགས་སོ  །།_།།༄༅།_།  བསྟོད་པ་ལས 
 ཀྱི ས་ནི 						ཀྱི	ས་ནི 	།_། 	བདག་གིས 	བསྟོད 	འདས 	bstod tshogs ka_.txt	     ཀྱི ས་ནི  །_།  བདག་གིས  བསྟོད  འདས 
 ཀྱི  ཐུགས་རྗེ 						ཀྱི 	ཐུགས་རྗེ 	སེམས་ཅན་ལས 	།_། 	མ 	ལོག་པ་ནི 	bstod tshogs ka_.txt	     ཀྱི  ཐུགས་རྗེ  སེམས་ཅན་ལས  །_།  མ  ལོག་པ་ནི 
 ཀྱི ས 						ཀྱི	ས 	མ 	སྐྱེས་ཤིང 	།_། 	ཚིག་ལས 	bstod tshogs ka_.txt	     ཀྱི ས  མ  སྐྱེས་ཤིང  །_།  ཚིག་ལས 
 ཀྱི ས་གང 						ཀྱི	ས་གང 	བསྟན་པ 	།_། 	དེ་ནི 	ཁྱོད་ཀྱི 	bstod tshogs ka_.txt	     ཀྱི ས་གང  བསྟན་པ  །_།  དེ་ནི  ཁྱོད་ཀྱི 
 ཀྱི ས 						ཀྱི	ས 	བསྒྲགས་པ 	-ར 	མཛད 	ལགས་ཀྱང 	bstod tshogs ka_.txt	     ཀྱི ས  བསྒྲགས་པ  -ར  མཛད  ལགས་ཀྱང 
 ཀྱི ས་ཀྱང་ནི 						ཀྱི	ས་ཀྱང་ནི 	བཟློག 	པར་མཛད 	།_། 	གང་ཞིག 	bstod tshogs ka_.txt	     ཀྱི ས་ཀྱང་ནི  བཟློག  པར་མཛད  །_།  གང་ཞིག 
 ཀྱི ས 						ཀྱི	ས 	ཤིན་ཏུ 	གཟིགས་པ་ལགས 	།_། 	དངོས་པོ 	bstod tshogs ka_.txt	     ཀྱི ས  ཤིན་ཏུ  གཟིགས་པ་ལགས  །_།  དངོས་པོ 
 ཀྱི ས་གཟིགས 						ཀྱི	ས་གཟིགས 	།_། 	གང་ནས་ཀྱང་ནི 	མཆི་མ་ལགས 	།_། 	bstod tshogs ka_.txt	     ཀྱི ས་གཟིགས  །_།  གང་ནས་ཀྱང་ནི  མཆི་མ་ལགས  །_། 
 ཀྱི ས 						ཀྱི	ས 	སྟོང་པ་གསུངས 	།_། 	དེ་ཡང 	ཡོངས་སུ 	bstod tshogs ka_.txt	     ཀྱི ས  སྟོང་པ་གསུངས  །_།  དེ་ཡང  ཡོངས་སུ 
 ཀྱི ས 						ཀྱི	ས 	གསུང་ཆེན 	སྤྱོད་པ་ལགས 	།_། 	གཞན 	bstod tshogs ka_.txt	     ཀྱི ས  གསུང་ཆེན  སྤྱོད་པ་ལགས  །_།  གཞན 
 ཀྱི  །_། 						ཀྱི 	།_། 	རྒྱགས་པ 	བསལ་བ 	-ར 	གྱུར་པ་བཞིན 	bstod tshogs ka_.txt	     ཀྱི  །_།  རྒྱགས་པ  བསལ་བ  -ར  གྱུར་པ་བཞིན 
 ཀྱི ས 						ཀྱི	ས 	དགོངས་ནས 	གསུངས་པ་དང 	།_། 	གང 	bstod tshogs ka_.txt	     ཀྱི ས  དགོངས་ནས  གསུངས་པ་དང  །_།  གང 
 ཀྱི ས 						ཀྱི	ས 	དགོངས 	གསུངས་པ 	།_། 	ཕྱིར་ཞིང 	bstod tshogs ka_.txt	     ཀྱི ས  དགོངས  གསུངས་པ  །_།  ཕྱིར་ཞིང 
 ཀྱི  ཞལ་སྔ་ནས 						ཀྱི 	ཞལ་སྔ་ནས 	མཛད་པ 	རྫོགས་སོ 	།།_།།༄༅།_། 	བླ་ན 	bstod tshogs ka_.txt	     ཀྱི  ཞལ་སྔ་ནས  མཛད་པ  རྫོགས་སོ  །།_།།༄༅།_།  བླ་ན 
 ཀྱི ས་བསལ 						ཀྱི	ས་བསལ 	།_། 	བླ 	མེད་དེ་ལ 	ཕྱག 	bstod tshogs ka_.txt	     ཀྱི ས་བསལ  །_།  བླ  མེད་དེ་ལ  ཕྱག 
 ཀྱི ས་ནི 						ཀྱི	ས་ནི 	།_། 	གང་ཞིག 	ཐང་ལ 	མཆི་བ་ལྟར 	bstod tshogs ka_.txt	     ཀྱི ས་ནི  །_།  གང་ཞིག  ཐང་ལ  མཆི་བ་ལྟར 
 ཀྱི  ཞལ་སྔ་ནས 						ཀྱི 	ཞལ་སྔ་ནས 	མཛད་པ 	རྫོགས་སོ 	།།_།།༄༅།_། 	འཕགས་པ 	bstod tshogs ka_.txt	     ཀྱི  ཞལ་སྔ་ནས  མཛད་པ  རྫོགས་སོ  །།_།།༄༅།_།  འཕགས་པ 
 ཀྱི ས 						ཀྱི	ས 	མ 	སྐྱེས་ཏེ 	།_། 	ཁྱོད་ལ 	bstod tshogs ka_.txt	     ཀྱི ས  མ  སྐྱེས་ཏེ  །_།  ཁྱོད་ལ 
 ཀྱི  །_། 						ཀྱི 	།_། 	དོན་དམ 	ཡང་དག 	མཚན 	བརྗོད་པའི 	bstod tshogs ka_.txt	     ཀྱི  །_།  དོན་དམ  ཡང་དག  མཚན  བརྗོད་པའི 
 ཀྱི  ཞལ་སྔ་ནས 						ཀྱི 	ཞལ་སྔ་ནས 	མཛད་པ 	རྫོགས་སོ 	།།༄༅།_། 	རྗེ་བཙུན 	bstod tshogs ka_.txt	     ཀྱི  ཞལ་སྔ་ནས  མཛད་པ  རྫོགས་སོ  །།༄༅།_།  རྗེ་བཙུན 
 ཀྱི ་ནི 						ཀྱི	་ནི 	།_། 	པདྨ 	ལྟ་བུ 	དག་པ 	bstod tshogs ka_.txt	     ཀྱི ་ནི  །_།  པདྨ  ལྟ་བུ  དག་པ 
 ཀྱི ས 						ཀྱི	ས 	།_། 	འགྲོ་བ 	ཕན་པ 	-ར 	bstod tshogs ka_.txt	     ཀྱི ས  །_།  འགྲོ་བ  ཕན་པ  -ར 
 ཀྱི ས་ཡིད 						ཀྱི	ས་ཡིད 	འཇིགས 	དབུགས 	འབྱིན 	མཛད་པ་ཡི 	bstod tshogs ka_.txt	     ཀྱི ས་ཡིད  འཇིགས  དབུགས  འབྱིན  མཛད་པ་ཡི 
 ཀྱི  སྙན་ནི 						ཀྱི 	སྙན་ནི 	མ 	ཉམས 	གཙང་བ་དག 	_། 	bstod tshogs ka_.txt	     ཀྱི  སྙན་ནི  མ  ཉམས  གཙང་བ་དག  _། 
 ཀྱི ས་ཀྱང་ནི 						ཀྱི	ས་ཀྱང་ནི 	ལུས་ལ 	སྡུག་བསྔལ་གྱིས 	།_། 	གཟིར་ཏེ 	bstod tshogs ka_.txt	     ཀྱི ས་ཀྱང་ནི  ལུས་ལ  སྡུག་བསྔལ་གྱིས  །_།  གཟིར་ཏེ 
 ཀྱི ས 						ཀྱི	ས 	།_། 	དམྱལ 	བར 	སོང་བ 	bstod tshogs ka_.txt	     ཀྱི ས  །_།  དམྱལ  བར  སོང་བ 
 ཀྱི ས་ནི 						ཀྱི	ས་ནི 	།_། 	ཐུགས 	རྗེ 	དེ་ཡང 	bstod tshogs ka_.txt	     ཀྱི ས་ནི  །_།  ཐུགས  རྗེ  དེ་ཡང 
 ཀྱི  མཁྱེན་རབ་ཀྱིས 						ཀྱི 	མཁྱེན་རབ་ཀྱིས 	།_། 	ཅི་ཡི 	ཕྱིར་ན 	བདག་ལ 	bstod tshogs ka_.txt	     ཀྱི  མཁྱེན་རབ་ཀྱིས  །_།  ཅི་ཡི  ཕྱིར་ན  བདག་ལ 
 ཀྱི ས་གསུངས 						ཀྱི	ས་གསུངས 	།_། 	འགྲོ་ལ 	རྟག་ཏུ 	བུ 	bstod tshogs ka_.txt	     ཀྱི ས་གསུངས  །_།  འགྲོ་ལ  རྟག་ཏུ  བུ 
 ཀྱི ་གཞོན 						ཀྱི	་གཞོན 	ནུ 	-འི 	ལུས་སུ 	བདག 	bstod tshogs ka_.txt	     ཀྱི ་གཞོན  ནུ  -འི  ལུས་སུ  བདག 
 ཀྱི ས 						ཀྱི	ས 	མཛད་པ 	རྫོགས་སོ 	།།_།།༄༅།_། 	གནས 	bstod tshogs ka_.txt	     ཀྱི ས  མཛད་པ  རྫོགས་སོ  །།_།།༄༅།_།  གནས 
 ཀྱི  མཆོད་རྟེན་ལ 						ཀྱི 	མཆོད་རྟེན་ལ 	བསྟོད་པ 	།༄༅༅།_། 	རྒྱ 	གར 	bstod tshogs ka_.txt	     ཀྱི  མཆོད་རྟེན་ལ  བསྟོད་པ  །༄༅༅།_།  རྒྱ  གར 
 ཀྱི  མཆོད་རྟེན་ལ 						ཀྱི 	མཆོད་རྟེན་ལ 	བསྟོད་པ 	།_ 	འཇམ 	དཔལ་གཞོན 	bstod tshogs ka_.txt	     ཀྱི  མཆོད་རྟེན་ལ  བསྟོད་པ  །_  འཇམ  དཔལ་གཞོན 
 ཀྱི  འཁོར་ལོ 						ཀྱི 	འཁོར་ལོ 	རྣམ་གྲོལ 	རྨད་བྱུང་ནི 	།_། 	ཉོན་མོངས 	bstod tshogs ka_.txt	     ཀྱི  འཁོར་ལོ  རྣམ་གྲོལ  རྨད་བྱུང་ནི  །_།  ཉོན་མོངས 
 ཀྱི  འོད་མ 						ཀྱི 	འོད་མ 	-འི་ཚལ 	།_། 	བྱམས 	ངོས 	bstod tshogs ka_.txt	     ཀྱི  འོད་མ  -འི་ཚལ  །_།  བྱམས  ངོས 
 ཀྱི  མཆོད་རྟེན་ལ 						ཀྱི 	མཆོད་རྟེན་ལ 	བསྟོད་པ 	།_ 	སློབ་དཔོན 	ཆེན་པོ 	bstod tshogs ka_.txt	     ཀྱི  མཆོད་རྟེན་ལ  བསྟོད་པ  །_  སློབ་དཔོན  ཆེན་པོ 
 ཀྱི ས 						ཀྱི	ས 	མཛད་པ 	རྫོགས་སོ 	།།_༄༅།_། 	གནས 	bstod tshogs ka_.txt	     ཀྱི ས  མཛད་པ  རྫོགས་སོ  །།_༄༅།_།  གནས 
 ཀྱི  མཆོད་རྟེན་ལ 						ཀྱི 	མཆོད་རྟེན་ལ 	བསྟོད་པ 	།༄༅༅།_། 	རྒྱ 	གར 	bstod tshogs ka_.txt	     ཀྱི  མཆོད་རྟེན་ལ  བསྟོད་པ  །༄༅༅།_།  རྒྱ  གར 
 ཀྱི  མཆོད་རྟེན་ལ 						ཀྱི 	མཆོད་རྟེན་ལ 	བསྟོད་པ 	།_ 	འཇམ 	དཔལ་གཞོན 	bstod tshogs ka_.txt	     ཀྱི  མཆོད་རྟེན་ལ  བསྟོད་པ  །_  འཇམ  དཔལ་གཞོན 
 ཀྱི  གཞི 						ཀྱི 	གཞི 	-ར 	གྱུར 	སེར་སྐྱ 	-འི 	bstod tshogs ka_.txt	     ཀྱི  གཞི  -ར  གྱུར  སེར་སྐྱ  -འི 
 ཀྱི ས 						ཀྱི	ས 	བཏུལ་ནས་ཀྱང 	_།_། 	གྲོང་ཁྱེར 	འདུལ 	bstod tshogs ka_.txt	     ཀྱི ས  བཏུལ་ནས་ཀྱང  _།_།  གྲོང་ཁྱེར  འདུལ 
 ཀྱི ས་བཏུལ 						ཀྱི	ས་བཏུལ 	།_། 	སྤྲུལ་པ 	-འི་གྲངས་ཀྱིས 	ལྷ 	bstod tshogs ka_.txt	     ཀྱི ས་བཏུལ  །_།  སྤྲུལ་པ  -འི་གྲངས་ཀྱིས  ལྷ 
 ཀྱི ས 						ཀྱི	ས 	།_། 	བསྙེན 	བཀུར 	འབུལ་བ 	bstod tshogs ka_.txt	     ཀྱི ས  །_།  བསྙེན  བཀུར  འབུལ་བ 
 ཀྱི ས 						ཀྱི	ས 	ཡོངས 	བསྐོར་ཏེ 	།_། 	སྡོམ་དང 	bstod tshogs ka_.txt	     ཀྱི ས  ཡོངས  བསྐོར་ཏེ  །_།  སྡོམ་དང 
 ཀྱི  མཆོད་རྟེན་ལ 						ཀྱི 	མཆོད་རྟེན་ལ 	བསྟོད་པ 	།_། 	སློབ་དཔོན 	ཆེན་པོ 	bstod tshogs ka_.txt	     ཀྱི  མཆོད་རྟེན་ལ  བསྟོད་པ  །_།  སློབ་དཔོན  ཆེན་པོ 
 ཀྱི ས 						ཀྱི	ས 	མཛད་པ 	རྫོགས་སོ 	།_།_།།_༄༅།_། 	མཛད་པ 	bstod tshogs ka_.txt	     ཀྱི ས  མཛད་པ  རྫོགས་སོ  །_།_།།_༄༅།_།  མཛད་པ 
 ཀྱི  ཚུལ་ལ 						ཀྱི 	ཚུལ་ལ 	བསྟོད་པ 	།༄༅༅།_། 	རྒྱ 	གར 	bstod tshogs ka_.txt	     ཀྱི  ཚུལ་ལ  བསྟོད་པ  །༄༅༅།_།  རྒྱ  གར 
 ཀྱི  ཚུལ་ལ 						ཀྱི 	ཚུལ་ལ 	བསྟོད་པ 	།_ 	སངས 	རྒྱས 	bstod tshogs ka_.txt	     ཀྱི  ཚུལ་ལ  བསྟོད་པ  །_  སངས  རྒྱས 
 ཀྱི  འཁོར་ལོ 						ཀྱི 	འཁོར་ལོ 	བསྐོར་ནས 	གདུལ་བྱ་རྣམས 	།_། 	ཐེག་པ་གསུམ་ལ 	bstod tshogs ka_.txt	     ཀྱི  འཁོར་ལོ  བསྐོར་ནས  གདུལ་བྱ་རྣམས  །_།  ཐེག་པ་གསུམ་ལ 
 ཀྱི  སྤྱོད་དང 						ཀྱི 	སྤྱོད་དང 	མཚུངས་པ 	-ར་ཤོག 	_། 	མཛད་པ 	bstod tshogs ka_.txt	     ཀྱི  སྤྱོད་དང  མཚུངས་པ  -ར་ཤོག  _།  མཛད་པ 
 ཀྱི  ཚུལ་ལ 						ཀྱི 	ཚུལ་ལ 	བསྟོད་པ་ཞེས 	བྱ་བ 	སློབ་དཔོན 	ཆེན་པོ 	bstod tshogs ka_.txt	     ཀྱི  ཚུལ་ལ  བསྟོད་པ་ཞེས  བྱ་བ  སློབ་དཔོན  ཆེན་པོ 
 ཀྱི ས 						ཀྱི	ས 	མཛད་པ 	རྫོགས་སོ 	།།_༄༅།_། 	ཕྱག 	bstod tshogs ka_.txt	     ཀྱི ས  མཛད་པ  རྫོགས་སོ  །།_༄༅།_།  ཕྱག 
 ཀྱི ལ 						ཀྱི	ལ 	འཁོར་ཅན 	།_། 	གང་གིས 	སྟོབས་ནི 	bstod tshogs ka_.txt	     ཀྱི ལ  འཁོར་ཅན  །_།  གང་གིས  སྟོབས་ནི 
 ཀྱི ས 						ཀྱི	ས 	མཛད་པ 	རྫོགས་སོ 	།།_༄༅།_། 	དམྱལ་བ་ནས 	bstod tshogs ka_.txt	     ཀྱི ས  མཛད་པ  རྫོགས་སོ  །།_༄༅།_།  དམྱལ་བ་ནས 
 ཀྱི ས་སྤངས 						ཀྱི	ས་སྤངས 	།_། 	དེ 	བཞིན 	གཤེགས 	bstod tshogs ka_.txt	     ཀྱི ས་སྤངས  །_།  དེ  བཞིན  གཤེགས 
 ཀྱི ་ཕྱིར 						ཀྱི	་ཕྱིར 	།_། 	ལས་གང་ལེགས་དང 	ཉེས་བྱས་པ 	།_། 	bstod tshogs ka_.txt	     ཀྱི ་ཕྱིར  །_།  ལས་གང་ལེགས་དང  ཉེས་བྱས་པ  །_། 
 ཀྱི  སྲད་བུ 						ཀྱི 	སྲད་བུ 	-ས 	དཀྲིས་པ 	-ས་ན 	།_། 	bstod tshogs ka_.txt	     ཀྱི  སྲད་བུ  -ས  དཀྲིས་པ  -ས་ན  །_། 
 ཀྱི  སྨན་པ 						ཀྱི 	སྨན་པ 	-འི་རྒྱལ 	།_། 	ནད 	རྣམས 	bstod tshogs ka_.txt	     ཀྱི  སྨན་པ  -འི་རྒྱལ  །_།  ནད  རྣམས 
 ཀྱི ས 						ཀྱི	ས 	མཛད་པ 	རྫོགས་སོ 	།།_༄༅།_། 	དཀོན 	bstod tshogs ka_.txt	     ཀྱི ས  མཛད་པ  རྫོགས་སོ  །།_༄༅།_།  དཀོན 
 ཀྱི ་སྐུ 						ཀྱི	་སྐུ 	།_། 	ལོངས 	སྤྱོད 	རྫོགས་པ 	bstod tshogs ka_.txt	     ཀྱི ་སྐུ  །_།  ལོངས  སྤྱོད  རྫོགས་པ 
 ཀྱི ་དབྱིངས 						ཀྱི	་དབྱིངས 	།_། 	སྒྲུབ་པ 	-འི 	འཕགས་ལམ་བརྒྱད 	bstod tshogs ka_.txt	     ཀྱི ་དབྱིངས  །_།  སྒྲུབ་པ  -འི  འཕགས་ལམ་བརྒྱད 
 ཀྱི  སྐུ་དང་ནི 						ཀྱི 	སྐུ་དང་ནི 	།_། 	གསུང་དང 	ཐུགས་ཀྱི 	ཕྲིན་ལས་ལ 	bstod tshogs ka_.txt	     ཀྱི  སྐུ་དང་ནི  །_།  གསུང་དང  ཐུགས་ཀྱི  ཕྲིན་ལས་ལ 
 ཀྱི  གླགས་ལ 						ཀྱི 	གླགས་ལ 	དོགས 	བཅས་པ 	།_། 	བདག་གི 	bstod tshogs ka_.txt	     ཀྱི  གླགས་ལ  དོགས  བཅས་པ  །_།  བདག་གི 
 ཀྱི ས་གོ 						ཀྱི	ས་གོ 	།_། 	སྙིང་པོ 	ཅི་ཕྱིར 	བླང 	bstod tshogs ka_.txt	     ཀྱི ས་གོ  །_།  སྙིང་པོ  ཅི་ཕྱིར  བླང 
 ཀྱི ས 						ཀྱི	ས 	།_། 	རང་གི 	དོན་ལ 	གུས་པ་ཡིས 	bstod tshogs ka_.txt	     ཀྱི ས  །_།  རང་གི  དོན་ལ  གུས་པ་ཡིས 
 ཀྱི  མཐུ་ཡིས་ནི 						ཀྱི 	མཐུ་ཡིས་ནི 	།_། 	སློབ་ལ 	སྨྲ་བ 	-ར 	bstod tshogs ka_.txt	     ཀྱི  མཐུ་ཡིས་ནི  །_།  སློབ་ལ  སྨྲ་བ  -ར 
 ཀྱི  །_། 						ཀྱི 	།_། 	མི 	སློབ་པ་ཡི 	མདུན་དུ་མིན 	།_། 	bstod tshogs ka_.txt	     ཀྱི  །_།  མི  སློབ་པ་ཡི  མདུན་དུ་མིན  །_། 
 ཀྱི  ཡོན་ཏན 						ཀྱི 	ཡོན་ཏན 	སླད་དུ་བདག 	_། 	བསོད 	ནམ 	bstod tshogs ka_.txt	     ཀྱི  ཡོན་ཏན  སླད་དུ་བདག  _།  བསོད  ནམ 
 ཀྱི ས 						ཀྱི	ས 	ཞལ་གྱིས་བཞེས 	།_། 	སྙིང 	རྗེ 	bstod tshogs ka_.txt	     ཀྱི ས  ཞལ་གྱིས་བཞེས  །_།  སྙིང  རྗེ 
 ཀྱི  ཤ་ཡང 						ཀྱི 	ཤ་ཡང 	སྩོལ 	མཛད་ན 	།_། 	དངོས་པོ 	bstod tshogs ka_.txt	     ཀྱི  ཤ་ཡང  སྩོལ  མཛད་ན  །_།  དངོས་པོ 
 ཀྱི  སྲོག་ཀྱང་ནི 						ཀྱི 	སྲོག་ཀྱང་ནི 	།_། 	སློང 	བ 	-འི 	bstod tshogs ka_.txt	     ཀྱི  སྲོག་ཀྱང་ནི  །_།  སློང  བ  -འི 
 ཀྱི  སྐུ་དང 						ཀྱི 	སྐུ་དང 	སྲོག 	དག་གིས 	།_། 	ལུས 	bstod tshogs ka_.txt	     ཀྱི  སྐུ་དང  སྲོག  དག་གིས  །_།  ལུས 
 ཀྱི ས 						ཀྱི	ས 	།_། 	ལུས་དང 	སྲོག་ཀྱང 	ཁྱོད་ཀྱིས་ནི 	bstod tshogs ka_.txt	     ཀྱི ས  །_།  ལུས་དང  སྲོག་ཀྱང  ཁྱོད་ཀྱིས་ནི 
 ཀྱི ས 						ཀྱི	ས 	ཚུལ་ཁྲིམས 	གོམས་པ 	-ར་མཛད 	།_། 	bstod tshogs ka_.txt	     ཀྱི ས  ཚུལ་ཁྲིམས  གོམས་པ  -ར་མཛད  །_། 
 ཀྱི ས 						ཀྱི	ས 	།_། 	ཁྱོད་ནི 	གཞི 	རྟེན 	bstod tshogs ka_.txt	     ཀྱི ས  །_།  ཁྱོད་ནི  གཞི  རྟེན 
 ཀྱི ས 						ཀྱི	ས 	དགའ་བ 	-འི 	ཐུགས་ཀྱི་ནི 	།_། 	bstod tshogs ka_.txt	     ཀྱི ས  དགའ་བ  -འི  ཐུགས་ཀྱི་ནི  །_། 
 ཀྱི ས 						ཀྱི	ས 	གཞན་གྱི 	དོན 	སླད་དུ 	།_། 	bstod tshogs ka_.txt	     ཀྱི ས  གཞན་གྱི  དོན  སླད་དུ  །_། 
 ཀྱི ས་ནི 						ཀྱི	ས་ནི 	།_། 	རལ 	གྲི 	ཉིད་ཀྱིས 	bstod tshogs ka_.txt	     ཀྱི ས་ནི  །_།  རལ  གྲི  ཉིད་ཀྱིས 
 ཀྱི  ཐུགས་ནི 						ཀྱི 	ཐུགས་ནི 	རིན་པོ་ཆེ 	།_། 	རྫོགས་པ 	-འི 	bstod tshogs ka_.txt	     ཀྱི  ཐུགས་ནི  རིན་པོ་ཆེ  །_།  རྫོགས་པ  -འི 
 ཀྱི ས 						ཀྱི	ས 	བརྩོན་འགྲུས 	ལེགས་པ 	-ར་སྤེལ 	།_། 	bstod tshogs ka_.txt	     ཀྱི ས  བརྩོན་འགྲུས  ལེགས་པ  -ར་སྤེལ  །_། 
 ཀྱི  ཁྱད་པར་རྣམས 						ཀྱི 	ཁྱད་པར་རྣམས 	།_། 	ཐོག 	དྲུང 	རིམ་པ 	bstod tshogs ka_.txt	     ཀྱི  ཁྱད་པར་རྣམས  །_།  ཐོག  དྲུང  རིམ་པ 
 ཀྱི ས་ནི་བསལ 						ཀྱི	ས་ནི་བསལ 	།_། 	ཐུགས་ནི 	ཐུགས་རྗེ 	ཆེན་པོ་དང 	bstod tshogs ka_.txt	     ཀྱི ས་ནི་བསལ  །_།  ཐུགས་ནི  ཐུགས་རྗེ  ཆེན་པོ་དང 
 ཀྱི ས་ནི 						ཀྱི	ས་ནི 	ངེས་ལེགས་འཐད 	།_། 	གཞན་ལ 	གཅིག་ཏུ 	bstod tshogs ka_.txt	     ཀྱི ས་ནི  ངེས་ལེགས་འཐད  །_།  གཞན་ལ  གཅིག་ཏུ 
 ཀྱི ས་ནི 						ཀྱི	ས་ནི 	།_། 	ལོངས 	སྤྱོད 	དགག་པ 	bstod tshogs ka_.txt	     ཀྱི ས་ནི  །_།  ལོངས  སྤྱོད  དགག་པ 
 ཀྱི  སྨན 						ཀྱི 	སྨན 	མ་མཆིས 	།_། 	ཁྱོད་ཀྱི 	ཤེས་རབ 	bstod tshogs ka_.txt	     ཀྱི  སྨན  མ་མཆིས  །_།  ཁྱོད་ཀྱི  ཤེས་རབ 
 ཀྱི  ཀུན 						ཀྱི 	ཀུན 	བཞེས 	ཐུགས་ལ་བཞག 	_། 	ཉེས 	bstod tshogs ka_.txt	     ཀྱི  ཀུན  བཞེས  ཐུགས་ལ་བཞག  _།  ཉེས 
 ཀྱི ས 						ཀྱི	ས 	།_། 	ལེགས 	བཤད 	སྲོག་གིས 	bstod tshogs ka_.txt	     ཀྱི ས  །_།  ལེགས  བཤད  སྲོག་གིས 
 ཀྱི ་གང 						ཀྱི	་གང 	_།_། 	སྐྱེ་བོ 	-ས 	ཐོབ་པ 	bstod tshogs ka_.txt	     ཀྱི ་གང  _།_།  སྐྱེ་བོ  -ས  ཐོབ་པ 
 ཀྱི ས 						ཀྱི	ས 	།_། 	ཁྱོད་ནི 	ཡོན་ཏན 	ཕ་མཐའ 	bstod tshogs ka_.txt	     ཀྱི ས  །_།  ཁྱོད་ནི  ཡོན་ཏན  ཕ་མཐའ 
 ཀྱི  ཞབས 						ཀྱི 	ཞབས 	རྡུལ་ཡང 	།_། 	བསོད 	ནམ 	bstod tshogs ka_.txt	     ཀྱི  ཞབས  རྡུལ་ཡང  །_།  བསོད  ནམ 
 ཀྱི  ལོངས 						ཀྱི 	ལོངས 	སྤྱད་པས 	།_། 	བདག 	ཉིད 	bstod tshogs ka_.txt	     ཀྱི  ལོངས  སྤྱད་པས  །_།  བདག  ཉིད 
 ཀྱི ས་ཀྱང་ནི 						ཀྱི	ས་ཀྱང་ནི 	།_། 	ཚེ 	རབས 	སྔ་མ 	bstod tshogs ka_.txt	     ཀྱི ས་ཀྱང་ནི  །_།  ཚེ  རབས  སྔ་མ 
 ཀྱི ས 						ཀྱི	ས 	རབ་ཏུ་བཅོམ 	།_། 	གཞན་གྱི 	ཕུན་ཚོགས 	bstod tshogs ka_.txt	     ཀྱི ས  རབ་ཏུ་བཅོམ  །_།  གཞན་གྱི  ཕུན་ཚོགས 
 ཀྱི ས 						ཀྱི	ས 	བསགས 	བསགས་ནས 	།_། 	བདག 	bstod tshogs ka_.txt	     ཀྱི ས  བསགས  བསགས་ནས  །_།  བདག 
 ཀྱི ་རབ 						ཀྱི	་རབ 	།_། 	ཀུན་ཏུ 	མཚོ་དང 	དྲི་མ་གཅོད 	bstod tshogs ka_.txt	     ཀྱི ་རབ  །_།  ཀུན་ཏུ  མཚོ་དང  དྲི་མ་གཅོད 
 ཀྱི  ཡོན་ཏན 						ཀྱི 	ཡོན་ཏན 	བླ་མེད་ལ 	།_། 	གེགས 	བགྱིད 	bstod tshogs ka_.txt	     ཀྱི  ཡོན་ཏན  བླ་མེད་ལ  །_།  གེགས  བགྱིད 
 ཀྱི ས་ཀྱང 						ཀྱི	ས་ཀྱང 	།_། 	བསྐལ་པ 	རྣམས་ཀྱིས 	མ 	bstod tshogs ka_.txt	     ཀྱི ས་ཀྱང  །_།  བསྐལ་པ  རྣམས་ཀྱིས  མ 
 ཀྱི  དགོངས 						ཀྱི 	དགོངས 	འདྲ 	ག་ལ་མཆིས 	།_། 	གང 	bstod tshogs ka_.txt	     ཀྱི  དགོངས  འདྲ  ག་ལ་མཆིས  །_།  གང 
 ཀྱི ས 						ཀྱི	ས 	དགོངས་པ 	-འི་དཀྱེལ 	།_། 	གཏིང་དང 	bstod tshogs ka_.txt	     ཀྱི ས  དགོངས་པ  -འི་དཀྱེལ  །_།  གཏིང་དང 
 ཀྱི  བཀའ་ནི 						ཀྱི 	བཀའ་ནི 	བརྟན 	བཅས་པ 	།_། 	སུ་ཞིག་གིས་ནི 	bstod tshogs ka_.txt	     ཀྱི  བཀའ་ནི  བརྟན  བཅས་པ  །_།  སུ་ཞིག་གིས་ནི 
 ཀྱི ས 						ཀྱི	ས 	བརྟན་པ 	མངོན 	བསམ་ན 	།_། 	bstod tshogs ka_.txt	     ཀྱི ས  བརྟན་པ  མངོན  བསམ་ན  །_། 
 ཀྱི  ཡེ་ཤེས་ཀྱི 						ཀྱི 	ཡེ་ཤེས་ཀྱི 	།_། 	སྣང 	བས 	མི 	bstod tshogs ka_.txt	     ཀྱི  ཡེ་ཤེས་ཀྱི  །_།  སྣང  བས  མི 
 ཀྱི  སྤྱོད་པ 						ཀྱི 	སྤྱོད་པ 	བསམ 	མིན་པས 	།_། 	སངས 	bstod tshogs ka_.txt	     ཀྱི  སྤྱོད་པ  བསམ  མིན་པས  །_།  སངས 
 ཀྱི  གསུང 						ཀྱི 	གསུང 	ཐུགས 	མཛད་སྤྱོད་རྣམས 	།_། 	དག་པ 	bstod tshogs ka_.txt	     ཀྱི  གསུང  ཐུགས  མཛད་སྤྱོད་རྣམས  །_།  དག་པ 
 ཀྱི ས 						ཀྱི	ས 	སུ 	-ས 	གཞལ་ནུས 	།_། 	bstod tshogs ka_.txt	     ཀྱི ས  སུ  -ས  གཞལ་ནུས  །_། 
 ཀྱི ས 						ཀྱི	ས 	།_། 	སངས 	རྒྱས 	ཆོས་ལ 	bstod tshogs ka_.txt	     ཀྱི ས  །_།  སངས  རྒྱས  ཆོས་ལ 
 ཀྱི  རྗེས་འགྲོ་སློབ 						ཀྱི 	རྗེས་འགྲོ་སློབ 	།_། 	གྲོལ་བ 	ཙམ་གྱིས 	ཁྱོད་དང་མཚུངས 	bstod tshogs ka_.txt	     ཀྱི  རྗེས་འགྲོ་སློབ  །_།  གྲོལ་བ  ཙམ་གྱིས  ཁྱོད་དང་མཚུངས 
 ཀྱི ས་མིན 						ཀྱི	ས་མིན 	།_། 	རིན་ཆེན 	ཆོས་གང 	བརྙེས་ནས་ཁྱོད 	bstod tshogs ka_.txt	     ཀྱི ས་མིན  །_།  རིན་ཆེན  ཆོས་གང  བརྙེས་ནས་ཁྱོད 
 ཀྱི ་ཉནཐོས་ཀྱིས་ཀྱང་ནི 						ཀྱི	་ཉནཐོས་ཀྱིས་ཀྱང་ནི 	།_། 	མཉམ 	གནས 	བདུད་ལས 	bstod tshogs ka_.txt	     ཀྱི ་ཉནཐོས་ཀྱིས་ཀྱང་ནི  །_།  མཉམ  གནས  བདུད་ལས 
 ཀྱི  བྲན་དང 						ཀྱི 	བྲན་དང 	མངག་གཞུག་རྣམས 	།_། 	སྡང 	བས 	bstod tshogs ka_.txt	     ཀྱི  བྲན་དང  མངག་གཞུག་རྣམས  །_།  སྡང  བས 
 ཀྱི ས 						ཀྱི	ས 	དགྱེས་པ 	-ར་མཛད 	།_། 	གང 	bstod tshogs ka_.txt	     ཀྱི ས  དགྱེས་པ  -ར་མཛད  །_།  གང 
 ཀྱི ས 						ཀྱི	ས 	མུ་སྟེགས་ལས 	།_། 	རྒྱལ 	བར 	bstod tshogs ka_.txt	     ཀྱི ས  མུ་སྟེགས་ལས  །_།  རྒྱལ  བར 
 ཀྱི ས་ནི 						ཀྱི	ས་ནི 	།_། 	རྒོལ 	བ 	-འི 	bstod tshogs ka_.txt	     ཀྱི ས་ནི  །_།  རྒོལ  བ  -འི 
 ཀྱི  ཐུགས་ནི 						ཀྱི 	ཐུགས་ནི 	མི 	འགྱུར་ན 	།_། 	ཁྱོད་ལ 	bstod tshogs ka_.txt	     ཀྱི  ཐུགས་ནི  མི  འགྱུར་ན  །_།  ཁྱོད་ལ 
 ཀྱི ས 						ཀྱི	ས 	མི 	དགོངས་ན 	།_། 	གཟིགས་པ་དང་ནི 	bstod tshogs ka_.txt	     ཀྱི ས  མི  དགོངས་ན  །_།  གཟིགས་པ་དང་ནི 
 ཀྱི ས 						ཀྱི	ས 	མ 	གཟིགས 	མ 	གསན་བཞིན 	bstod tshogs ka_.txt	     ཀྱི ས  མ  གཟིགས  མ  གསན་བཞིན 
 ཀྱི  ཐུགས 						ཀྱི 	ཐུགས 	སྟོབས་ནི 	།_། 	རབ་དང 	ཡོངས་སུ 	bstod tshogs ka_.txt	     ཀྱི  ཐུགས  སྟོབས་ནི  །_།  རབ་དང  ཡོངས་སུ 
 ཀྱི ས་ཀྱང 						ཀྱི	ས་ཀྱང 	ཤིན་ཏུ་བསྒྲིབས 	།_། 	དབང་པོ 	རྣམས་ནི 	bstod tshogs ka_.txt	     ཀྱི ས་ཀྱང  ཤིན་ཏུ་བསྒྲིབས  །_།  དབང་པོ  རྣམས་ནི 
 ཀྱི  བློ་གྲོས 						ཀྱི 	བློ་གྲོས 	དགོངས་པ་དག 	_། 	རྣམ 	དག 	bstod tshogs ka_.txt	     ཀྱི  བློ་གྲོས  དགོངས་པ་དག  _།  རྣམ  དག 
 ཀྱི  སྐུ 						ཀྱི 	སྐུ 	མཐོང་བས 	།_། 	སེམས་ནི 	དང་བ 	bstod tshogs ka_.txt	     ཀྱི  སྐུ  མཐོང་བས  །_།  སེམས་ནི  དང་བ 
 ཀྱི  སྐུ་དེ་གང་གིས་ནི 						ཀྱི 	སྐུ་དེ་གང་གིས་ནི 	།_། 	ལན 	བརྒྱ 	མཐོང་དང 	bstod tshogs ka_.txt	     ཀྱི  སྐུ་དེ་གང་གིས་ནི  །_།  ལན  བརྒྱ  མཐོང་དང 
 ཀྱི ས་ནི 						ཀྱི	ས་ནི 	།_། 	ཁྱོད་ཀྱི 	སྐུ་ནི 	མཛེས་པ 	bstod tshogs ka_.txt	     ཀྱི ས་ནི  །_།  ཁྱོད་ཀྱི  སྐུ་ནི  མཛེས་པ 
 ཀྱི  སྐུ་དང་ནི 						ཀྱི 	སྐུ་དང་ནི 	།_། 	ཡོན་ཏན 	ཕུན་ཚོགས 	མཆོག་དང་ལྡན 	bstod tshogs ka_.txt	     ཀྱི  སྐུ་དང་ནི  །_།  ཡོན་ཏན  ཕུན་ཚོགས  མཆོག་དང་ལྡན 
 ཀྱི  སྐུ 						ཀྱི 	སྐུ 	ལས་མ 	གཏོགས་པ 	།_། 	དེ 	bstod tshogs ka_.txt	     ཀྱི  སྐུ  ལས་མ  གཏོགས་པ  །_།  དེ 
 ཀྱི ས་བཅིངས 						ཀྱི	ས་བཅིངས 	།_། 	ཁྱོད་ནི 	འགྲོ་བ 	-འི 	bstod tshogs ka_.txt	     ཀྱི ས་བཅིངས  །_།  ཁྱོད་ནི  འགྲོ་བ  -འི 
 ཀྱི  ཐུགས་རྗེ་ཡིས 						ཀྱི 	ཐུགས་རྗེ་ཡིས 	།_། 	དགོན་པ 	ཞི་གནས 	གྲོང་གི་མཐར 	bstod tshogs ka_.txt	     ཀྱི  ཐུགས་རྗེ་ཡིས  །_།  དགོན་པ  ཞི་གནས  གྲོང་གི་མཐར 
 ཀྱི  ཞབས་ཀྱིས 						ཀྱི 	ཞབས་ཀྱིས 	འདོར་བ 	-ར་མཛད 	།_། 	དོན 	bstod tshogs ka_.txt	     ཀྱི  ཞབས་ཀྱིས  འདོར་བ  -ར་མཛད  །_།  དོན 
 ཀྱི  ཡོན་ཏན 						ཀྱི 	ཡོན་ཏན 	བརྗོད་པ་གང 	།_། 	དེ་ནི 	བཞེད 	bstod tshogs ka_.txt	     ཀྱི  ཡོན་ཏན  བརྗོད་པ་གང  །_།  དེ་ནི  བཞེད 
 ཀྱི  ཐུགས་རྗེ 						ཀྱི 	ཐུགས་རྗེ 	བསྟན་པ་ལགས 	།_། 	གལ་ཏེ 	སེམས་ཅན 	bstod tshogs ka_.txt	     ཀྱི  ཐུགས་རྗེ  བསྟན་པ་ལགས  །_།  གལ་ཏེ  སེམས་ཅན 
 ཀྱི  དོན་ལ 						ཀྱི 	དོན་ལ 	བརྩེ 	མེད་པས 	།_། 	མགོན་པོ 	bstod tshogs ka_.txt	     ཀྱི  དོན་ལ  བརྩེ  མེད་པས  །_།  མགོན་པོ 
 ཀྱི ས 						ཀྱི	ས 	ཉིད 	དོན་ལས 	ལྷག་པར 	།_། 	bstod tshogs ka_.txt	     ཀྱི ས  ཉིད  དོན་ལས  ལྷག་པར  །_། 
 ཀྱི  བཞེད་པ 						ཀྱི 	བཞེད་པ 	ཁོ་ན་དང 	།_། 	མཐུན 	འཇུག་པ་ནི 	bstod tshogs ka_.txt	     ཀྱི  བཞེད་པ  ཁོ་ན་དང  །_།  མཐུན  འཇུག་པ་ནི 
 ཀྱི  གསུང་ནི 						ཀྱི 	གསུང་ནི 	དེ་ལྟ་བུ 	།_། 	ཁྱོད་ཀྱི 	དགྲ་བོ 	bstod tshogs ka_.txt	     ཀྱི  གསུང་ནི  དེ་ལྟ་བུ  །_།  ཁྱོད་ཀྱི  དགྲ་བོ 
 ཀྱི  གསུང་ནི 						ཀྱི 	གསུང་ནི 	དོན་གྲུབ་པས 	།_། 	ཐམས་ཅད 	ལེགས་གསུང 	bstod tshogs ka_.txt	     ཀྱི  གསུང་ནི  དོན་གྲུབ་པས  །_།  ཐམས་ཅད  ལེགས་གསུང 
 ཀྱི  གསུང་ནི་རྣམ 						ཀྱི 	གསུང་ནི་རྣམ 	བརྟགས་ན 	།_། 	གང་ཞིག 	འཇམ་དང 	bstod tshogs ka_.txt	     ཀྱི  གསུང་ནི་རྣམ  བརྟགས་ན  །_།  གང་ཞིག  འཇམ་དང 
 ཀྱི  །_། 						ཀྱི 	།_། 	སྣོད 	འདི 	འདྲ་བ 	འདི 	bstod tshogs ka_.txt	     ཀྱི  །_།  སྣོད  འདི  འདྲ་བ  འདི 
 ཀྱི  སྐྱོན་དང 						ཀྱི 	སྐྱོན་དང 	འབྲེལ་པ 	-ས་ན 	།_། 	རྣ 	bstod tshogs ka_.txt	     ཀྱི  སྐྱོན་དང  འབྲེལ་པ  -ས་ན  །_།  རྣ 
 ཀྱི ས་ནི 						ཀྱི	ས་ནི 	།_། 	ཁྱོད་ཀྱི 	གསུང་ནི 	འདོད་ཆགས་ཀྱི 	bstod tshogs ka_.txt	     ཀྱི ས་ནི  །_།  ཁྱོད་ཀྱི  གསུང་ནི  འདོད་ཆགས་ཀྱི 
 ཀྱི ་བདེན 						ཀྱི	་བདེན 	གསུང 	སུ 	-ས 	རྟོགས་འགྱུར 	bstod tshogs ka_.txt	     ཀྱི ་བདེན  གསུང  སུ  -ས  རྟོགས་འགྱུར 
 ཀྱི  གསུང་ནི་ལེགས་གསུམ་ལྡན 						ཀྱི 	གསུང་ནི་ལེགས་གསུམ་ལྡན 	།_། 	ཟབ་པ་དང་ནི 	སྙན་པ་དང 	།_། 	bstod tshogs ka_.txt	     ཀྱི  གསུང་ནི་ལེགས་གསུམ་ལྡན  །_།  ཟབ་པ་དང་ནི  སྙན་པ་དང  །_། 
 ཀྱི ་གསུང 						ཀྱི	་གསུང 	།_། 	ཉན་པ 	རྣམས་ཀྱི 	ཡིད་འཕྲོག་མཛད 	bstod tshogs ka_.txt	     ཀྱི ་གསུང  །_།  ཉན་པ  རྣམས་ཀྱི  ཡིད་འཕྲོག་མཛད 
 ཀྱི  དབུགས 						ཀྱི 	དབུགས 	འབྱིན་ཅིང 	།_། 	བག 	མེད 	bstod tshogs ka_.txt	     ཀྱི  དབུགས  འབྱིན་ཅིང  །_།  བག  མེད 
 ཀྱི  བློ་ཡང་སྤེལ 						ཀྱི 	བློ་ཡང་སྤེལ 	།_། 	ཐ 	མ 	-འི 	bstod tshogs ka_.txt	     ཀྱི  བློ་ཡང་སྤེལ  །_།  ཐ  མ  -འི 
 ཀྱི ་གསུང 						ཀྱི	་གསུང 	།_། 	ཡོན་ཏན 	རྣམས་ཀྱི 	ཆ 	bstod tshogs ka_.txt	     ཀྱི ་གསུང  །_།  ཡོན་ཏན  རྣམས་ཀྱི  ཆ 
 ཀྱི ས 						ཀྱི	ས 	ལུང་བསྟན་ཀུན 	།_། 	ཐམས་ཅད་ལ་ཡང 	སླུ 	bstod tshogs ka_.txt	     ཀྱི ས  ལུང་བསྟན་ཀུན  །_།  ཐམས་ཅད་ལ་ཡང  སླུ 
 ཀྱི  ཉན་ཐོས 						ཀྱི 	ཉན་ཐོས 	མཆོག 	རྣམས་ཀྱི 	།_། 	རིགས་དང 	bstod tshogs ka_.txt	     ཀྱི  ཉན་ཐོས  མཆོག  རྣམས་ཀྱི  །_།  རིགས་དང 
 ཀྱི  བསྟན 						ཀྱི 	བསྟན 	འདྲ 	གཞན་ལ་མེད 	།_། 	གཞན 	bstod tshogs ka_.txt	     ཀྱི  བསྟན  འདྲ  གཞན་ལ་མེད  །_།  གཞན 
 ཀྱི  གཞུང་ལུགས 						ཀྱི 	གཞུང་ལུགས 	དེ་ལྟ་བུ 	།_། 	གཅིག་པུ 	ཕོངས་ལ 	bstod tshogs ka_.txt	     ཀྱི  གཞུང་ལུགས  དེ་ལྟ་བུ  །_།  གཅིག་པུ  ཕོངས་ལ 
 ཀྱི  བསྟན་པ་ཅི 						ཀྱི 	བསྟན་པ་ཅི 	སྨོས་ཏེ 	།_། 	མགོ་ལ 	ཞུགས་ནི 	bstod tshogs ka_.txt	     ཀྱི  བསྟན་པ་ཅི  སྨོས་ཏེ  །_།  མགོ་ལ  ཞུགས་ནི 
 ཀྱི ས 						ཀྱི	ས 	།_། 	ཁྱོད་ཀྱི 	བསྟན་པ 	-ས 	bstod tshogs ka_.txt	     ཀྱི ས  །_།  ཁྱོད་ཀྱི  བསྟན་པ  -ས 
 ཀྱི  ཡོན་ཏན 						ཀྱི 	ཡོན་ཏན 	བསྔགས་པ་དང 	།_། 	ལེགས་པ 	བཞི་པོ 	bstod tshogs ka_.txt	     ཀྱི  ཡོན་ཏན  བསྔགས་པ་དང  །_།  ལེགས་པ  བཞི་པོ 
 ཀྱི  བསྟན་པ་འདི 						ཀྱི 	བསྟན་པ་འདི 	།_། 	མུ 	སྟེགས 	ཐམས་ཅད 	bstod tshogs ka_.txt	     ཀྱི  བསྟན་པ་འདི  །_།  མུ  སྟེགས  ཐམས་ཅད 
 ཀྱི  བསྟན་པ 						ཀྱི 	བསྟན་པ 	-ས 	ཟིལ་གྱིས་མནན 	།_། 	སྐྱེས་ནས 	bstod tshogs ka_.txt	     ཀྱི  བསྟན་པ  -ས  ཟིལ་གྱིས་མནན  །_།  སྐྱེས་ནས 
 ཀྱི ས་ཀྱང 						ཀྱི	ས་ཀྱང 	དབང 	ཐོབ་ཕྱིར 	།_། 	དེ་ལས 	bstod tshogs ka_.txt	     ཀྱི ས་ཀྱང  དབང  ཐོབ་ཕྱིར  །_།  དེ་ལས 
 ཀྱི  བསྟན་པ 						ཀྱི 	བསྟན་པ 	-འི 	ལུགས 	འཚལ་བ 	།_། 	bstod tshogs ka_.txt	     ཀྱི  བསྟན་པ  -འི  ལུགས  འཚལ་བ  །_། 
 ཀྱི ས 						ཀྱི	ས 	མི 	རྫི་བ 	།_། 	དེར་ཡང 	bstod tshogs ka_.txt	     ཀྱི ས  མི  རྫི་བ  །_།  དེར་ཡང 
 ཀྱི ་ནི 						ཀྱི	་ནི 	།_། 	བསྟན་ལས 	གཞན་ལ 	མཆིས 	bstod tshogs ka_.txt	     ཀྱི ་ནི  །_།  བསྟན་ལས  གཞན་ལ  མཆིས 
 ཀྱི ་བསྟན 						ཀྱི	་བསྟན 	།_། 	དེ 	ལྟར 	ལེགས་པ 	bstod tshogs ka_.txt	     ཀྱི ་བསྟན  །_།  དེ  ལྟར  ལེགས་པ 
 ཀྱི  སྲ 						ཀྱི 	སྲ 	-ས་ཀྱིས 	མགུ་བ 	-ར་འགྱུར 	།_། 	bstod tshogs ka_.txt	     ཀྱི  སྲ  -ས་ཀྱིས  མགུ་བ  -ར་འགྱུར  །_། 
 ཀྱི ས 						ཀྱི	ས 	།_། 	ཡོན་ཏན 	དྲན་པ 	གསལ་བ 	bstod tshogs ka_.txt	     ཀྱི ས  །_།  ཡོན་ཏན  དྲན་པ  གསལ་བ 
 ཀྱི  དྲུང་དུ 						ཀྱི 	དྲུང་དུ 	ཉེར 	མཆིས་ན 	།_། 	ཕྱི་ནས 	bstod tshogs ka_.txt	     ཀྱི  དྲུང་དུ  ཉེར  མཆིས་ན  །_།  ཕྱི་ནས 
 ཀྱི  འདྲེན་པ་ལགས 						ཀྱི 	འདྲེན་པ་ལགས 	།_། 	མེ 	ཏོག 	གཅིག་ནི 	bstod tshogs ka_.txt	     ཀྱི  འདྲེན་པ་ལགས  །_།  མེ  ཏོག  གཅིག་ནི 
 ཀྱི ་མཆོག 						ཀྱི	་མཆོག 	_། 	ཞིང 	གཤིན 	འབྲས་བུ 	bstod tshogs ka_.txt	     ཀྱི ་མཆོག  _།  ཞིང  གཤིན  འབྲས་བུ 
 ཀྱི  ཕུལ་ཡང 						ཀྱི 	ཕུལ་ཡང 	ཁྱོད 	ལགས་སོ 	།_། 	གང་ཞིག་གིས 	bstod tshogs ka_.txt	     ཀྱི  ཕུལ་ཡང  ཁྱོད  ལགས་སོ  །_།  གང་ཞིག་གིས 
 ཀྱི  དགྲ་བོ 						ཀྱི 	དགྲ་བོ 	ལྟར 	གྱུར་ཅིང 	།_། 	གཡང 	bstod tshogs ka_.txt	     ཀྱི  དགྲ་བོ  ལྟར  གྱུར་ཅིང  །_།  གཡང 
 ཀྱི ས 						ཀྱི	ས 	ཤེས་རབ 	སྣང་བ 	-ར་མཛད 	།_། 	bstod tshogs ka_.txt	     ཀྱི ས  ཤེས་རབ  སྣང་བ  -ར་མཛད  །_། 
 ཀྱི  འཇིག་རྟེན་ལ 						ཀྱི 	འཇིག་རྟེན་ལ 	སྟོན་མཛད 	།_། 	ཡུལ 	ལ་ཉེ 	bstod tshogs ka_.txt	     ཀྱི  འཇིག་རྟེན་ལ  སྟོན་མཛད  །_།  ཡུལ  ལ་ཉེ 
 ཀྱི  །_། 						ཀྱི 	།_། 	ཁྱོད་ཀྱི 	ལོངས་སྤྱོད 	ཐུན་མོང་བས 	།_། 	bstod tshogs ka_.txt	     ཀྱི  །_།  ཁྱོད་ཀྱི  ལོངས་སྤྱོད  ཐུན་མོང་བས  །_། 
 ཀྱི ས 						ཀྱི	ས 	བསྟན་པ 	-ར 	རབ 	བཙུད་ན 	bstod tshogs ka_.txt	     ཀྱི ས  བསྟན་པ  -ར  རབ  བཙུད་ན 
 ཀྱི ས 						ཀྱི	ས 	སྐྱེ་བ་དང 	།_། 	ན 	ཚོད 	bstod tshogs ka_.txt	     ཀྱི ས  སྐྱེ་བ་དང  །_།  ན  ཚོད 
 ཀྱི  སྐྱོན་མེད 						ཀྱི 	སྐྱོན་མེད 	ཆོས 	རྣམས་ཀྱིས 	།_། 	འདི 	bstod tshogs ka_.txt	     ཀྱི  སྐྱོན་མེད  ཆོས  རྣམས་ཀྱིས  །_།  འདི 
 ཀྱི  ལྟོས་པ 						ཀྱི 	ལྟོས་པ 	བསལ་ནས་ནི 	།_། 	དེ 	ལྟར 	bstod tshogs ka_.txt	     ཀྱི  ལྟོས་པ  བསལ་ནས་ནི  །_།  དེ  ལྟར 
 ཀྱི  ཉན་ཐོས 						ཀྱི 	ཉན་ཐོས 	སྲེད 	བྲལ་ཞིང 	།_། 	ཡ 	bstod tshogs ka_.txt	     ཀྱི  ཉན་ཐོས  སྲེད  བྲལ་ཞིང  །_།  ཡ 
 ཀྱི  །_། 						ཀྱི 	།_། 	སྨོན 	པར 	བྱ་བ 	ཉིད་དུ་གྱུར 	bstod tshogs ka_.txt	     ཀྱི  །_།  སྨོན  པར  བྱ་བ  ཉིད་དུ་གྱུར 
 ཀྱི ས 						ཀྱི	ས 	སྡུག་བསྔལ 	མི 	དགོངས་སོ 	།_། 	bstod tshogs ka_.txt	     ཀྱི ས  སྡུག་བསྔལ  མི  དགོངས་སོ  །_། 
 ཀྱི ས 						ཀྱི	ས 	བརྩོན་པ 	མཛད་པ་གང 	།_། 	སངས 	bstod tshogs ka_.txt	     ཀྱི ས  བརྩོན་པ  མཛད་པ་གང  །_།  སངས 
 ཀྱི  སངས་རྒྱས་ཀྱི 						ཀྱི 	སངས་རྒྱས་ཀྱི 	།_། 	ཆོས 	ཉིད 	བཅོམ་ལྡན་དེ 	bstod tshogs ka_.txt	     ཀྱི  སངས་རྒྱས་ཀྱི  །_།  ཆོས  ཉིད  བཅོམ་ལྡན་དེ 
 ཀྱི ས 						ཀྱི	ས 	ཞི་གནས 	ཐོབ་པ་ཡང 	།_། 	སྤངས་པ 	bstod tshogs ka_.txt	     ཀྱི ས  ཞི་གནས  ཐོབ་པ་ཡང  །_།  སྤངས་པ 
 ཀྱི ས་ནི 						ཀྱི	ས་ནི 	མི 	འགྲང་བའི 	།_། 	མི 	bstod tshogs ka_.txt	     ཀྱི ས་ནི  མི  འགྲང་བའི  །_།  མི 
 ཀྱི  ཆེ་བ་ལགས 						ཀྱི 	ཆེ་བ་ལགས 	།_། 	དེ་ལ 	མངོན་འདོད 	དོན་ལ་ཡང 	bstod tshogs ka_.txt	     ཀྱི  ཆེ་བ་ལགས  །_།  དེ་ལ  མངོན་འདོད  དོན་ལ་ཡང 
 ཀྱི  སྒྲུབ་པ 						ཀྱི 	སྒྲུབ་པ 	བཟང་པོ་ལས 	།_། 	འདའ 	བར 	bstod tshogs ka_.txt	     ཀྱི  སྒྲུབ་པ  བཟང་པོ་ལས  །_།  འདའ  བར 
 ཀྱི  ཉེས་པ 						ཀྱི 	ཉེས་པ 	མཐོང་བ་ལ 	།_། 	ཁྱོད་ནི 	གནོད 	bstod tshogs ka_.txt	     ཀྱི  ཉེས་པ  མཐོང་བ་ལ  །_།  ཁྱོད་ནི  གནོད 
 ཀྱི  ལོག་རྟོག་པས 						ཀྱི 	ལོག་རྟོག་པས 	།_། 	མི 	བསྐྱོད་དེ་ལ 	ཕན 	bstod tshogs ka_.txt	     ཀྱི  ལོག་རྟོག་པས  །_།  མི  བསྐྱོད་དེ་ལ  ཕན 
 ཀྱི ས 						ཀྱི	ས 	།_། 	མི 	སྙན 	སྨྲ་ལ 	bstod tshogs ka_.txt	     ཀྱི ས  །_།  མི  སྙན  སྨྲ་ལ 
 ཀྱི ས 						ཀྱི	ས 	སྡང་བ 	བྱམས་པ 	-ས་བཏུལ 	།_། 	bstod tshogs ka_.txt	     ཀྱི ས  སྡང་བ  བྱམས་པ  -ས་བཏུལ  །_། 
 ཀྱི ས་ཀྱང་ནི 						ཀྱི	ས་ཀྱང་ནི 	རྟག་ཏུ་བཏུལ 	།_། 	བཟློག་ལ 	ཡང་དག 	bstod tshogs ka_.txt	     ཀྱི ས་ཀྱང་ནི  རྟག་ཏུ་བཏུལ  །_།  བཟློག་ལ  ཡང་དག 
 ཀྱི ས 						ཀྱི	ས 	ངན་སོང་རྣམ 	བཟློག་ནས 	།_། 	སྐད་ཅིག 	bstod tshogs ka_.txt	     ཀྱི ས  ངན་སོང་རྣམ  བཟློག་ནས  །_།  སྐད་ཅིག 
 ཀྱི  ཐབས་མཁས་ལགས 						ཀྱི 	ཐབས་མཁས་ལགས 	།_། 	རང 	རིག 	རྗེས་སུ 	bstod tshogs ka_.txt	     ཀྱི  ཐབས་མཁས་ལགས  །_།  རང  རིག  རྗེས་སུ 
 ཀྱི  ཆོས་ཀྱིས 						ཀྱི 	ཆོས་ཀྱིས 	རོ 	-ས 	ཚིམ་པས 	།_། 	bstod tshogs ka_.txt	     ཀྱི  ཆོས་ཀྱིས  རོ  -ས  ཚིམ་པས  །_། 
 ཀྱི ས 						ཀྱི	ས 	དུས་དང 	བསམ 	མཁྱེན་པས 	།_། 	bstod tshogs ka_.txt	     ཀྱི ས  དུས་དང  བསམ  མཁྱེན་པས  །_། 
 ཀྱི ས 						ཀྱི	ས 	གང་ཞིག 	མ 	སྩལ་བའི 	།_། 	bstod tshogs ka_.txt	     ཀྱི ས  གང་ཞིག  མ  སྩལ་བའི  །_། 
 ཀྱི ས་མཛད 						ཀྱི	ས་མཛད 	།_། 	གཞན་གྱི 	ཆ་ལུགས 	སྣ་ཚོགས་ནི 	bstod tshogs ka_.txt	     ཀྱི ས་མཛད  །_།  གཞན་གྱི  ཆ་ལུགས  སྣ་ཚོགས་ནི 
 ཀྱི  སྤྱོད་པ་ནི 						ཀྱི 	སྤྱོད་པ་ནི 	།_། 	གཞན 	གསོད་པ་དང 	སྨོད་པ་སྟེ 	bstod tshogs ka_.txt	     ཀྱི  སྤྱོད་པ་ནི  །_།  གཞན  གསོད་པ་དང  སྨོད་པ་སྟེ 
 ཀྱི  །_། 						ཀྱི 	།_། 	བདེན 	པར 	གསུང་བ 	ཁྱེད་ལ་ནི 	bstod tshogs ka_.txt	     ཀྱི  །_།  བདེན  པར  གསུང་བ  ཁྱེད་ལ་ནི 
 ཀྱི ས 						ཀྱི	ས 	འགྲོ་བ 	-འི 	དཔལ་ཞིང་མཛད 	།_། 	bstod tshogs ka_.txt	     ཀྱི ས  འགྲོ་བ  -འི  དཔལ་ཞིང་མཛད  །_། 
 ཀྱི ་ནི 						ཀྱི	་ནི 	།_། 	འབའ་ཞིག 	ཁྱོད་ནི 	སྨད 	bstod tshogs ka_.txt	     ཀྱི ་ནི  །_།  འབའ་ཞིག  ཁྱོད་ནི  སྨད 
 ཀྱི  ཆོས་ལ 						ཀྱི 	ཆོས་ལ 	གནས་དེ་དག 	_། 	རང 	དོན 	bstod tshogs ka_.txt	     ཀྱི  ཆོས་ལ  གནས་དེ་དག  _།  རང  དོན 
 ཀྱི ་ནི 						ཀྱི	་ནི 	།_། 	གྲོགས 	བཟང 	བག 	bstod tshogs ka_.txt	     ཀྱི ་ནི  །_།  གྲོགས  བཟང  བག 
 ཀྱི ས 						ཀྱི	ས 	ཉོན་མོངས 	གཞོམ་པ་བཤད 	།_། 	བདུད་ཀྱི 	bstod tshogs ka_.txt	     ཀྱི ས  ཉོན་མོངས  གཞོམ་པ་བཤད  །_།  བདུད་ཀྱི 
 ཀྱི  །_། 						ཀྱི 	།_། 	ཉོན་མོངས 	བདུད་ལས 	རྒྱལ 	གྱུར་པ 	bstod tshogs ka_.txt	     ཀྱི  །_།  ཉོན་མོངས  བདུད་ལས  རྒྱལ  གྱུར་པ 
 ཀྱི ས 						ཀྱི	ས 	མ 	མཛད་པ 	།_། 	གཞན་གོ་ཅི་ཞིག 	bstod tshogs ka_.txt	     ཀྱི ས  མ  མཛད་པ  །_།  གཞན་གོ་ཅི་ཞིག 
 ཀྱི ་ནི 						ཀྱི	་ནི 	།_། 	ལྷ 	སྦྱིན་ལ 	བརྟེན 	bstod tshogs ka_.txt	     ཀྱི ་ནི  །_།  ལྷ  སྦྱིན་ལ  བརྟེན 
 ཀྱི  མཛད་པ 						ཀྱི 	མཛད་པ 	-ར 	མི 	སྤྱོད་གང 	།_། 	bstod tshogs ka_.txt	     ཀྱི  མཛད་པ  -ར  མི  སྤྱོད་གང  །_། 
 ཀྱི ས་ནི 						ཀྱི	ས་ནི 	།_། 	འདི་ནི 	ཕན་ཚུན 	བྱེད་པ་པོ 	bstod tshogs ka_.txt	     ཀྱི ས་ནི  །_།  འདི་ནི  ཕན་ཚུན  བྱེད་པ་པོ 
 ཀྱི ས 						ཀྱི	ས 	མི 	སྤྱོད་པ་ཡིས་ཀྱང 	།_། 	གང 	bstod tshogs ka_.txt	     ཀྱི ས  མི  སྤྱོད་པ་ཡིས་ཀྱང  །_།  གང 
 ཀྱི  སྐུ་ཡིས 						ཀྱི 	སྐུ་ཡིས 	མ 	ལུས་པའི 	།_། 	འགྲོ་བ 	bstod tshogs ka_.txt	     ཀྱི  སྐུ་ཡིས  མ  ལུས་པའི  །_།  འགྲོ་བ 
 ཀྱི ས 						ཀྱི	ས 	།_། 	སློབ་དཔོན 	ཁུ་ཚུར 	བཅིང 	bstod tshogs ka_.txt	     ཀྱི ས  །_།  སློབ་དཔོན  ཁུ་ཚུར  བཅིང 
 ཀྱི ས 						ཀྱི	ས 	ཤིན་ཏུ་ནི 	།_། 	དཀའ 	སྤྱད 	bstod tshogs ka_.txt	     ཀྱི ས  ཤིན་ཏུ་ནི  །_།  དཀའ  སྤྱད 
 ཀྱི ་བདེ་ལ 						ཀྱི	་བདེ་ལ 	ཆགས 	མི་མངའ 	།_། 	དེ་ལ 	bstod tshogs ka_.txt	     ཀྱི ་བདེ་ལ  ཆགས  མི་མངའ  །_།  དེ་ལ 
 ཀྱི  སྐུ་དང 						ཀྱི 	སྐུ་དང 	ཆོས 	འདི་དག 	_། 	གཞན 	bstod tshogs ka_.txt	     ཀྱི  སྐུ་དང  ཆོས  འདི་དག  _།  གཞན 
 ཀྱི ས 						ཀྱི	ས 	མྱ་ངན 	འདས་པ་བསྟན 	།_། 	དེ་ནི 	bstod tshogs ka_.txt	     ཀྱི ས  མྱ་ངན  འདས་པ་བསྟན  །_།  དེ་ནི 
 ཀྱི ས 						ཀྱི	ས 	མ 	ཉམས 	ཉིད་དུ་འཁུམས 	།_། 	bstod tshogs ka_.txt	     ཀྱི ས  མ  ཉམས  ཉིད་དུ་འཁུམས  །_། 
 ཀྱི  མཆོག་ལ 						ཀྱི 	མཆོག་ལ 	གཏད 	མཛད་དེ 	།_། 	གཟུགས 	bstod tshogs ka_.txt	     ཀྱི  མཆོག་ལ  གཏད  མཛད་དེ  །_།  གཟུགས 
 ཀྱི ས 						ཀྱི	ས 	།_། 	སེམས 	ཅན 	དོན་ལ 	bstod tshogs ka_.txt	     ཀྱི ས  །_།  སེམས  ཅན  དོན་ལ 
 ཀྱི ་ནི 						ཀྱི	་ནི 	ཆོས 	རྣམས་ལ 	།_། 	ཡ 	bstod tshogs ka_.txt	     ཀྱི ་ནི  ཆོས  རྣམས་ལ  །_།  ཡ 
 ཀྱི ས 						ཀྱི	ས 	མ 	དགོངས་ཏེ 	།_། 	དེ 	bstod tshogs ka_.txt	     ཀྱི ས  མ  དགོངས་ཏེ  །_།  དེ 
 ཀྱི ་ཚོགས 						ཀྱི	་ཚོགས 	།_། 	ཁྱོད་ལ 	སེམས་ཅན་གང 	འདུད་པ 	bstod tshogs ka_.txt	     ཀྱི ་ཚོགས  །_།  ཁྱོད་ལ  སེམས་ཅན་གང  འདུད་པ 
 ཀྱི  ཞབས 						ཀྱི 	ཞབས 	རྡུལ་གྱིས 	བརྒྱན་པའི 	།_། 	ཡུལ 	bstod tshogs ka_.txt	     ཀྱི  ཞབས  རྡུལ་གྱིས  བརྒྱན་པའི  །_།  ཡུལ 
 ཀྱི ས་མིན 						ཀྱི	ས་མིན 	།_། 	ཉན 	ཐོས་མཆོག 	གཙོ་བོ 	bstod tshogs ka_.txt	     ཀྱི ས་མིན  །_།  ཉན  ཐོས་མཆོག  གཙོ་བོ 
 ཀྱི ས 						ཀྱི	ས 	།_། 	རྟོགས 	མི 	འགྱུར་ན 	bstod tshogs ka_.txt	     ཀྱི ས  །_།  རྟོགས  མི  འགྱུར་ན 
 ཀྱི  རང་གི 						ཀྱི 	རང་གི 	ངོ་བོ་ཉིད 	།_། 	ཚད 	མ 	bstod tshogs ka_.txt	     ཀྱི  རང་གི  ངོ་བོ་ཉིད  །_།  ཚད  མ 
 ཀྱི ས 						ཀྱི	ས 	མཁྱེན 	ལགས་གྲང 	།_། 	བསམ 	bstod tshogs ka_.txt	     ཀྱི ས  མཁྱེན  ལགས་གྲང  །_།  བསམ 
 ཀྱི  །_། 						ཀྱི 	།_། 	ཡོན་ཏན 	ཆ་ཙམ 	བརྗོད་པ 	-ར 	bstod tshogs ka_.txt	     ཀྱི  །_།  ཡོན་ཏན  ཆ་ཙམ  བརྗོད་པ  -ར 
 ཀྱི  ཡོན་ཏན 						ཀྱི 	ཡོན་ཏན 	ཆ་ཙམ 	མ 	སྒྲོགས་ཀྱང 	།_། 	bstod tshogs ka_.txt	     ཀྱི  ཡོན་ཏན  ཆ་ཙམ  མ  སྒྲོགས་ཀྱང  །_། 
 ཀྱི  གླང་པོ 						ཀྱི 	གླང་པོ 	དག་གི 	ཞལ་སྔ་ནས 	མཛད་པ 	རྫོགས་སོ 	bstod tshogs ka_.txt	     ཀྱི  གླང་པོ  དག་གི  ཞལ་སྔ་ནས  མཛད་པ  རྫོགས་སོ 
 ཀྱི  སྙིང་པོ་ལ 						ཀྱི 	སྙིང་པོ་ལ 	འདུག་པ 	-འི 	བར 	དག་ཡིན་ནོ 	bstod tshogs ka_.txt	     ཀྱི  སྙིང་པོ་ལ  འདུག་པ  -འི  བར  དག་ཡིན་ནོ 
 ཀྱི  འཁོར་ལོ 						ཀྱི 	འཁོར་ལོ 	བསྐོར་བ་ལ 	སོགས་པ 	བསྟན་པ་ནས 	ནུབ་པ་ལ 	bstod tshogs ka_.txt	     ཀྱི  འཁོར་ལོ  བསྐོར་བ་ལ  སོགས་པ  བསྟན་པ་ནས  ནུབ་པ་ལ 
 ཀྱི  སྨོན་ལམ 						ཀྱི 	སྨོན་ལམ 	དེ 	-འི 	རྒྱུ 	བཞི་སྟེ 	bstod tshogs ka_.txt	     ཀྱི  སྨོན་ལམ  དེ  -འི  རྒྱུ  བཞི་སྟེ 
 ཀྱི ས 						ཀྱི	ས 	མི་ལྡོག་པ 	།_། 	རྒྱུ 	བཞི 	bstod tshogs ka_.txt	     ཀྱི ས  མི་ལྡོག་པ  །_།  རྒྱུ  བཞི 
 ཀྱི ས 						ཀྱི	ས 	སྨས་པ 	-འི 	སེམས་ཅན་ལ་ཞེས 	བྱ་བ 	bstod tshogs ka_.txt	     ཀྱི ས  སྨས་པ  -འི  སེམས་ཅན་ལ་ཞེས  བྱ་བ 
 ཀྱི  སྨོན་ལམ་ཡིན་ནོ 						ཀྱི 	སྨོན་ལམ་ཡིན་ནོ 	།_། 	དེའི 	རྒྱུ་ཡང 	རྣམ་པ 	bstod tshogs ka_.txt	     ཀྱི  སྨོན་ལམ་ཡིན་ནོ  །_།  དེའི  རྒྱུ་ཡང  རྣམ་པ 
 ཀྱི  ལེའུ་སྟེ་དང་པོའོ 						ཀྱི 	ལེའུ་སྟེ་དང་པོའོ 	།།_།། 	སྦྱོར 	བ 	-འི 	bstod tshogs ka_.txt	     ཀྱི  ལེའུ་སྟེ་དང་པོའོ  །།_།།  སྦྱོར  བ  -འི 
 ཀྱི ་དང 						ཀྱི	་དང 	།_ 	ས 	ཐོབ་པ 	རྣམས་ཀྱིའོ 	bstod tshogs ka_.txt	     ཀྱི ་དང  །_  ས  ཐོབ་པ  རྣམས་ཀྱིའོ 
 ཀྱི  ཕ་རོལ་ཏུ 						ཀྱི 	ཕ་རོལ་ཏུ 	ཕྱིན་པ་ནི 	བཅུ་སྟེ 	།_ 	འདི 	bstod tshogs ka_.txt	     ཀྱི  ཕ་རོལ་ཏུ  ཕྱིན་པ་ནི  བཅུ་སྟེ  །_  འདི 
 ཀྱི  ཕ་རོལ་ཏུ 						ཀྱི 	ཕ་རོལ་ཏུ 	ཕྱིན་པ 	དག་གོ 	།_། 	དེ་ལ 	bstod tshogs ka_.txt	     ཀྱི  ཕ་རོལ་ཏུ  ཕྱིན་པ  དག་གོ  །_།  དེ་ལ 
 ཀྱི  ཕ་རོལ་ཏུ 						ཀྱི 	ཕ་རོལ་ཏུ 	ཕྱིན་པ 	བསྟན་ཏོ 	།_། 	གང 	bstod tshogs ka_.txt	     ཀྱི  ཕ་རོལ་ཏུ  ཕྱིན་པ  བསྟན་ཏོ  །_།  གང 
 ཀྱི  མི་དགེའི་ལས་ཀྱང་ཞེས 						ཀྱི 	མི་དགེའི་ལས་ཀྱང་ཞེས 	བྱ་བ 	འདི་དག་གིས་ནི 	མི་མཐུན་པ 	-འི 	bstod tshogs ka_.txt	     ཀྱི  མི་དགེའི་ལས་ཀྱང་ཞེས  བྱ་བ  འདི་དག་གིས་ནི  མི་མཐུན་པ  -འི 
 ཀྱི  ཕ་རོལ་ཏུ 						ཀྱི 	ཕ་རོལ་ཏུ 	ཕྱིན་པ 	བསྟན་ཏོ 	།_། 	སྦྱིན 	bstod tshogs ka_.txt	     ཀྱི  ཕ་རོལ་ཏུ  ཕྱིན་པ  བསྟན་ཏོ  །_།  སྦྱིན 
 ཀྱི  ཕ་རོལ་ཏུ 						ཀྱི 	ཕ་རོལ་ཏུ 	ཕྱིན་པ 	བསྟན་ཏོ 	།_། 	སྲིད་དང 	bstod tshogs ka_.txt	     ཀྱི  ཕ་རོལ་ཏུ  ཕྱིན་པ  བསྟན་ཏོ  །_།  སྲིད་དང 
 ཀྱི ས 						ཀྱི	ས 	བརྒལ་བ་དང 	།_ 	ལན 	དང་བཅས་པ 	bstod tshogs ka_.txt	     ཀྱི ས  བརྒལ་བ་དང  །_  ལན  དང་བཅས་པ 
 ཀྱི  ཕ་རོལ་ཏུ 						ཀྱི 	ཕ་རོལ་ཏུ 	ཕྱིན་པ 	བསྟན་ཏོ 	།_། 	དུས 	bstod tshogs ka_.txt	     ཀྱི  ཕ་རོལ་ཏུ  ཕྱིན་པ  བསྟན་ཏོ  །_།  དུས 
 ཀྱི  ཕ་རོལ་ཏུ 						ཀྱི 	ཕ་རོལ་ཏུ 	ཕྱིན་པ 	བསྟན་ཏོ 	།_། 	འཇིག 	bstod tshogs ka_.txt	     ཀྱི  ཕ་རོལ་ཏུ  ཕྱིན་པ  བསྟན་ཏོ  །_།  འཇིག 
 ཀྱི  ཕ་རོལ་ཏུ 						ཀྱི 	ཕ་རོལ་ཏུ 	ཕྱིན་པ 	བསྟན་ཏོ 	།_། 	མོས་པ 	bstod tshogs ka_.txt	     ཀྱི  ཕ་རོལ་ཏུ  ཕྱིན་པ  བསྟན་ཏོ  །_།  མོས་པ 
 ཀྱི  སྦྱོར་བ 						ཀྱི 	སྦྱོར་བ 	-འི 	གནས་སྐབས་ཏེ 	ལེའུ་གཉིས་པའོ 	།།_།། 	bstod tshogs ka_.txt	     ཀྱི  སྦྱོར་བ  -འི  གནས་སྐབས་ཏེ  ལེའུ་གཉིས་པའོ  །།_།། 
 ཀྱི  སྦྱིན་པ་ནི 						ཀྱི 	སྦྱིན་པ་ནི 	ཕུན 	སུམ 	ཚོགས་པ 	རྫོགས་པ 	bstod tshogs ka_.txt	     ཀྱི  སྦྱིན་པ་ནི  ཕུན  སུམ  ཚོགས་པ  རྫོགས་པ 
 ཀྱི  ཕ་རོལ་ཏུ 						ཀྱི 	ཕ་རོལ་ཏུ 	ཕྱིན་པའོ 	།_། 	ཇི 	ལྟར 	bstod tshogs ka_.txt	     ཀྱི  ཕ་རོལ་ཏུ  ཕྱིན་པའོ  །_།  ཇི  ལྟར 
 ཀྱི ས 						ཀྱི	ས 	རྟག་ཏུ 	ཡོན་ཏན 	ནོར 	ལྷག 	bstod tshogs ka_.txt	     ཀྱི ས  རྟག་ཏུ  ཡོན་ཏན  ནོར  ལྷག 
 ཀྱི ས 						ཀྱི	ས 	རྒྱས་པ 	-འི 	བརྩོན་འགྲུས་ཀྱི 	ཕ་རོལ་ཏུ 	bstod tshogs ka_.txt	     ཀྱི ས  རྒྱས་པ  -འི  བརྩོན་འགྲུས་ཀྱི  ཕ་རོལ་ཏུ 
 ཀྱི  བློ་གྲོས་ཞེས 						ཀྱི 	བློ་གྲོས་ཞེས 	བྱ་བ 	འདི་དག་གིས་ནི 	ཐབས 	དང་བཅས་པ 	bstod tshogs ka_.txt	     ཀྱི  བློ་གྲོས་ཞེས  བྱ་བ  འདི་དག་གིས་ནི  ཐབས  དང་བཅས་པ 
 ཀྱི  ཕ་རོལ་ཏུ 						ཀྱི 	ཕ་རོལ་ཏུ 	ཕྱིན་པའོ 	།_། 	ཕྲིན་ལས 	མངའ་བ 	bstod tshogs ka_.txt	     ཀྱི  ཕ་རོལ་ཏུ  ཕྱིན་པའོ  །_།  ཕྲིན་ལས  མངའ་བ 
 ཀྱི ས་ནི 						ཀྱི	ས་ནི 	བརྒལ་བ་དང 	ལན 	དང་བཅས་པ 	-ར 	bstod tshogs ka_.txt	     ཀྱི ས་ནི  བརྒལ་བ་དང  ལན  དང་བཅས་པ  -ར 
 ཀྱི  ཕ་རོལ་ཏུ 						ཀྱི 	ཕ་རོལ་ཏུ 	ཕྱིན་པའོ 	།_། 	དེ 	ལྟར 	bstod tshogs ka_.txt	     ཀྱི  ཕ་རོལ་ཏུ  ཕྱིན་པའོ  །_།  དེ  ལྟར 
 ཀྱི  ཕ་རོལ་ཏུ 						ཀྱི 	ཕ་རོལ་ཏུ 	ཕྱིན་པ་བདུན 	བསྟན་པ་ཡིན 	ནོ 	།_། 	bstod tshogs ka_.txt	     ཀྱི  ཕ་རོལ་ཏུ  ཕྱིན་པ་བདུན  བསྟན་པ་ཡིན  ནོ  །_། 
 ཀྱི  སྦྱོར་བ 						ཀྱི 	སྦྱོར་བ 	-འི 	གནས་སྐབས་ཏེ 	ལེའུ་གསུམ་པའོ 	།།_།། 	bstod tshogs ka_.txt	     ཀྱི  སྦྱོར་བ  -འི  གནས་སྐབས་ཏེ  ལེའུ་གསུམ་པའོ  །།_།། 
 ཀྱི ས་ནི 						ཀྱི	ས་ནི 	ཡུལ་ཅན 	ཕྲ་རྒྱས 	རྣམས 	བཅོམ་ནས 	bstod tshogs ka_.txt	     ཀྱི ས་ནི  ཡུལ་ཅན  ཕྲ་རྒྱས  རྣམས  བཅོམ་ནས 
 ཀྱི ས་ཞེས 						ཀྱི	ས་ཞེས 	བྱ་བ 	འདི་དག་གིས་ནི 	དེ 	-འི 	bstod tshogs ka_.txt	     ཀྱི ས་ཞེས  བྱ་བ  འདི་དག་གིས་ནི  དེ  -འི 
 ཀྱི ས་ནི 						ཀྱི	ས་ནི 	སྐྱོབ་པ 	-འི 	འབྲས་བུ 	-འི 	bstod tshogs ka_.txt	     ཀྱི ས་ནི  སྐྱོབ་པ  -འི  འབྲས་བུ  -འི 
 ཀྱི  བསྟོད་པ 						ཀྱི 	བསྟོད་པ 	བསྟན་ཏོ 	།_། 	འབྲས 	བུ 	bstod tshogs ka_.txt	     ཀྱི  བསྟོད་པ  བསྟན་ཏོ  །_།  འབྲས  བུ 
 ཀྱི ལ་ན་ཞེས 						ཀྱི	ལ་ན་ཞེས 	བྱ་བ 	འདི་དག་གིས་ནི 	ཆོས་ཀྱི 	འཁོར་ལོ 	bstod tshogs ka_.txt	     ཀྱི ལ་ན་ཞེས  བྱ་བ  འདི་དག་གིས་ནི  ཆོས་ཀྱི  འཁོར་ལོ 
 ཀྱི  ལེའུ་སྟེ་དྲུག་པའོ 						ཀྱི 	ལེའུ་སྟེ་དྲུག་པའོ 	།།_།། 	ཐ 	མས་ནི 	ཡོངས་སུ 	bstod tshogs ka_.txt	     ཀྱི  ལེའུ་སྟེ་དྲུག་པའོ  །།_།།  ཐ  མས་ནི  ཡོངས་སུ 
 ཀྱི  སྨོན་ལམ 						ཀྱི 	སྨོན་ལམ 	ཇི་སྲིད 	བར 	ཡོངས་སུ 	མྱ་ངན 	bstod tshogs ka_.txt	     ཀྱི  སྨོན་ལམ  ཇི་སྲིད  བར  ཡོངས་སུ  མྱ་ངན 
 ཀྱི  གླང་པོ 						ཀྱི 	གླང་པོ 	-ས 	མཛད་པ 	རྫོགས་སོ 	།།_༄༅།_། 	bstod tshogs ka_.txt	     ཀྱི  གླང་པོ  -ས  མཛད་པ  རྫོགས་སོ  །།_༄༅།_། 
 ཀྱི ས 						ཀྱི	ས 	།_། 	དེའི 	རྒྱུ 	བཞི 	bstod tshogs ka_.txt	     ཀྱི ས  །_།  དེའི  རྒྱུ  བཞི 
 ཀྱི ་རྒྱུ 						ཀྱི	་རྒྱུ 	།_། 	དེ 	མིན 	དེ་ཉིད 	bstod tshogs ka_.txt	     ཀྱི ་རྒྱུ  །_།  དེ  མིན  དེ་ཉིད 
 ཀྱི ས 						ཀྱི	ས 	གཅིག་ཡིན་གསུམ་གྱིས་གཞན 	།_། 	དང་པོ 	-འི 	bstod tshogs ka_.txt	     ཀྱི ས  གཅིག་ཡིན་གསུམ་གྱིས་གཞན  །_།  དང་པོ  -འི 
 ཀྱི ས་སོ 						ཀྱི	ས་སོ 	།_། 	ཉོན་མོངས་པ་དང 	སྐྱེ་དང་ལས 	།_། 	bstod tshogs ka_.txt	     ཀྱི ས་སོ  །_།  ཉོན་མོངས་པ་དང  སྐྱེ་དང་ལས  །_། 
 ཀྱི  གླང་པོ 						ཀྱི 	གླང་པོ 	-ས 	མཛད་པ 	རྫོགས་སོ 	།།_།། 	bstod tshogs ka_.txt	     ཀྱི  གླང་པོ  -ས  མཛད་པ  རྫོགས་སོ  །།_།། 
 ཀྱི  འཁོར་ལོ་བསྐོར 						ཀྱི 	འཁོར་ལོ་བསྐོར 	།_། 	སཱ 	ལ 	-འི 	bstod tshogs ka_.txt	     ཀྱི  འཁོར་ལོ་བསྐོར  །_།  སཱ  ལ  -འི 
།_།  ཀྱི ་ཧུད 	མྱ་ངན 	འདས 	གྱུར་དེ 	བསྟོད་པ 	།_། 	ཀྱི	་ཧུད 	སྙིང་རྗེ 	ལྡན་མགོན 	རྒྱལ་བ 	-འི 	bstod tshogs ka_.txt	མྱ་ངན  འདས  གྱུར་དེ  བསྟོད་པ  །_།  ཀྱི ་ཧུད  སྙིང་རྗེ  ལྡན་མགོན  རྒྱལ་བ  -འི 
 ཀྱི ་ཧུད 	སྡིག་པ་ཞི 	།_། 				ཀྱི	་ཧུད 	སེམས་ཅན 	མཉེས་གཤིན 	ཁ་ལོ 	-ས 	bstod tshogs ka_.txt	སྡིག་པ་ཞི  །_།     ཀྱི ་ཧུད  སེམས་ཅན  མཉེས་གཤིན  ཁ་ལོ  -ས 
 ཀྱི ་ཧུད 	སྒྱུར 	བཟང་མཆོག 	_། 			ཀྱི	་ཧུད 	དེད་དཔོན 	ཞི་བ 	-འི་ལམ 	གྱུར 	bstod tshogs ka_.txt	སྒྱུར  བཟང་མཆོག  _།    ཀྱི ་ཧུད  དེད་དཔོན  ཞི་བ  -འི་ལམ  གྱུར 
 ཀྱི ་ཧུད 	སྟོན་པ་པོ 	།_། 				ཀྱི	་ཧུད 	སྡུག་དང 	མི་སྡུག 	ཐུགས 	སྙོམས 	bstod tshogs ka_.txt	སྟོན་པ་པོ  །_།     ཀྱི ་ཧུད  སྡུག་དང  མི་སྡུག  ཐུགས  སྙོམས 
 ཀྱི ་ཧུད 	འཇིག་རྟེན་གཉེན 	།_། 				ཀྱི	་ཧུད 	མུན་ནག་གིས 	བསྒྲིབས 	མིག་ཅན 	འཇིག་རྟེན་སྤྱན 	bstod tshogs ka_.txt	འཇིག་རྟེན་གཉེན  །_།     ཀྱི ་ཧུད  མུན་ནག་གིས  བསྒྲིབས  མིག་ཅན  འཇིག་རྟེན་སྤྱན 
།_།  ཀྱི ་ཧུད 					།_། 	ཀྱི	་ཧུད 	ཐུབ་ཆེན 	གྲུ་ཡིས 	འཇིག་རྟེན 	སྒྲོལ 	bstod tshogs ka_.txt	    །_།  ཀྱི ་ཧུད  ཐུབ་ཆེན  གྲུ་ཡིས  འཇིག་རྟེན  སྒྲོལ 
 ཀྱི ་ཧུད 	མཛད་པ 	།_། 				ཀྱི	་ཧུད 	སཱ་ལ 	-འི 	ཚལ་དུ 	ཅི་ཕྱིར 	bstod tshogs ka_.txt	མཛད་པ  །_།     ཀྱི ་ཧུད  སཱ་ལ  -འི  ཚལ་དུ  ཅི་ཕྱིར 
།_།  ཀྱི ་ཧུད 	རྫོགས་པ 	སུ 	-ས 	མཐོང་འགྱུར 	།_། 	ཀྱི	་ཧུད 	འོད 	འདྲ 	-འི 	གཟུགས་མཆོག 	bstod tshogs ka_.txt	རྫོགས་པ  སུ  -ས  མཐོང་འགྱུར  །_།  ཀྱི ་ཧུད  འོད  འདྲ  -འི  གཟུགས་མཆོག 
 ཀྱི  དོན་དང 						ཀྱི 	དོན་དང 	འགྲོ་བ 	ཆེན་པོ 	-འི 	གཞན་དོན་མཛད 	bstod tshogs ka_.txt	     ཀྱི  དོན་དང  འགྲོ་བ  ཆེན་པོ  -འི  གཞན་དོན་མཛད 
།_།  ཀྱི ་ཧུད 	བརྒྱ་ཕྲག 	མང་པོ 	ཐར་དང 	མཐོ་རིས་བཀོད 	།_། 	ཀྱི	་ཧུད 	མི་རྟག 	མེ 	ཚོགས 	དག་གིས 	bstod tshogs ka_.txt	བརྒྱ་ཕྲག  མང་པོ  ཐར་དང  མཐོ་རིས་བཀོད  །_།  ཀྱི ་ཧུད  མི་རྟག  མེ  ཚོགས  དག་གིས 
 ཀྱི  ཆུ་སྲིན 						ཀྱི 	ཆུ་སྲིན 	དུར་པ 	-ས་ཁྱབ 	།_། 	དགེ 	bstod tshogs ka_.txt	     ཀྱི  ཆུ་སྲིན  དུར་པ  -ས་ཁྱབ  །_།  དགེ 
།_།  ཀྱི ་ཧུད 	ཚོགས 	བརྒྱ་ཡིས 	ཉེ་བ 	-ར་བསྟེན 	།_། 	ཀྱི	་ཧུད 	བདེ་འགྲོ 	-འི 	འབབ་སྟེགས 	སྐམ་ལ 	bstod tshogs ka_.txt	ཚོགས  བརྒྱ་ཡིས  ཉེ་བ  -ར་བསྟེན  །_།  ཀྱི ་ཧུད  བདེ་འགྲོ  -འི  འབབ་སྟེགས  སྐམ་ལ 
།_།  ཀྱི ་ཧུད 	-ས 	མཆོག 	གཡུ 	-ར་ཟ 	།_། 	ཀྱི	་ཧུད 	བདེ་གཤེགས་ཤིང 	འགྱེལ 	གྱུར་ལ 	བདག 	bstod tshogs ka_.txt	-ས  མཆོག  གཡུ  -ར་ཟ  །_།  ཀྱི ་ཧུད  བདེ་གཤེགས་ཤིང  འགྱེལ  གྱུར་ལ  བདག 
 ཀྱི ལ 						ཀྱི	ལ 	འཁོར་སྐར 	མ་ཅན 	།_། 	འཕགས་ལམ 	bstod tshogs ka_.txt	     ཀྱི ལ  འཁོར་སྐར  མ་ཅན  །_།  འཕགས་ལམ 
།_།  ཀྱི ་ཧུད 	སྐྱེད་བྱེད 	བློ་མིག 	ཡིད་འོང 	ཟླ་ཟེར་ཅན 	།_། 	ཀྱི	་ཧུད 	བདེ་གཤེགས 	ཟླ་བ 	ནུབ་ལ 	བདག 	bstod tshogs ka_.txt	སྐྱེད་བྱེད  བློ་མིག  ཡིད་འོང  ཟླ་ཟེར་ཅན  །_།  ཀྱི ་ཧུད  བདེ་གཤེགས  ཟླ་བ  ནུབ་ལ  བདག 
 ཀྱི ་རྫིང་གི་པདྨ 						ཀྱི	་རྫིང་གི་པདྨ 	ཁ 	འབྱེད་ཅིང 	།_། 	ལྟ་བ་དྲུག 	bstod tshogs ka_.txt	     ཀྱི ་རྫིང་གི་པདྨ  ཁ  འབྱེད་ཅིང  །_།  ལྟ་བ་དྲུག 
།_།  ཀྱི ་ཧུད 	དྲི་མ 	-འི 	འདམ 	སྐེམས་མཛད 	།_། 	ཀྱི	་ཧུད 	བདེ་གཤེགས 	ཉི་མ 	ནུབ་ལ 	བདག 	bstod tshogs ka_.txt	དྲི་མ  -འི  འདམ  སྐེམས་མཛད  །_།  ཀྱི ་ཧུད  བདེ་གཤེགས  ཉི་མ  ནུབ་ལ  བདག 
།_།  ཀྱི ་ཧུད 	རྣམ་དག 	གྲོལ་བ 	-འི 	འགྲོས་ཀྱིས་བཞུད 	།_། 	ཀྱི	་ཧུད 	བདེ་གཤེགས 	གླང་ཆེན 	ཞི 	-ར 	bstod tshogs ka_.txt	རྣམ་དག  གྲོལ་བ  -འི  འགྲོས་ཀྱིས་བཞུད  །_།  ཀྱི ་ཧུད  བདེ་གཤེགས  གླང་ཆེན  ཞི  -ར 
།_།  ཀྱི ་ཧུད 	རྣོ 	ཚུལ་ཁྲིམས 	དགེ་བ 	-འི་ཞབས 	།_། 	ཀྱི	་ཧུད 	བདེ་གཤེགས 	སེང་གེ 	ཞི 	-ར 	bstod tshogs ka_.txt	རྣོ  ཚུལ་ཁྲིམས  དགེ་བ  -འི་ཞབས  །_།  ཀྱི ་ཧུད  བདེ་གཤེགས  སེང་གེ  ཞི  -ར 
 ཀྱི  གྲགས་པ 						ཀྱི 	གྲགས་པ 	-ས 	མཛད་པ 	རྫོགས་སོ 	།།༄༅།_། 	bstod tshogs ka_.txt	     ཀྱི  གྲགས་པ  -ས  མཛད་པ  རྫོགས་སོ  །།༄༅།_། 
 ཀྱི  རྒྱ་ཆེར 						ཀྱི 	རྒྱ་ཆེར 	བཤད་པ 	།_༄༅༅།_། 	རྒྱ 	གར 	bstod tshogs ka_.txt	     ཀྱི  རྒྱ་ཆེར  བཤད་པ  །_༄༅༅།_།  རྒྱ  གར 
 ཀྱི  རྒྱ་ཆེར 						ཀྱི 	རྒྱ་ཆེར 	བཤད་པ 	།_ 	འཇམ་པ 	-འི་མགོན་ལ 	bstod tshogs ka_.txt	     ཀྱི  རྒྱ་ཆེར  བཤད་པ  །_  འཇམ་པ  -འི་མགོན་ལ 
 ཀྱི  བློ་གྲོས་དང 						ཀྱི 	བློ་གྲོས་དང 	།_། 	ཚིག་གིས 	འདོད་པ 	-འི 	bstod tshogs ka_.txt	     ཀྱི  བློ་གྲོས་དང  །_།  ཚིག་གིས  འདོད་པ  -འི 
 ཀྱི ས 						ཀྱི	ས 	ནུས་པ 	མེད་པ 	-འི 	ཕྱིར 	bstod tshogs ka_.txt	     ཀྱི ས  ནུས་པ  མེད་པ  -འི  ཕྱིར 
 ཀྱི  དེ་བཞིན 						ཀྱི 	དེ་བཞིན 	ཉིད་ཀྱི 	ཆོས་ཀྱི 	སྐུ 	ཉིད 	bstod tshogs ka_.txt	     ཀྱི  དེ་བཞིན  ཉིད་ཀྱི  ཆོས་ཀྱི  སྐུ  ཉིད 
 ཀྱི  ངོ་བོ་ནི 						ཀྱི 	ངོ་བོ་ནི 	མཉམ་ཉིད་དེ 	།_ 	དངོས་པོ 	འགའ་ཡང 	bstod tshogs ka_.txt	     ཀྱི  ངོ་བོ་ནི  མཉམ་ཉིད་དེ  །_  དངོས་པོ  འགའ་ཡང 
 ཀྱི  རང་བཞིན 						ཀྱི 	རང་བཞིན 	ལས་མི་འདའོ 	།_། 	དེའི 	ཕྱིར 	bstod tshogs ka_.txt	     ཀྱི  རང་བཞིན  ལས་མི་འདའོ  །_།  དེའི  ཕྱིར 
 ཀྱི  ཕྱིར 						ཀྱི 	ཕྱིར 	ཆོས་ཀྱང་ཡིན་ནོ 	།_། 	རྣམ་པ 	གཅིག་ཏུ་ན 	bstod tshogs ka_.txt	     ཀྱི  ཕྱིར  ཆོས་ཀྱང་ཡིན་ནོ  །_།  རྣམ་པ  གཅིག་ཏུ་ན 
 ཀྱི  མཆོག་སྟེ 						ཀྱི 	མཆོག་སྟེ 	།_ 	དེ་ནི 	རྣམ་པ 	-ར 	bstod tshogs ka_.txt	     ཀྱི  མཆོག་སྟེ  །_  དེ་ནི  རྣམ་པ  -ར 
 ཀྱི  སྐུ་ཞེས 						ཀྱི 	སྐུ་ཞེས 	བྱ 	ཞེ་ན 	།_ 	ཤིན་ཏུ 	bstod tshogs ka_.txt	     ཀྱི  སྐུ་ཞེས  བྱ  ཞེ་ན  །_  ཤིན་ཏུ 
 ཀྱི ས 						ཀྱི	ས 	དེ་དག་གི 	རྒྱུད 	ཁོ་ན་ལ 	གསལ་བ 	bstod tshogs ka_.txt	     ཀྱི ས  དེ་དག་གི  རྒྱུད  ཁོ་ན་ལ  གསལ་བ 
 ཀྱི  ཡན་ལག་ལ 						ཀྱི 	ཡན་ལག་ལ 	སོགས་པ 	-འི 	ཡོན་ཏན 	གང་དག 	bstod tshogs ka_.txt	     ཀྱི  ཡན་ལག་ལ  སོགས་པ  -འི  ཡོན་ཏན  གང་དག 
 ཀྱི  ཕྱིར 						ཀྱི 	ཕྱིར 	ཁ་ཅིག་ནི 	།_ 	ཡོན་ཏན 	ཀུན 	bstod tshogs ka_.txt	     ཀྱི  ཕྱིར  ཁ་ཅིག་ནི  །_  ཡོན་ཏན  ཀུན 
 ཀྱི ས་སམ 						ཀྱི	ས་སམ 	།_ 	འཁོར་བ 	ཇི་སྲིད 	པར 	bstod tshogs ka_.txt	     ཀྱི ས་སམ  །_  འཁོར་བ  ཇི་སྲིད  པར 
 ཀྱི  ཕྱིར་རོ 						ཀྱི 	ཕྱིར་རོ 	།_། 	མཆོག་གཙོ་བོ 	།_། 	འཇིག 	bstod tshogs ka_.txt	     ཀྱི  ཕྱིར་རོ  །_།  མཆོག་གཙོ་བོ  །_།  འཇིག 
 ཀྱི  རབ་ནི 						ཀྱི 	རབ་ནི 	མཆོག་རབ་སྟེ 	།_ 	མ 	འདྲེས་པ 	bstod tshogs ka_.txt	     ཀྱི  རབ་ནི  མཆོག་རབ་སྟེ  །_  མ  འདྲེས་པ 
 ཀྱི ་ཡང 						ཀྱི	་ཡང 	གཙོ་བོ་ཞེས 	བཤད་པ་ཡིན་ནོ 	།_། 	ཡང་ན 	bstod tshogs ka_.txt	     ཀྱི ་ཡང  གཙོ་བོ་ཞེས  བཤད་པ་ཡིན་ནོ  །_།  ཡང་ན 
 ཀྱི  དབྱིངས 						ཀྱི 	དབྱིངས 	ཤིན་ཏུ 	རྣམ་པ 	-ར 	དག་པ་ལ 	bstod tshogs ka_.txt	     ཀྱི  དབྱིངས  ཤིན་ཏུ  རྣམ་པ  -ར  དག་པ་ལ 
 ཀྱི ས 						ཀྱི	ས 	མཆོག་གི 	གྲུབ་པ 	བདག་ལ 	སྩོལ་ཅིག 	bstod tshogs ka_.txt	     ཀྱི ས  མཆོག་གི  གྲུབ་པ  བདག་ལ  སྩོལ་ཅིག 
 ཀྱི ས 						ཀྱི	ས 	འདི་དག་གི 	དཔེ 	-ར 	བྱས་ཏེ 	bstod tshogs ka_.txt	     ཀྱི ས  འདི་དག་གི  དཔེ  -ར  བྱས་ཏེ 
 ཀྱི  གནས་སྐབས་ན 						ཀྱི 	གནས་སྐབས་ན 	ཡོད་པ 	-འི 	ཡོན་ཏན 	ཐམས་ཅད་ཀྱི 	bstod tshogs ka_.txt	     ཀྱི  གནས་སྐབས་ན  ཡོད་པ  -འི  ཡོན་ཏན  ཐམས་ཅད་ཀྱི 
 ཀྱི  སེམས 						ཀྱི 	སེམས 	སྐྱེ་བ 	ཐམས་ཅད་དོ 	།_། 	ཆ་དེ་དང་ཡང 	bstod tshogs ka_.txt	     ཀྱི  སེམས  སྐྱེ་བ  ཐམས་ཅད་དོ  །_།  ཆ་དེ་དང་ཡང 
 ཀྱི  ཡན་ལག་ལ 						ཀྱི 	ཡན་ལག་ལ 	སོགས་པ 	-འི 	ཡོན་ཏན་ནོ 	།_། 	bstod tshogs ka_.txt	     ཀྱི  ཡན་ལག་ལ  སོགས་པ  -འི  ཡོན་ཏན་ནོ  །_། 
 ཀྱི ས 						ཀྱི	ས 	དཔེ་མེད་པ 	ཉིད་དུ 	བརྗོད་པ 	-ར 	bstod tshogs ka_.txt	     ཀྱི ས  དཔེ་མེད་པ  ཉིད་དུ  བརྗོད་པ  -ར 
 ཀྱི  ཡོན་ཏན་ནི 						ཀྱི 	ཡོན་ཏན་ནི 	གལ་ཏེ 	ཆ་ཤས 	དང་བཅས་པ་ཞིག་ཏུ 	གྱུར་ན 	bstod tshogs ka_.txt	     ཀྱི  ཡོན་ཏན་ནི  གལ་ཏེ  ཆ་ཤས  དང་བཅས་པ་ཞིག་ཏུ  གྱུར་ན 
 ཀྱི ས་ཀྱང 						ཀྱི	ས་ཀྱང 	རྟག་ཏུ 	སེམས་ཅན་གྱི 	ཁམས་ལ 	མཆོག་གི 	bstod tshogs ka_.txt	     ཀྱི ས་ཀྱང  རྟག་ཏུ  སེམས་ཅན་གྱི  ཁམས་ལ  མཆོག་གི 
 ཀྱི  དཔེ 						ཀྱི 	དཔེ 	-ར 	འགྱུར་བ 	དེ་ལྟ 	བུ 	bstod tshogs ka_.txt	     ཀྱི  དཔེ  -ར  འགྱུར་བ  དེ་ལྟ  བུ 
 ཀྱི  ཕྱིར 						ཀྱི 	ཕྱིར 	འདི་ནི 	བདེ་བ 	འགོག་པ 	-ས་ན 	bstod tshogs ka_.txt	     ཀྱི  ཕྱིར  འདི་ནི  བདེ་བ  འགོག་པ  -ས་ན 
 ཀྱི  རང་བཞིན་གང་ལ 						ཀྱི 	རང་བཞིན་གང་ལ 	འགག་པ་སྟེ 	རྒྱུན 	ཆད་པ 	མེད་པ 	bstod tshogs ka_.txt	     ཀྱི  རང་བཞིན་གང་ལ  འགག་པ་སྟེ  རྒྱུན  ཆད་པ  མེད་པ 
 ཀྱི ས 						ཀྱི	ས 	མཚམས་སོ་སོ 	-ར 	ངེས་པ་ཞིག་ཡིན་ནམ 	ཞེ་ན 	bstod tshogs ka_.txt	     ཀྱི ས  མཚམས་སོ་སོ  -ར  ངེས་པ་ཞིག་ཡིན་ནམ  ཞེ་ན 
 ཀྱི  འོད་ཟེར་གྱི 						ཀྱི 	འོད་ཟེར་གྱི 	དྲ་བ 	འགྱེད་པ་ལ 	སོགས་པ 	-ས 	bstod tshogs ka_.txt	     ཀྱི  འོད་ཟེར་གྱི  དྲ་བ  འགྱེད་པ་ལ  སོགས་པ  -ས 
 ཀྱི ས 						ཀྱི	ས 	བདག་ཉིད 	ཆེ་བ 	ཡོད་པ 	དེ་དག་ལ 	bstod tshogs ka_.txt	     ཀྱི ས  བདག་ཉིད  ཆེ་བ  ཡོད་པ  དེ་དག་ལ 
 ཀྱི ས 						ཀྱི	ས 	འཕན་པ 	-ར 	བྱེད་པ་ཡིན་ནོ 	།_། 	bstod tshogs ka_.txt	     ཀྱི ས  འཕན་པ  -ར  བྱེད་པ་ཡིན་ནོ  །_། 
 ཀྱི  མིང་དང 						ཀྱི 	མིང་དང 	མཐུན་པ 	-ར 	སྙིང་རྗེ་ཞེས་ཀྱང་བྱའོ 	།_། 	bstod tshogs ka_.txt	     ཀྱི  མིང་དང  མཐུན་པ  -ར  སྙིང་རྗེ་ཞེས་ཀྱང་བྱའོ  །_། 
 ཀྱི  སྤྱོད་ཡུལ 						ཀྱི 	སྤྱོད་ཡུལ 	མ་ཡིན་ཏེ 	།_ 	མི 	བརྗོད་དུ 	bstod tshogs ka_.txt	     ཀྱི  སྤྱོད་ཡུལ  མ་ཡིན་ཏེ  །_  མི  བརྗོད་དུ 
 ཀྱི  འཁོར་ལོ 						ཀྱི 	འཁོར་ལོ 	བསྐོར་བ 	ཡིད་བཞིན་གྱི 	ནོར་བུ 	རིན་པོ་ཆེ 	bstod tshogs ka_.txt	     ཀྱི  འཁོར་ལོ  བསྐོར་བ  ཡིད་བཞིན་གྱི  ནོར་བུ  རིན་པོ་ཆེ 
 ཀྱི  ཆོས་ལ 						ཀྱི 	ཆོས་ལ 	སོགས་པའོ 	།_། 	གྲུབ་པ་ནི 	ཡོངས་སུ 	bstod tshogs ka_.txt	     ཀྱི  ཆོས་ལ  སོགས་པའོ  །_།  གྲུབ་པ་ནི  ཡོངས་སུ 
 ཀྱི  རྐྱེན་ཡིན་ནོ 						ཀྱི 	རྐྱེན་ཡིན་ནོ 	།_། 	དེ 	ཉིད་བདེ 	གནས་ཡིན་ཏེ 	bstod tshogs ka_.txt	     ཀྱི  རྐྱེན་ཡིན་ནོ  །_།  དེ  ཉིད་བདེ  གནས་ཡིན་ཏེ 
 ཀྱི  ཆོས་ཉིད 						ཀྱི 	ཆོས་ཉིད 	རང་བཞིན་ནི 	ཤིན་ཏུ 	རྨད་དུ 	བྱུང་བ 	bstod tshogs ka_.txt	     ཀྱི  ཆོས་ཉིད  རང་བཞིན་ནི  ཤིན་ཏུ  རྨད་དུ  བྱུང་བ 
 ཀྱི  ས 						ཀྱི 	ས 	ཀུན་དུ 	འོད་ཡིན་ནོ 	།_། 	སྦྱིན་པ 	bstod tshogs ka_.txt	     ཀྱི  ས  ཀུན་དུ  འོད་ཡིན་ནོ  །_།  སྦྱིན་པ 
 ཀྱི ས 						ཀྱི	ས 	གནས་ཀྱི 	མཆོག་ཉིད་ཀྱི་ནི 	སྦྱིན 	མཆོག་ཉིད 	bstod tshogs ka_.txt	     ཀྱི ས  གནས་ཀྱི  མཆོག་ཉིད་ཀྱི་ནི  སྦྱིན  མཆོག་ཉིད 
 ཀྱི  ཚོགས 						ཀྱི 	ཚོགས 	ཡོངས་སུ 	དག་པ 	-འི 	རྒྱུས 	bstod tshogs ka_.txt	     ཀྱི  ཚོགས  ཡོངས་སུ  དག་པ  -འི  རྒྱུས 
 ཀྱི  ནང་ན 						ཀྱི 	ནང་ན 	མཆོག 	སྒྲུབ་པ 	གང་ཡིན་པ 	དག་ནི 	bstod tshogs ka_.txt	     ཀྱི  ནང་ན  མཆོག  སྒྲུབ་པ  གང་ཡིན་པ  དག་ནི 
 ཀྱི  ཆོས 						ཀྱི 	ཆོས 	རྣམས་ཀྱི 	དངོས་གྲུབ 	ཡོངས་སུ 	གྲུབ་པ་དེ 	bstod tshogs ka_.txt	     ཀྱི  ཆོས  རྣམས་ཀྱི  དངོས་གྲུབ  ཡོངས་སུ  གྲུབ་པ་དེ 
 ཀྱི  མཆོག་ནི 						ཀྱི 	མཆོག་ནི 	།_ 	རྣམ་པ 	ཐམས་ཅད 	མཁྱེན་པ 	bstod tshogs ka_.txt	     ཀྱི  མཆོག་ནི  །_  རྣམ་པ  ཐམས་ཅད  མཁྱེན་པ 
 ཀྱི  ནང་ན 						ཀྱི 	ནང་ན 	མཆོག་གི 	དངོས་གྲུབ་སྟེ 	།_ 	དེ 	bstod tshogs ka_.txt	     ཀྱི  ནང་ན  མཆོག་གི  དངོས་གྲུབ་སྟེ  །_  དེ 
 ཀྱི  རྒྱ་ཆེར 						ཀྱི 	རྒྱ་ཆེར 	བཤད་པ་མང་དུ 	ཐོས་པ 	-འི 	སློབ་དཔོན 	bstod tshogs ka_.txt	     ཀྱི  རྒྱ་ཆེར  བཤད་པ་མང་དུ  ཐོས་པ  -འི  སློབ་དཔོན 
 ཀྱི ་པདྨའི 						ཀྱི	་པདྨའི 	རྡུལ་ལ 	བརྟེན་པ 	-ས 	མཛད་པ 	bstod tshogs ka_.txt	     ཀྱི ་པདྨའི  རྡུལ་ལ  བརྟེན་པ  -ས  མཛད་པ 
 ཀྱི ས 						ཀྱི	ས 	བསྒྱུར་ཅིང 	ཞུས་ཏེ 	གཏན་ལ 	ཕབ་པ 	bstod tshogs ka_.txt	     ཀྱི ས  བསྒྱུར་ཅིང  ཞུས་ཏེ  གཏན་ལ  ཕབ་པ 
 ཀྱི  བློ་གྲོས 						ཀྱི 	བློ་གྲོས 	གཏིང་དཔག 	དཀའ་བ 	-འི་ཚུལ 	།_། 	bstod tshogs ka_.txt	     ཀྱི  བློ་གྲོས  གཏིང་དཔག  དཀའ་བ  -འི་ཚུལ  །_། 
 ཀྱི  དབྱིངས་ལ 						ཀྱི 	དབྱིངས་ལ 	རོལ 	མཛད་ཅིང 	།_། 	ཤེས 	bstod tshogs ka_.txt	     ཀྱི  དབྱིངས་ལ  རོལ  མཛད་ཅིང  །_།  ཤེས 
 ཀྱི ས 						ཀྱི	ས 	འགྲོ་བ 	སྒྲོལ 	མཛད་པ 	།_། 	bstod tshogs ka_.txt	     ཀྱི ས  འགྲོ་བ  སྒྲོལ  མཛད་པ  །_། 
 ཀྱི  གཉེན་པོ 						ཀྱི 	གཉེན་པོ 	ཕྱག 	གཡའ 	-ས 	ཨ་རུ་ར 	bstod tshogs ka_.txt	     ཀྱི  གཉེན་པོ  ཕྱག  གཡའ  -ས  ཨ་རུ་ར 
 ཀྱི  དཔུང 						ཀྱི 	དཔུང 	འཇོམས་པ 	།_། 	གསེར་གྱི 	ལྷུན་པོ 	bstod tshogs ka_.txt	     ཀྱི  དཔུང  འཇོམས་པ  །_།  གསེར་གྱི  ལྷུན་པོ 