ཅན  རྣམས ་ལ 	ཕྱག 	འཚལ་ལོ 	།_། 	སེམས 	ཅན 	རྣམས	་ལ 	ཐུགས 	བརྩེ་བ 	།_། 	ཕྲད་དང 	bstod tshogs ka_.txt	ཕྱག  འཚལ་ལོ  །_།  སེམས  ཅན  རྣམས ་ལ  ཐུགས  བརྩེ་བ  །_།  ཕྲད་དང 
ཅན  རྣམས ་ལ 	ཐེག་པ 	ཆེན་པོ་ལ 	།_། 	སེམས 	ཅན 	རྣམས	་ལ 	སླུ་བ་ཡི 	།_། 	བདུད 	འཇོམས 	bstod tshogs ka_.txt	ཐེག་པ  ཆེན་པོ་ལ  །_།  སེམས  ཅན  རྣམས ་ལ  སླུ་བ་ཡི  །_།  བདུད  འཇོམས 
འགྲོ་བ  རྣམས ་ཀྱིས་མྱུར་དུ 	-ར་ནི 	།_། 	བདག 	སོགས 	འགྲོ་བ 	རྣམས	་ཀྱིས་མྱུར་དུ 	རྟོགས་པ 	-ར་ཤོག 	_། 	ཆོས་ཀྱི 	bstod tshogs ka_.txt	-ར་ནི  །_།  བདག  སོགས  འགྲོ་བ  རྣམས ་ཀྱིས་མྱུར་དུ  རྟོགས་པ  -ར་ཤོག  _།  ཆོས་ཀྱི 
དུས  རྣམས  ཀུན་དུ 	འགག་པ 	-ར 	འགྱུར་བ་མེད 	།_། 	དུས 	རྣམས 	ཀུན་དུ 	ཉོན་མོངས་མེད 	།_། 	ཐོག 	མ 	bstod tshogs ka_.txt	འགག་པ  -ར  འགྱུར་བ་མེད  །_།  དུས  རྣམས  ཀུན་དུ  ཉོན་མོངས་མེད  །_།  ཐོག  མ 
དུས  རྣམས  ཀུན་དུ 	ཇི 	ལྟར 	རིན་ཆེན་བཻཌཱུརྱ 	།_། 	དུས 	རྣམས 	ཀུན་དུ 	འོད་གསལ་ཡང 	_།_། 	རྡོ་ཡི 	ནང་ན 	bstod tshogs ka_.txt	ཇི  ལྟར  རིན་ཆེན་བཻཌཱུརྱ  །_།  དུས  རྣམས  ཀུན་དུ  འོད་གསལ་ཡང  _།_།  རྡོ་ཡི  ནང་ན 
ཆོས  རྣམས  ཀུན་གྱི 	བོན 	གྱུར་པ 	ཁམས་དེ་ཉིད 	།_། 	ཆོས 	རྣམས 	ཀུན་གྱི 	རྟེན་དུ་འདོད 	།_། 	རིམ་གྱིས 	སྦྱངས་པ 	bstod tshogs ka_.txt	བོན  གྱུར་པ  ཁམས་དེ་ཉིད  །_།  ཆོས  རྣམས  ཀུན་གྱི  རྟེན་དུ་འདོད  །_།  རིམ་གྱིས  སྦྱངས་པ 
རྒྱས  རྣམས ་ཀྱི 	གྱུར་པ 	-ས་སོ 	།_། 	སངས 	རྒྱས 	རྣམས	་ཀྱི 	སྨོན་ལམ་ཡང 	_།_། 	སྣང་བ 	མེད་ཅིང 	bstod tshogs ka_.txt	གྱུར་པ  -ས་སོ  །_།  སངས  རྒྱས  རྣམས ་ཀྱི  སྨོན་ལམ་ཡང  _།_།  སྣང་བ  མེད་ཅིང 
ཆོས  རྣམས  ཐམས་ཅད་ཀྱང 	མེད་པ་ལྟར 	།_། 	དེ 	བཞིན 	ཆོས 	རྣམས 	ཐམས་ཅད་ཀྱང 	_།_། 	བརྟགས་པ 	ཉིད་དེ 	ཡོད 	bstod tshogs ka_.txt	མེད་པ་ལྟར  །_།  དེ  བཞིན  ཆོས  རྣམས  ཐམས་ཅད་ཀྱང  _།_།  བརྟགས་པ  ཉིད་དེ  ཡོད 
ཆོས  རྣམས ་ཉིད 	།_། 	ཇི 	ལྟར 	བདེ་གཤེགས 	ཆོས 	རྣམས	་ཉིད 	།_། 	དབུ 	མ 	ཉིད་དུ 	bstod tshogs ka_.txt	།_།  ཇི  ལྟར  བདེ་གཤེགས  ཆོས  རྣམས ་ཉིད  །_།  དབུ  མ  ཉིད་དུ 
ཆོས  རྣམས ་ལ 	།_། 	ཡིད་གཙོར 	གྱུར་པ 	-འི 	ཆོས 	རྣམས	་ལ 	།_། 	རྟོག་དང 	བརྟག་པ་རྣམ 	སྤངས་ནས 	bstod tshogs ka_.txt	།_།  ཡིད་གཙོར  གྱུར་པ  -འི  ཆོས  རྣམས ་ལ  །_།  རྟོག་དང  བརྟག་པ་རྣམ  སྤངས་ནས 
 རྣམས  རང་བཞིན 	།_། 	ཆོས 				རྣམས 	རང་བཞིན 	མེད་པ་ཉིད 	།_། 	ཆོས་ཀྱི 	དབྱིངས་སུ 	bstod tshogs ka_.txt	།_།  ཆོས     རྣམས  རང་བཞིན  མེད་པ་ཉིད  །_།  ཆོས་ཀྱི  དབྱིངས་སུ 
ཆོས  རྣམས  དེ་ལྟར 	རེག་པ 	-ར 	གྱུར་པ་དང 	_།_། 	ཆོས 	རྣམས 	དེ་ལྟར 	རྣལ་འབྱོར་པས 	།_། 	ཤེས་ན 	མཚན་ཉིད 	bstod tshogs ka_.txt	རེག་པ  -ར  གྱུར་པ་དང  _།_།  ཆོས  རྣམས  དེ་ལྟར  རྣལ་འབྱོར་པས  །_།  ཤེས་ན  མཚན་ཉིད 
 རྣམས  །_། 						རྣམས 	།_། 	བྱིན 	རླབས 	ཟླ་བ 	ཚེས་པ་བཞིན 	bstod tshogs ka_.txt	     རྣམས  །_།  བྱིན  རླབས  ཟླ་བ  ཚེས་པ་བཞིན 
ཡི་དྭགས  རྣམས ་ཀྱིས་ནི 	མི 	མཐོང་ངོ 	_།_། 	ཇི་ལྟར 	ཡི་དྭགས 	རྣམས	་ཀྱིས་ནི 	།_། 	རྒྱ 	མཚོ 	སྐམས 	bstod tshogs ka_.txt	མི  མཐོང་ངོ  _།_།  ཇི་ལྟར  ཡི་དྭགས  རྣམས ་ཀྱིས་ནི  །_།  རྒྱ  མཚོ  སྐམས 
རྒྱས  རྣམས ་ནི 	-ས 	བསྒྲིབས་པས 	།_། 	སངས 	རྒྱས 	རྣམས	་ནི 	མེད་པ 	-ར་བརྟགས 	།_། 	དམན་དང 	bstod tshogs ka_.txt	-ས  བསྒྲིབས་པས  །_།  སངས  རྒྱས  རྣམས ་ནི  མེད་པ  -ར་བརྟགས  །_།  དམན་དང 
བྱས  རྣམས ་ལ 	།_། 	སེམས 	ཅན 	བསོད་ནམས 	བྱས 	རྣམས	་ལ 	།_། 	འོད་ཀྱིས 	གསལ་ཞིང 	དཔལ་ལྡན་པའི 	bstod tshogs ka_.txt	།_།  སེམས  ཅན  བསོད་ནམས  བྱས  རྣམས ་ལ  །_།  འོད་ཀྱིས  གསལ་ཞིང  དཔལ་ལྡན་པའི 
གདུལ་བྱ  རྣམས ་ནི 	མང་པོ 	-ར 	བཞུགས་ནས་ཀྱང 	_།_། 	གདུལ་བྱ 	རྣམས	་ནི 	གདུལ་བ 	-འི་ཕྱིར 	།_། 	དབྱིངས 	bstod tshogs ka_.txt	མང་པོ  -ར  བཞུགས་ནས་ཀྱང  _།_།  གདུལ་བྱ  རྣམས ་ནི  གདུལ་བ  -འི་ཕྱིར  །_།  དབྱིངས 
ས  རྣམས ་དེ་ཡི 	སོ་སོ 	རང་རིག 	རྣམ་དག་ན 	།_། 	ས 	རྣམས	་དེ་ཡི 	བདག་ཉིད་གནས 	།_། 	དབང 	ཕྱུག 	bstod tshogs ka_.txt	སོ་སོ  རང་རིག  རྣམ་དག་ན  །_།  ས  རྣམས ་དེ་ཡི  བདག་ཉིད་གནས  །_།  དབང  ཕྱུག 
སྲོག་ཆགས  རྣམས ་ཀྱི 	ཚེ་ཡང་གང་གིས 	བསྲུངས 	གྱུར་ཅིང 	_།_། 	སྲོག་ཆགས 	རྣམས	་ཀྱི 	སྲོག་གནས་པའི 	།_། 	རྒྱུ་གང 	མི་ཟད་པ་དེ་ཉིད 	bstod tshogs ka_.txt	ཚེ་ཡང་གང་གིས  བསྲུངས  གྱུར་ཅིང  _།_།  སྲོག་ཆགས  རྣམས ་ཀྱི  སྲོག་གནས་པའི  །_།  རྒྱུ་གང  མི་ཟད་པ་དེ་ཉིད 
ཆོས  རྣམས  ཀུན་ལ 	-ས་ནི 	ཁམས 	རྒྱས་འགྱུར 	།_། 	ཆོས 	རྣམས 	ཀུན་ལ 	བརྩོན་འགྲུས་དང 	_།_། 	བསམ་གཏན་ལ 	སེམས 	bstod tshogs ka_.txt	-ས་ནི  ཁམས  རྒྱས་འགྱུར  །_།  ཆོས  རྣམས  ཀུན་ལ  བརྩོན་འགྲུས་དང  _།_།  བསམ་གཏན་ལ  སེམས 
ཧྭགས  རྣམས ་ནི 	བསྒྲུབས་པ་ལས 	།_། 	བུ་རམ 	ཁ་ར 	ཧྭགས 	རྣམས	་ནི 	།_། 	དེ་ལས 	འབྱུང་བ 	-ར 	bstod tshogs ka_.txt	བསྒྲུབས་པ་ལས  །_།  བུ་རམ  ཁ་ར  ཧྭགས  རྣམས ་ནི  །_།  དེ་ལས  འབྱུང་བ  -ར 
 རྣམས  །_། 						རྣམས 	།_། 	དེ་ལས 	སྐྱེ་ཞིང 	འབྱུང་བ 	-ར་འགྱུར 	bstod tshogs ka_.txt	     རྣམས  །_།  དེ་ལས  སྐྱེ་ཞིང  འབྱུང་བ  -ར་འགྱུར 
མོས  རྣམས  ལ 	།_། 	དེ 	བཞིན 	ཐེག་མཆོག 	མོས 	རྣམས 	ལ 	-འང 	_།_། 	འདྲེན་པ 	རྣམས་ཀྱིས 	bstod tshogs ka_.txt	།_།  དེ  བཞིན  ཐེག་མཆོག  མོས  རྣམས  ལ  -འང  _།_།  འདྲེན་པ  རྣམས་ཀྱིས 
མོས  རྣམས  ལ 	།_། 	དེ 	བཞིན 	ཐེག་མཆོག 	མོས 	རྣམས 	ལ 	-འང 	_།_། 	སངས་རྒྱས 	སྐུ་ནི 	bstod tshogs ka_.txt	།_།  དེ  བཞིན  ཐེག་མཆོག  མོས  རྣམས  ལ  -འང  _།_།  སངས་རྒྱས  སྐུ་ནི 
ཞུགས  རྣམས ་ཀྱང 	མཐོང 	_།_། 	དེ་བཞིན 	ས་ལ 	ཞུགས 	རྣམས	་ཀྱང 	_།_། 	རིམ་གྱིས 	རིམ་གྱིས 	འཕེལ་བ 	bstod tshogs ka_.txt	མཐོང  _།_།  དེ་བཞིན  ས་ལ  ཞུགས  རྣམས ་ཀྱང  _།_།  རིམ་གྱིས  རིམ་གྱིས  འཕེལ་བ 
རྒྱས  རྣམས ་ཀྱི 	ནམ་མཁའ་དང 	མཉམ་པ 	།_། 	སངས 	རྒྱས 	རྣམས	་ཀྱི 	འཛིན་པ་ལས 	།_། 	ཆོས་ཀྱི 	སྤྲིན་ནི 	bstod tshogs ka_.txt	ནམ་མཁའ་དང  མཉམ་པ  །_།  སངས  རྒྱས  རྣམས ་ཀྱི  འཛིན་པ་ལས  །_།  ཆོས་ཀྱི  སྤྲིན་ནི 
 རྣམས ་ཀྱི 	ཀུན་དུ 	འབྱུང 	_།_། 	སངས་རྒྱས 		རྣམས	་ཀྱི 	ཆོས་ཀྱི་གནས 	།_། 	སྤྱོད་པ 	-འི 	bstod tshogs ka_.txt	ཀུན་དུ  འབྱུང  _།_།  སངས་རྒྱས   རྣམས ་ཀྱི  ཆོས་ཀྱི་གནས  །_།  སྤྱོད་པ  -འི 
 རྣམས  །_། 						རྣམས 	།_། 	ཆོས་ཀྱི 	སྤྲིན་གྱི 	ཡེ་ཤེས་ཀྱིས 	།_། 	bstod tshogs ka_.txt	     རྣམས  །_།  ཆོས་ཀྱི  སྤྲིན་གྱི  ཡེ་ཤེས་ཀྱིས  །_། 
མེད  རྣམས ་ལས 	-འི 	སངས་རྒྱས་ཆོས 	།_། 	སྤྲོས 	མེད 	རྣམས	་ལས 	ཉམས 	མི་མངའ 	།_། 	ལེགས 	bstod tshogs ka_.txt	-འི  སངས་རྒྱས་ཆོས  །_།  སྤྲོས  མེད  རྣམས ་ལས  ཉམས  མི་མངའ  །_།  ལེགས 
 རྣམས  །_། 						རྣམས 	།_། 	སྡུག 	བསྔལ་གྱིས 	གཡེངས 	འཇིགས་པ་ལ 	bstod tshogs ka_.txt	     རྣམས  །_།  སྡུག  བསྔལ་གྱིས  གཡེངས  འཇིགས་པ་ལ 
 རྣམས  །_། 						རྣམས 	།_། 	འབད་པ 	མེད་པ 	-ར 	འབྱུང་འགྱུར་ཏེ 	bstod tshogs ka_.txt	     རྣམས  །_།  འབད་པ  མེད་པ  -ར  འབྱུང་འགྱུར་ཏེ 
སྒོ  རྣམས  འབྱེད 	མུན་པ 	-ར 	ཞུགས་དེ་ཡི 	།_། 	སྒོ 	རྣམས 	འབྱེད 	པར 	མཛད་པ་ཡིན 	།_། 	ལྷག 	bstod tshogs ka_.txt	མུན་པ  -ར  ཞུགས་དེ་ཡི  །_།  སྒོ  རྣམས  འབྱེད  པར  མཛད་པ་ཡིན  །_།  ལྷག 
 རྣམས  །_། 						རྣམས 	།_། 	ལྷག 	མེད 	མྱ་ངན 	འདས་པ 	bstod tshogs ka_.txt	     རྣམས  །_།  ལྷག  མེད  མྱ་ངན  འདས་པ 
སངས་རྒྱས  རྣམས ་ཀྱིས་རྟོགས 	རྟོགས་དཀའ་བའི 	།_། 	ཆོས 	ཉིད 	སངས་རྒྱས 	རྣམས	་ཀྱིས་རྟོགས 	།_། 	ཁྱོད་ཀྱིས 	ཅུང་ཞིག 	མ 	bstod tshogs ka_.txt	རྟོགས་དཀའ་བའི  །_།  ཆོས  ཉིད  སངས་རྒྱས  རྣམས ་ཀྱིས་རྟོགས  །_།  ཁྱོད་ཀྱིས  ཅུང་ཞིག  མ 
 རྣམས  བཀག་པ 	བསྐྱེད་ཅིང 	།_། 	ཆོས 			རྣམས 	བཀག་པ 	-འང 	མ 	ལགས་ལ 	།_། 	bstod tshogs ka_.txt	བསྐྱེད་ཅིང  །_།  ཆོས    རྣམས  བཀག་པ  -འང  མ  ལགས་ལ  །_། 
ཆོས  རྣམས  ཀུན་ལ 	གྱུར་པ 	མི 	མངའ་བས 	།_། 	ཆོས 	རྣམས 	ཀུན་ལ 	བརྟེན 	མ་ལགས 	།_། 	མགོན 	bstod tshogs ka_.txt	གྱུར་པ  མི  མངའ་བས  །_།  ཆོས  རྣམས  ཀུན་ལ  བརྟེན  མ་ལགས  །_།  མགོན 
ཆོས  རྣམས ་གང 	-ར 	གྱུར 	མ་ལགས 	།_། 	ཆོས 	རྣམས	་གང 	དུ 	-འང 	འགྲོ་འོང་མེད 	།_། 	bstod tshogs ka_.txt	-ར  གྱུར  མ་ལགས  །_།  ཆོས  རྣམས ་གང  དུ  -འང  འགྲོ་འོང་མེད  །_། 
སྐུ  རྣམས ་ཀྱང 	ལགས་ལ 	།_། 	སྐྱེ་དང 	ཆོས་དང 	སྐུ 	རྣམས	་ཀྱང 	།_། 	ཐུབ་ཆེན 	ཁྱོད་ཀྱི 	བསམ 	bstod tshogs ka_.txt	ལགས་ལ  །_།  སྐྱེ་དང  ཆོས་དང  སྐུ  རྣམས ་ཀྱང  །_།  ཐུབ་ཆེན  ཁྱོད་ཀྱི  བསམ 
 རྣམས  སྤངས་པ 	མི་ཁྱབ 	།_། 	གཅིག་དང 	གཞན་པ 		རྣམས 	སྤངས་པ 	།_། 	བྲག 	ཅ 	ལྟ་བུ 	bstod tshogs ka_.txt	མི་ཁྱབ  །_།  གཅིག་དང  གཞན་པ   རྣམས  སྤངས་པ  །_།  བྲག  ཅ  ལྟ་བུ 
 རྣམས  །_། 						རྣམས 	།_། 	འཕོ་དང 	འཇིག་པ་རྣམ 	སྤངས་པ 	།_། 	bstod tshogs ka_.txt	     རྣམས  །_།  འཕོ་དང  འཇིག་པ་རྣམ  སྤངས་པ  །_། 
གཟུགས  རྣམས ་ཀྱི 	ཉིད་དུ་བསྒྲུབས 	།_། 	དཔའ་བོ 	ཁྱོད་ཀྱིས 	གཟུགས 	རྣམས	་ཀྱི 	།_། 	མཚན 	མ 	མེད 	bstod tshogs ka_.txt	ཉིད་དུ་བསྒྲུབས  །_།  དཔའ་བོ  ཁྱོད་ཀྱིས  གཟུགས  རྣམས ་ཀྱི  །_།  མཚན  མ  མེད 
སྐྱོན  རྣམས ་ནི 	།_། 	ལས་ཀྱི 	སྒྲིབ་པ 	-འི 	སྐྱོན 	རྣམས	་ནི 	།_། 	སྡིག 	མེད 	ཁྱོད་ཀྱིས 	bstod tshogs ka_.txt	།_།  ལས་ཀྱི  སྒྲིབ་པ  -འི  སྐྱོན  རྣམས ་ནི  །_།  སྡིག  མེད  ཁྱོད་ཀྱིས 
ཁམས  རྣམས ་སུ 	།_། 	གྲངས 	མེད 	འཇིག་རྟེན 	ཁམས 	རྣམས	་སུ 	།_། 	འདས་དང 	བལྟམས་དང 	མངོན་བྱང་ཆུབ 	bstod tshogs ka_.txt	།_།  གྲངས  མེད  འཇིག་རྟེན  ཁམས  རྣམས ་སུ  །_།  འདས་དང  བལྟམས་དང  མངོན་བྱང་ཆུབ 
མོས  རྣམས ་ཀྱི 	བ 	-འང 	ཐར་པ 	-ར 	མོས 	རྣམས	་ཀྱི 	།_། 	ཁྱོད་ལ 	གུས 	རྣམས་ཀྱིས་ཡང་མཐོང 	bstod tshogs ka_.txt	བ  -འང  ཐར་པ  -ར  མོས  རྣམས ་ཀྱི  །_།  ཁྱོད་ལ  གུས  རྣམས་ཀྱིས་ཡང་མཐོང 
ལྡན  རྣམས ་ལ 	རྨི་ལམ 	ཇི་བཞིན་དུ 	།_། 	བློ 	ལྡན 	རྣམས	་ལ 	རབ་ཏུ་བསྟན 	།_། 	གང 	དག 	bstod tshogs ka_.txt	རྨི་ལམ  ཇི་བཞིན་དུ  །_།  བློ  ལྡན  རྣམས ་ལ  རབ་ཏུ་བསྟན  །_།  གང  དག 
 རྣམས  །_། 						རྣམས 	།_། 	དེ 	མེད་པ 	-ར་ནི 	ཡོད 	bstod tshogs ka_.txt	     རྣམས  །_།  དེ  མེད་པ  -ར་ནི  ཡོད 
འཕགས་པ  རྣམས ་ཀྱིས 	བཞིན 	ཉིད་ནི 	ཐུགས་སུ་ཆུད 	།_། 	འཕགས་པ 	རྣམས	་ཀྱིས 	བསྟན་པ་ཡི 	།_། 	བསྒོམ 	མ 	bstod tshogs ka_.txt	བཞིན  ཉིད་ནི  ཐུགས་སུ་ཆུད  །_།  འཕགས་པ  རྣམས ་ཀྱིས  བསྟན་པ་ཡི  །_།  བསྒོམ  མ 
 རྣམས  །_། 						རྣམས 	།_། 	མ 	ལུས་པ 	-ར་ནི 	དེ་ཉིད་བསྟན 	bstod tshogs ka_.txt	     རྣམས  །_།  མ  ལུས་པ  -ར་ནི  དེ་ཉིད་བསྟན 
 རྣམས  །_། 						རྣམས 	།_། 	མཚན 	མ 	-འི 	འཆིང་ལས 	bstod tshogs ka_.txt	     རྣམས  །_།  མཚན  མ  -འི  འཆིང་ལས 
 རྣམས  །_། 						རྣམས 	།_། 	ཐ 	དད 	ལྷ་ཡི 	དམིགས་པ་ལ 	bstod tshogs ka_.txt	     རྣམས  །_།  ཐ  དད  ལྷ་ཡི  དམིགས་པ་ལ 
 རྣམས  །_། 						རྣམས 	།_། 	ཅུང 	ཟད 	བསྒོམ་པ 	-འི 	bstod tshogs ka_.txt	     རྣམས  །_།  ཅུང  ཟད  བསྒོམ་པ  -འི 
ཆོས  རྣམས  ཀུན་ལ 	མངའ་ལ 	ཕྱག 	འཚལ་འདུད 	།_། 	ཆོས 	རྣམས 	ཀུན་ལ 	མི 	གནས་པས 	།_། 	ཆོས་ཀྱི 	bstod tshogs ka_.txt	མངའ་ལ  ཕྱག  འཚལ་འདུད  །_།  ཆོས  རྣམས  ཀུན་ལ  མི  གནས་པས  །_།  ཆོས་ཀྱི 
ཆོས  རྣམས  ཐམས་ཅད 	ཡང་ན 	འདི 	-ར་ནི་ཅི་ཞིག་བསྟོད 	།_། 	ཆོས 	རྣམས 	ཐམས་ཅད 	སྟོང་པ་ལ 	།_། 	གང་ལ 	བསྟོད་ཅིང་གང་གིས་བསྟོད 	bstod tshogs ka_.txt	ཡང་ན  འདི  -ར་ནི་ཅི་ཞིག་བསྟོད  །_།  ཆོས  རྣམས  ཐམས་ཅད  སྟོང་པ་ལ  །_།  གང་ལ  བསྟོད་ཅིང་གང་གིས་བསྟོད 
 རྣམས  །_། 						རྣམས 	།_། 	བདེ 	གཤེགས 	གནས་སུ 	འགྲོ་བ 	bstod tshogs ka_.txt	     རྣམས  །_།  བདེ  གཤེགས  གནས་སུ  འགྲོ་བ 
རྒྱལ་བ  རྣམས ་ཀྱི 	སྤྲོས་མེད་པ 	།_། 	སོ་སོ 	རང་རིག 	རྒྱལ་བ 	རྣམས	་ཀྱི 	ཆོས་སྐུ 	དཔེ་མེད 	གང་ཡིན་དེ་ལ 	བདག 	bstod tshogs ka_.txt	སྤྲོས་མེད་པ  །_།  སོ་སོ  རང་རིག  རྒྱལ་བ  རྣམས ་ཀྱི  ཆོས་སྐུ  དཔེ་མེད  གང་ཡིན་དེ་ལ  བདག 
ཅན  རྣམས ་ཀྱི 	མཛད་བརྒྱ་ཡི 	འབྲས་བུ་ནི 	།_། 	བློ 	ཅན 	རྣམས	་ཀྱི 	དགའ་བ 	བསྐྱེད 	ཕྱིར 	འཁོར་གྱི 	bstod tshogs ka_.txt	མཛད་བརྒྱ་ཡི  འབྲས་བུ་ནི  །_།  བློ  ཅན  རྣམས ་ཀྱི  དགའ་བ  བསྐྱེད  ཕྱིར  འཁོར་གྱི 
ཅན  རྣམས ་ནི 	ཕྱག 	འཚལ་ལོ 	།_། 	སེམས 	ཅན 	རྣམས	་ནི 	སྨིན་པ 	-ར 	མཛད 	ཕྱིར 	bstod tshogs ka_.txt	ཕྱག  འཚལ་ལོ  །_།  སེམས  ཅན  རྣམས ་ནི  སྨིན་པ  -ར  མཛད  ཕྱིར 
ཐུབ་པ  རྣམས ་ཀྱི 	ཕྱོགས 	བཅུར 	ཆུབ 	མཛད 	ཐུབ་པ 	རྣམས	་ཀྱི 	སྤྲུལ་སྐུ 	དོན་ཆེན 	གང་ཡིན་དེ་ལ 	ཕྱག 	bstod tshogs ka_.txt	ཕྱོགས  བཅུར  ཆུབ  མཛད  ཐུབ་པ  རྣམས ་ཀྱི  སྤྲུལ་སྐུ  དོན་ཆེན  གང་ཡིན་དེ་ལ  ཕྱག 
གཤེགས་པ  རྣམས ་ཀྱི 	བྱུང་བའི 	།_། 	བདེ 	བར 	གཤེགས་པ 	རྣམས	་ཀྱི 	སྐུ་གསུམ་ཡིད་དང 	ཚིག་གི་ལམ་ལས 	རབ་ཏུ 	འདས་པ་ལ 	bstod tshogs ka_.txt	བྱུང་བའི  །_།  བདེ  བར  གཤེགས་པ  རྣམས ་ཀྱི  སྐུ་གསུམ་ཡིད་དང  ཚིག་གི་ལམ་ལས  རབ་ཏུ  འདས་པ་ལ 
དངོས་པོ  རྣམས ་ཀྱི 	-ས 	བསྒོས་པ 	བཞིན་ཏེ 	།_ 	དངོས་པོ 	རྣམས	་ཀྱི 	ཆོས་ཉིད་ནི 	དེ་ལྟ་བུའོ 	།_། 	དེ 	bstod tshogs ka_.txt	-ས  བསྒོས་པ  བཞིན་ཏེ  །_  དངོས་པོ  རྣམས ་ཀྱི  ཆོས་ཉིད་ནི  དེ་ལྟ་བུའོ  །_།  དེ 
ཅན  རྣམས ་ཀྱི་སོ་སོ 	རང་རིག 	ཅེས་བྱ་བ་སྟེ 	།_ 	སེམས 	ཅན 	རྣམས	་ཀྱི་སོ་སོ 	རང་གིས 	རིག་པ 	-ར 	གྱུར་པ་གཞོན 	bstod tshogs ka_.txt	རང་རིག  ཅེས་བྱ་བ་སྟེ  །_  སེམས  ཅན  རྣམས ་ཀྱི་སོ་སོ  རང་གིས  རིག་པ  -ར  གྱུར་པ་གཞོན 
རྒྱལ་བ  རྣམས ་ཏེ 	ཇི 	ལྟ་བུ་སུ་ལ 	ཞེ་ན 	།_ 	རྒྱལ་བ 	རྣམས	་ཏེ 	ཤེས་བྱ 	མ་ལུས་པ 	ཐུགས་སུ 	ཆུད་པ 	bstod tshogs ka_.txt	ཇི  ལྟ་བུ་སུ་ལ  ཞེ་ན  །_  རྒྱལ་བ  རྣམས ་ཏེ  ཤེས་བྱ  མ་ལུས་པ  ཐུགས་སུ  ཆུད་པ 
ཕྱིན་པ  རྣམས  ཡུན་རིང་པོ 	སྦྱིན་པ་ལ 	སོགས 	པ་ཕ 	རོལ་ཏུ 	ཕྱིན་པ 	རྣམས 	ཡུན་རིང་པོ 	-ར 	ཉེ་བ 	-ར 	བསགས་པ་ལས 	bstod tshogs ka_.txt	སྦྱིན་པ་ལ  སོགས  པ་ཕ  རོལ་ཏུ  ཕྱིན་པ  རྣམས  ཡུན་རིང་པོ  -ར  ཉེ་བ  -ར  བསགས་པ་ལས 
ཅན  རྣམས ་ཀྱི་སྟེ 	གང་གི 	ཞེ་ན 	།_ 	བློ 	ཅན 	རྣམས	་ཀྱི་སྟེ 	།_ 	བྱམས་པ་དང 	།_ 	མཐོང་བ 	bstod tshogs ka_.txt	གང་གི  ཞེ་ན  །_  བློ  ཅན  རྣམས ་ཀྱི་སྟེ  །_  བྱམས་པ་དང  །_  མཐོང་བ 
ཚོགས་ཏེ་དེ  རྣམས ་ཀྱི 	འཁོར་ནི 	བྱང་ཆུབ 	སེམས་དཔའ 	-འི 	ཚོགས་ཏེ་དེ 	རྣམས	་ཀྱི 	ནང་དུའོ 	།_། 	སྣ 	ཚོགས་པ་ནི 	bstod tshogs ka_.txt	འཁོར་ནི  བྱང་ཆུབ  སེམས་དཔའ  -འི  ཚོགས་ཏེ་དེ  རྣམས ་ཀྱི  ནང་དུའོ  །_།  སྣ  ཚོགས་པ་ནི 
སེམས་དཔའ  རྣམས ་ལ 	བཅུ 	-འི 	དབང་ཕྱུག་གི 	བྱང་ཆུབ 	སེམས་དཔའ 	རྣམས	་ལ 	རྣམ་པ 	སྣ་ཚོགས་པ 	-འི 	ཆོས་སྟོན་པ་ལ 	bstod tshogs ka_.txt	བཅུ  -འི  དབང་ཕྱུག་གི  བྱང་ཆུབ  སེམས་དཔའ  རྣམས ་ལ  རྣམ་པ  སྣ་ཚོགས་པ  -འི  ཆོས་སྟོན་པ་ལ 
ཅན  རྣམས ་ནི 	བསྟན་པ 	-འི་ཕྱིར 	།_ 	སེམས 	ཅན 	རྣམས	་ནི 	སྨིན་པ 	-ར 	མཛད 	ཕྱིར 	bstod tshogs ka_.txt	བསྟན་པ  -འི་ཕྱིར  །_  སེམས  ཅན  རྣམས ་ནི  སྨིན་པ  -ར  མཛད  ཕྱིར 
ཅན  རྣམས ་ནི་སྲོགས 	སོགས་པ 	སྨོས་ཏེ 	།_ 	སེམས 	ཅན 	རྣམས	་ནི་སྲོགས 	སྲོག་ཆགས 	རྣམས་སོ 	།_། 	ཅིའི 	bstod tshogs ka_.txt	སོགས་པ  སྨོས་ཏེ  །_  སེམས  ཅན  རྣམས ་ནི་སྲོགས  སྲོག་ཆགས  རྣམས་སོ  །_།  ཅིའི 
ཐབས་ཚུལ  རྣམས ་ཀྱིས་ཞེས 	པར་ཅི་ཞིག་ཅེ་ན 	།_ 	སྣ 	ཚོགས 	ཐབས་ཚུལ 	རྣམས	་ཀྱིས་ཞེས 	བྱ་བ་སྟེ 	།_ 	སངས 	རྒྱས་དང 	bstod tshogs ka_.txt	པར་ཅི་ཞིག་ཅེ་ན  །_  སྣ  ཚོགས  ཐབས་ཚུལ  རྣམས ་ཀྱིས་ཞེས  བྱ་བ་སྟེ  །_  སངས  རྒྱས་དང 
སེམས་ཅན  རྣམས ་ཀྱི 	གཟུགས་དང 	གཟུགས 	མེད་པ་སྟེ 	སྲིད་པ་གསུམ་གྱི 	སེམས་ཅན 	རྣམས	་ཀྱི 	སྐྱེ་བ་ལ 	སོགས་པ 	-འི 	ཉེས་པ 	bstod tshogs ka_.txt	གཟུགས་དང  གཟུགས  མེད་པ་སྟེ  སྲིད་པ་གསུམ་གྱི  སེམས་ཅན  རྣམས ་ཀྱི  སྐྱེ་བ་ལ  སོགས་པ  -འི  ཉེས་པ 
ཐུབ་པ  རྣམས ་ཀྱི 	ཕྱོགས 	བཅུར 	ཆུབ 	མཛད 	ཐུབ་པ 	རྣམས	་ཀྱི 	སྤྲུལ་སྐུ 	དོན་ཆེན་ཞེས 	བྱ་སྟེ 	།_ 	bstod tshogs ka_.txt	ཕྱོགས  བཅུར  ཆུབ  མཛད  ཐུབ་པ  རྣམས ་ཀྱི  སྤྲུལ་སྐུ  དོན་ཆེན་ཞེས  བྱ་སྟེ  །_ 
བཅུ་པོ  རྣམས ་སུ 	ཆུབ་པ 	-ར 	མཛད་པ་ནི 	ཕྱོགས 	བཅུ་པོ 	རྣམས	་སུ 	རྗེས་སུ 	ཁྱབ་པའོ 	།_། 	ཐུབ་པ་ནི 	bstod tshogs ka_.txt	ཆུབ་པ  -ར  མཛད་པ་ནི  ཕྱོགས  བཅུ་པོ  རྣམས ་སུ  རྗེས་སུ  ཁྱབ་པའོ  །_།  ཐུབ་པ་ནི 
སྲོག་ཆགས  རྣམས ་ཀྱི 	།_ 	སེམས 	ཅན་གྱི 	དོན་ནི 	སྲོག་ཆགས 	རྣམས	་ཀྱི 	འདོད་པ 	-འི 	དོན 	རབ་ཏུ 	bstod tshogs ka_.txt	།_  སེམས  ཅན་གྱི  དོན་ནི  སྲོག་ཆགས  རྣམས ་ཀྱི  འདོད་པ  -འི  དོན  རབ་ཏུ 
།_།  རྣམས ་ཀྱི 	-ས་ན 	བདེ་བ 	-ར 	གཤེགས་པའོ 	།_། 	རྣམས	་ཀྱི 	སྐུ་གསུམ་ནི 	ཆོས་ཀྱི 	སྐུ་དང 	།_ 	bstod tshogs ka_.txt	-ས་ན  བདེ་བ  -ར  གཤེགས་པའོ  །_།  རྣམས ་ཀྱི  སྐུ་གསུམ་ནི  ཆོས་ཀྱི  སྐུ་དང  །_ 
ཅན  རྣམས ་ལ་ཡིད་ཀྱིས 	འདི 	ཡང་དག་བཟུང 	།_། 	སེམས 	ཅན 	རྣམས	་ལ་ཡིད་ཀྱིས 	གནོད་པ 	-ར 	སེམས་དེ་གང་གི་ཕྱིར 	།_། 	bstod tshogs ka_.txt	འདི  ཡང་དག་བཟུང  །_།  སེམས  ཅན  རྣམས ་ལ་ཡིད་ཀྱིས  གནོད་པ  -ར  སེམས་དེ་གང་གི་ཕྱིར  །_། 
ཤ  རྣམས ་དང་ནི 	འབྱོར་དང 	རྒྱལ་སྲིད 	ཆེན་པོ་དང 	།_། 	ཤ 	རྣམས	་དང་ནི 	ཁྲག་དང 	ཚིལ་དང 	མིག་དང 	ལུས 	bstod tshogs ka_.txt	འབྱོར་དང  རྒྱལ་སྲིད  ཆེན་པོ་དང  །_།  ཤ  རྣམས ་དང་ནི  ཁྲག་དང  ཚིལ་དང  མིག་དང  ལུས 
 རྣམས ་ཀྱང 						རྣམས	་ཀྱང 	།_། 	གང་ལ 	བརྩེ་བ 	-འི 	bstod tshogs ka_.txt	     རྣམས ་ཀྱང  །_།  གང་ལ  བརྩེ་བ  -འི 
ཅན  རྣམས ་ལ 	མྱོང་བ 	-ས་ན 	།_། 	སེམས 	ཅན 	རྣམས	་ལ 	འཚེ་བ 	-ར 	བྱེད་དེ 	ང་ཡི 	bstod tshogs ka_.txt	མྱོང་བ  -ས་ན  །_།  སེམས  ཅན  རྣམས ་ལ  འཚེ་བ  -ར  བྱེད་དེ  ང་ཡི 
ཅན  རྣམས ་ལ 	སློབ་མ 	ཇི་ལྟར་ཡིན 	།_། 	སེམས 	ཅན 	རྣམས	་ལ 	བརྟེན་ནས 	སངས་རྒྱས 	མཉེས་དང 	དགེ་བ་བྱས 	bstod tshogs ka_.txt	སློབ་མ  ཇི་ལྟར་ཡིན  །_།  སེམས  ཅན  རྣམས ་ལ  བརྟེན་ནས  སངས་རྒྱས  མཉེས་དང  དགེ་བ་བྱས 
ཅན  རྣམས ་ལ 	བདུད་ཀྱི 	སྟོབས་ཀྱང་བཅོམ 	།_། 	སེམས 	ཅན 	རྣམས	་ལ 	དེ་ལྟ 	དེ་ལྟར 	སྤྱད་པ 	དེས་ན 	bstod tshogs ka_.txt	བདུད་ཀྱི  སྟོབས་ཀྱང་བཅོམ  །_།  སེམས  ཅན  རྣམས ་ལ  དེ་ལྟ  དེ་ལྟར  སྤྱད་པ  དེས་ན 
སེམས་ཅན  རྣམས  ཉིད 	།_། 	གླང་པོ་ལ 	སོགས 	འགྲོ་བ 	སེམས་ཅན 	རྣམས 	ཉིད 	དུ་མ 	ང་ཡིས 	སྦྱིན་པ་བྱས 	།_། 	bstod tshogs ka_.txt	།_།  གླང་པོ་ལ  སོགས  འགྲོ་བ  སེམས་ཅན  རྣམས  ཉིད  དུ་མ  ང་ཡིས  སྦྱིན་པ་བྱས  །_། 
 རྣམས  ཉིད 	སེམས 	ཅན 				རྣམས 	ཉིད 	སྣོད 	ཉིད་དུ་ཡང 	ཉེ་བ 	-ར 	bstod tshogs ka_.txt	སེམས  ཅན     རྣམས  ཉིད  སྣོད  ཉིད་དུ་ཡང  ཉེ་བ  -ར 
ཅན  རྣམས  ཉིད 	སྦྱིན་པ 	-ས་བསྡུས 	།_། 	སེམས 	ཅན 	རྣམས 	ཉིད 	སྣ་ཚོགས 	དངོས་པོ 	-ར 	གྱུར་པ 	bstod tshogs ka_.txt	སྦྱིན་པ  -ས་བསྡུས  །_།  སེམས  ཅན  རྣམས  ཉིད  སྣ་ཚོགས  དངོས་པོ  -ར  གྱུར་པ 
སེམས་ཅན  རྣམས  ཉིད 	འཕེལ་བ 	-ར་གྱུར 	།_། 	གལ་ཏེ 	སེམས་ཅན 	རྣམས 	ཉིད 	བསྲུང 	མ 	བྱས་ན་གང་གི 	དོན་དུ 	bstod tshogs ka_.txt	འཕེལ་བ  -ར་གྱུར  །_།  གལ་ཏེ  སེམས་ཅན  རྣམས  ཉིད  བསྲུང  མ  བྱས་ན་གང་གི  དོན་དུ 
སེམས་ཅན  རྣམས ་ལ 	གྱུར་འདི 	།_། 	གལ་ཏེ 	ང་ལ 	སེམས་ཅན 	རྣམས	་ལ 	བརྩེ 	མེད 	གྱུར་ན་གང་གི 	དོན་དུ 	bstod tshogs ka_.txt	གྱུར་འདི  །_།  གལ་ཏེ  ང་ལ  སེམས་ཅན  རྣམས ་ལ  བརྩེ  མེད  གྱུར་ན་གང་གི  དོན་དུ 
འགྲོ་བ  རྣམས ་ལ 	ཇི 	སྲིད 	ང་ཡི 	བསྟན་པ 	འགྲོ་བ 	རྣམས	་ལ 	ཕན་པ 	འདི 	-ར་ནི 	འབར 	bstod tshogs ka_.txt	ཇི  སྲིད  ང་ཡི  བསྟན་པ  འགྲོ་བ  རྣམས ་ལ  ཕན་པ  འདི  -ར་ནི  འབར 
མེད  རྣམས ་ཀྱིས 	ཀུན 	ཉེས་མེད་ལ 	།_། 	ཉེས 	མེད 	རྣམས	་ཀྱིས 	གཟིགས 	མཛད་པ 	།_། 	དཔག 	bstod tshogs ka_.txt	ཀུན  ཉེས་མེད་ལ  །_།  ཉེས  མེད  རྣམས ་ཀྱིས  གཟིགས  མཛད་པ  །_།  དཔག 
 རྣམས  །_། 						རྣམས 	།_། 	ཁྱད 	པར 	ཡོད་པ 	-ར 	bstod tshogs ka_.txt	     རྣམས  །_།  ཁྱད  པར  ཡོད་པ  -ར 
ཅན  རྣམས  ཁྱོད་ཀྱི་སྲས 	འཇིག་རྟེན་གཙོ 	།_། 	ཐུགས 	རྗེ 	ཅན 	རྣམས 	ཁྱོད་ཀྱི་སྲས 	།_། 	དེ་ཡི 	སླད་དུ 	དགེ་མ་ཁྱོད 	bstod tshogs ka_.txt	འཇིག་རྟེན་གཙོ  །_།  ཐུགས  རྗེ  ཅན  རྣམས  ཁྱོད་ཀྱི་སྲས  །_།  དེ་ཡི  སླད་དུ  དགེ་མ་ཁྱོད 
-ར  རྣམས ་ཀྱིས 	ལགས་པ 	།_། 	རྒྱུ 	སྐ 	-ར 	རྣམས	་ཀྱིས 	ཟླ་རིས་བཞིན 	།_། 	གདུལ 	བྱ 	bstod tshogs ka_.txt	ལགས་པ  །_།  རྒྱུ  སྐ  -ར  རྣམས ་ཀྱིས  ཟླ་རིས་བཞིན  །_།  གདུལ  བྱ 
གཤེགས  རྣམས ་ཀྱིས 	བརྟེན་ནས 	།_། 	དེ་དང 	དེ་བཞིན 	གཤེགས 	རྣམས	་ཀྱིས 	།_། 	ཁྱོད 	ཉིད 	གཅིག་པུ 	bstod tshogs ka_.txt	བརྟེན་ནས  །_།  དེ་དང  དེ་བཞིན  གཤེགས  རྣམས ་ཀྱིས  །_།  ཁྱོད  ཉིད  གཅིག་པུ 
 རྣམས  །_། 						རྣམས 	།_། 	ཉི 	མ 	-འི 	འོད་དང 	bstod tshogs ka_.txt	     རྣམས  །_།  ཉི  མ  -འི  འོད་དང 
 རྣམས ་ཀྱི 	མཇལ་བ་བཞིན 	།_། 	རྒོལ་བ 			རྣམས	་ཀྱི 	རྩོད་དང་སྐྱོན 	།_། 	ཁྱོད་དང 	མཇལ་ན 	bstod tshogs ka_.txt	མཇལ་བ་བཞིན  །_།  རྒོལ་བ    རྣམས ་ཀྱི  རྩོད་དང་སྐྱོན  །_།  ཁྱོད་དང  མཇལ་ན 
བྱིས་པ  རྣམས ་ལ་ནི 	-ར་འགྱུར 	།_། 	ཁྱོད 	ཉིད 	བྱིས་པ 	རྣམས	་ལ་ནི 	།_། 	སྐྲག 	བྱེད 	མཐོང་ན 	bstod tshogs ka_.txt	-ར་འགྱུར  །_།  ཁྱོད  ཉིད  བྱིས་པ  རྣམས ་ལ་ནི  །_།  སྐྲག  བྱེད  མཐོང་ན 
 རྣམས ་ལ 	འཇིགས་པ་དང 	།_། 	མཁས་པ 			རྣམས	་ལ 	དབུགས 	འབྱིན་པ 	།_། 	སྐྱེད་པ 	bstod tshogs ka_.txt	འཇིགས་པ་དང  །_།  མཁས་པ    རྣམས ་ལ  དབུགས  འབྱིན་པ  །_།  སྐྱེད་པ 
མཁས་པ  རྣམས ་ཀྱིས 	གནས་ནི 	ཐམས་ཅད 	དག་ཏུ་ཡང 	།_། 	མཁས་པ 	རྣམས	་ཀྱིས 	དམིགས 	མ་ལགས 	།_། 	གང 	bstod tshogs ka_.txt	གནས་ནི  ཐམས་ཅད  དག་ཏུ་ཡང  །_།  མཁས་པ  རྣམས ་ཀྱིས  དམིགས  མ་ལགས  །_།  གང 
སངས་རྒྱས  རྣམས ་དང 	།_། 	སངས 	རྒྱས 	རང 	སངས་རྒྱས 	རྣམས	་དང 	།_། 	ཉན 	ཐོས 	རྣམས་ཀྱིས 	bstod tshogs ka_.txt	།_།  སངས  རྒྱས  རང  སངས་རྒྱས  རྣམས ་དང  །_།  ཉན  ཐོས  རྣམས་ཀྱིས 
ཅན  རྣམས ་ལ 	མེད་པ 	-ར་ངེས 	།_། 	ལུས 	ཅན 	རྣམས	་ལ 	ཕན་དོན་དུ 	།_། 	ཐ 	སྙད 	bstod tshogs ka_.txt	མེད་པ  -ར་ངེས  །_།  ལུས  ཅན  རྣམས ་ལ  ཕན་དོན་དུ  །_།  ཐ  སྙད 
འཇིག་རྟེན་མགོན  རྣམས ་ཀྱིས 	མཛད་ནས་ནི 	།_། 	བརྩེ 	བས 	འཇིག་རྟེན་མགོན 	རྣམས	་ཀྱིས 	།_། 	ཁྱོད 	བསྟན་མ 	བསྟན་པ 	bstod tshogs ka_.txt	མཛད་ནས་ནི  །_།  བརྩེ  བས  འཇིག་རྟེན་མགོན  རྣམས ་ཀྱིས  །_།  ཁྱོད  བསྟན་མ  བསྟན་པ 
 རྣམས  །_། 						རྣམས 	།_། 	ངོ་བོ 	མེད་པ 	ཉིད་དུ་གསུངས 	།_། 	bstod tshogs ka_.txt	     རྣམས  །_།  ངོ་བོ  མེད་པ  ཉིད་དུ་གསུངས  །_། 
ལྡན  རྣམས ་ལ 	།_། 	དེ 	བཞིན 	བློ་དང 	ལྡན 	རྣམས	་ལ 	།_། 	ཐུགས 	རྗེ 	-འི 	bstod tshogs ka_.txt	།_།  དེ  བཞིན  བློ་དང  ལྡན  རྣམས ་ལ  །_།  ཐུགས  རྗེ  -འི 
 རྣམས ་ལས་ནི 	དབང་གིས 	བསྟན་པ་མཛད 	།_། 	རྐྱེན 		རྣམས	་ལས་ནི 	འབྲེལ 	འབྱུང་བ 	།_། 	མ 	bstod tshogs ka_.txt	དབང་གིས  བསྟན་པ་མཛད  །_།  རྐྱེན   རྣམས ་ལས་ནི  འབྲེལ  འབྱུང་བ  །_།  མ 
ཉོན་མོངས  རྣམས ་ཀྱང 	མ 	འོངས་ལ 	སོགས་པ 	།_། 	ཉོན་མོངས 	རྣམས	་ཀྱང 	དེ་བཞིན་ཏེ 	།_། 	ཡང 	དག 	bstod tshogs ka_.txt	མ  འོངས་ལ  སོགས་པ  །_།  ཉོན་མོངས  རྣམས ་ཀྱང  དེ་བཞིན་ཏེ  །_།  ཡང  དག 
དངོས  རྣམས  རང་བཞིན་མེད 	དངོས་མེད་པ 	།_། 	དེ 	ཚེ 	དངོས 	རྣམས 	རང་བཞིན་མེད 	།_། 	དེ 	ཚེ 	གཞན 	bstod tshogs ka_.txt	དངོས་མེད་པ  །_།  དེ  ཚེ  དངོས  རྣམས  རང་བཞིན་མེད  །_།  དེ  ཚེ  གཞན 
ཆོས  རྣམས  ཁྱོད་ཀྱིས་གསུངས 	སྐྱེས་ལགས 	།_། 	དེ 	སླད 	ཆོས 	རྣམས 	ཁྱོད་ཀྱིས་གསུངས 	།_། 	བློ 	ལྡན 	ཁྱོད་ཀྱིས 	bstod tshogs ka_.txt	སྐྱེས་ལགས  །_།  དེ  སླད  ཆོས  རྣམས  ཁྱོད་ཀྱིས་གསུངས  །_།  བློ  ལྡན  ཁྱོད་ཀྱིས 
དབང་པོ  རྣམས ་ཀྱིས་གང 	རྒྱུ 	ཆུ་ཤིང 	འདྲ་བ་ལགས 	།_། 	དབང་པོ 	རྣམས	་ཀྱིས་གང 	དམིགས་དེ 	།_། 	གལ་ཏེ 	ཡང་དག 	bstod tshogs ka_.txt	རྒྱུ  ཆུ་ཤིང  འདྲ་བ་ལགས  །_།  དབང་པོ  རྣམས ་ཀྱིས་གང  དམིགས་དེ  །_།  གལ་ཏེ  ཡང་དག 
དབང་པོ  རྣམས ་ནི་བེམས་པོ་དང 	ཡང་དག 	ཤེས་པ 	-ས་ཅི 	།_། 	དབང་པོ 	རྣམས	་ནི་བེམས་པོ་དང 	_།_། 	ཚད་མ 	ཉིད་ཀྱང 	མ་ཡིན་དང 	bstod tshogs ka_.txt	ཡང་དག  ཤེས་པ  -ས་ཅི  །_།  དབང་པོ  རྣམས ་ནི་བེམས་པོ་དང  _།_།  ཚད་མ  ཉིད་ཀྱང  མ་ཡིན་དང 
ཆོས  རྣམས  མུ་བཞི་དང 	ཁྱོད་ཀྱིས 	བསྟན་པ་མཛད 	།_། 	དེས་ན 	ཆོས 	རྣམས 	མུ་བཞི་དང 	_།_། 	བྲལ་བ 	-ར 	ཁྱོད་ཀྱིས 	bstod tshogs ka_.txt	ཁྱོད་ཀྱིས  བསྟན་པ་མཛད  །_།  དེས་ན  ཆོས  རྣམས  མུ་བཞི་དང  _།_།  བྲལ་བ  -ར  ཁྱོད་ཀྱིས 
 རྣམས  །_། 						རྣམས 	།_། 	རང 	ལས་མ 	སྐྱེས་དེ་ཡི་ཕྱིར 	།_། 	bstod tshogs ka_.txt	     རྣམས  །_།  རང  ལས་མ  སྐྱེས་དེ་ཡི་ཕྱིར  །_། 
ཆོས  རྣམས  ཐམས་ཅད་ནི 	མ་མཆིས 	།_། 	དེ 	ཕྱིར 	ཆོས 	རྣམས 	ཐམས་ཅད་ནི 	།_། 	རྟོག་པ 	ཙམ་ཞེས 	ཁྱོད་ཀྱིས་གསུངས 	bstod tshogs ka_.txt	མ་མཆིས  །_།  དེ  ཕྱིར  ཆོས  རྣམས  ཐམས་ཅད་ནི  །_།  རྟོག་པ  ཙམ་ཞེས  ཁྱོད་ཀྱིས་གསུངས 
རྒྱས  རྣམས ་དང 	-ས་ན 	སངས་རྒྱས་བརྗོད 	།_། 	སངས 	རྒྱས 	རྣམས	་དང 	ཆོས་དབྱིངས་དང 	_།_། 	དེས་ན 	དོན་དུ 	bstod tshogs ka_.txt	-ས་ན  སངས་རྒྱས་བརྗོད  །_།  སངས  རྒྱས  རྣམས ་དང  ཆོས་དབྱིངས་དང  _།_།  དེས་ན  དོན་དུ 
གཞན  རྣམས ་དང 	མི་དད 	།_། 	བདག 	ཉིད་དང་ནི 	གཞན 	རྣམས	་དང 	_།_། 	དེས་ན 	མཉམ་པ 	-ར 	bstod tshogs ka_.txt	མི་དད  །_།  བདག  ཉིད་དང་ནི  གཞན  རྣམས ་དང  _།_།  དེས་ན  མཉམ་པ  -ར 
 རྣམས ་ལས 	ཁྱོད 	བཞེད་ལགས 	།_། 	དངོས་པོ 		རྣམས	་ལས 	སྟོང 	གཞན་མིན 	།_། 	དེ 	bstod tshogs ka_.txt	ཁྱོད  བཞེད་ལགས  །_།  དངོས་པོ   རྣམས ་ལས  སྟོང  གཞན་མིན  །_།  དེ 
ཟིན  རྣམས ་ཀྱིས 	།_། 	དངོས་པོ 	-འི 	གདོན་གྱིས 	ཟིན 	རྣམས	་ཀྱིས 	།_། 	གསོ་བ་དེ་ནི 	བླ་ན་མེད 	།_། 	bstod tshogs ka_.txt	།_།  དངོས་པོ  -འི  གདོན་གྱིས  ཟིན  རྣམས ་ཀྱིས  །_།  གསོ་བ་དེ་ནི  བླ་ན་མེད  །_། 
ཆོས  རྣམས  ཀུན་གྱི 	ཆོས་ཀྱི 	རྫས་ནི 	གསུངས་པ་ལགས 	།_། 	ཆོས 	རྣམས 	ཀུན་གྱི 	ངོ་བོ་ཉིད 	།_། 	ངེས་པ 	-འི 	bstod tshogs ka_.txt	ཆོས་ཀྱི  རྫས་ནི  གསུངས་པ་ལགས  །_།  ཆོས  རྣམས  ཀུན་གྱི  ངོ་བོ་ཉིད  །_།  ངེས་པ  -འི 
ཆོས  རྣམས  ཁྱོད་ཀྱིས་གང 	འདས་པ 	-འི 	སྤྱོད་ཡུལ་གྱི 	།_། 	ཆོས 	རྣམས 	ཁྱོད་ཀྱིས་གང 	བསྟན་པ 	།_། 	དེ་ནི 	ཁྱོད་ཀྱི 	bstod tshogs ka_.txt	འདས་པ  -འི  སྤྱོད་ཡུལ་གྱི  །_།  ཆོས  རྣམས  ཁྱོད་ཀྱིས་གང  བསྟན་པ  །_།  དེ་ནི  ཁྱོད་ཀྱི 
 རྣམས  །_། 						རྣམས 	།_། 	ཁྱོད་ཀྱིས 	བསྒྲགས་པ 	-ར 	མཛད 	bstod tshogs ka_.txt	     རྣམས  །_།  ཁྱོད་ཀྱིས  བསྒྲགས་པ  -ར  མཛད 
དངོས  རྣམས  རྐྱེན་ལས 	གང་ཞིག 	རྐྱེན་ལས་དེ 	མ་མཆིས 	།_། 	དངོས 	རྣམས 	རྐྱེན་ལས 	ཇི་ལྟར་སྐྱེ 	།_། 	དེ 	སྐད 	bstod tshogs ka_.txt	གང་ཞིག  རྐྱེན་ལས་དེ  མ་མཆིས  །_།  དངོས  རྣམས  རྐྱེན་ལས  ཇི་ལྟར་སྐྱེ  །_།  དེ  སྐད 
སྤྲོས་པ  རྣམས ་ནི 	མཁས་པ 	ཁྱོད 	གསུངས་པས 	།_། 	སྤྲོས་པ 	རྣམས	་ནི 	བཅད་པ་ལགས 	།_། 	གང 	དག 	bstod tshogs ka_.txt	མཁས་པ  ཁྱོད  གསུངས་པས  །_།  སྤྲོས་པ  རྣམས ་ནི  བཅད་པ་ལགས  །_།  གང  དག 
 རྣམས  །_། 						རྣམས 	།_། 	ཕྲད 	པར་ཡང་ནི 	མཆིས 	མ་ལགས 	bstod tshogs ka_.txt	     རྣམས  །_།  ཕྲད  པར་ཡང་ནི  མཆིས  མ་ལགས 
སྨྲ  རྣམས ་ཀྱི 	།_། 	འབིགས 	བྱེད 	གླང་ཆེན 	སྨྲ 	རྣམས	་ཀྱི 	།_། 	རྒྱགས་པ 	བསལ་བ 	-ར 	bstod tshogs ka_.txt	།_།  འབིགས  བྱེད  གླང་ཆེན  སྨྲ  རྣམས ་ཀྱི  །_།  རྒྱགས་པ  བསལ་བ  -ར 
ཆོས  རྣམས  ཀུན་ལ 	ཁྱོད་ལ 	ཕྱག 	འཚལ་བསྟོད 	།_། 	ཆོས 	རྣམས 	ཀུན་ལ 	མི 	གནས་ཤིང 	།_། 	ཆོས 	bstod tshogs ka_.txt	ཁྱོད་ལ  ཕྱག  འཚལ་བསྟོད  །_།  ཆོས  རྣམས  ཀུན་ལ  མི  གནས་ཤིང  །_།  ཆོས 
ཆོས  རྣམས  ཐམས་ཅད 	གཞན་དུ 	ཁྱོད་ལ 	ཇི་ལྟར་བསྟོད 	།_། 	ཆོས 	རྣམས 	ཐམས་ཅད 	སྟོང་པ་ལ 	།_། 	སུ་ལ 	བསྟོད་ཅིང་སུ་ཡིས་བསྟོད 	bstod tshogs ka_.txt	གཞན་དུ  ཁྱོད་ལ  ཇི་ལྟར་བསྟོད  །_།  ཆོས  རྣམས  ཐམས་ཅད  སྟོང་པ་ལ  །_།  སུ་ལ  བསྟོད་ཅིང་སུ་ཡིས་བསྟོད 
མ་ལུས་པ  རྣམས  རབ 	ཕྱག 	འཚལ་ལོ 	།_། 	ཉེས་པ 	མ་ལུས་པ 	རྣམས 	རབ 	བསལ་ཞིང 	།_། 	ཐུབ་པ 	-འི 	bstod tshogs ka_.txt	ཕྱག  འཚལ་ལོ  །_།  ཉེས་པ  མ་ལུས་པ  རྣམས  རབ  བསལ་ཞིང  །_།  ཐུབ་པ  -འི 
མཆོད་རྟེན  རྣམས ་ལ 	བརྒྱན་པ་ཡི 	།_། 	བདེ 	གཤེགས 	མཆོད་རྟེན 	རྣམས	་ལ 	ཕྱག 	འཚལ་ལོ 	།_། 	མ 	bstod tshogs ka_.txt	བརྒྱན་པ་ཡི  །_།  བདེ  གཤེགས  མཆོད་རྟེན  རྣམས ་ལ  ཕྱག  འཚལ་ལོ  །_།  མ 
ལྷ  རྣམས  གནས 	དམ་པ 	མཆོག་ནི 	གསལ་ལྡན་དུ 	།_། 	ལྷ 	རྣམས 	གནས 	གཤེགས 	བླ་ན 	མེད་པ 	-ར་བབས 	bstod tshogs ka_.txt	དམ་པ  མཆོག་ནི  གསལ་ལྡན་དུ  །_།  ལྷ  རྣམས  གནས  གཤེགས  བླ་ན  མེད་པ  -ར་བབས 
 རྣམས  །_། 						རྣམས 	།_། 	དགེ་བ་ལ་ནི 	སྦྱོར 	མཛད་ཅིང 	།_། 	bstod tshogs ka_.txt	     རྣམས  །_།  དགེ་བ་ལ་ནི  སྦྱོར  མཛད་ཅིང  །_། 
གཞན  རྣམས ་ན 	_། 	ཕྱོགས 	བཅུ 	གཞན་དང 	གཞན 	རྣམས	་ན 	།_། 	བཞུགས་པ 	-འི 	ཆོས་སྐུ 	bstod tshogs ka_.txt	_།  ཕྱོགས  བཅུ  གཞན་དང  གཞན  རྣམས ་ན  །_།  བཞུགས་པ  -འི  ཆོས་སྐུ 
 རྣམས  །_། 						རྣམས 	།_། 	ཕྱག་གི 	སོར་མོ 	-འི 	སྟོབས་ཀྱིས 	bstod tshogs ka_.txt	     རྣམས  །_།  ཕྱག་གི  སོར་མོ  -འི  སྟོབས་ཀྱིས 
ཚོགས  རྣམས ་ཀྱིས 	།_། 	དགའ་བོ་ལ 	སོགས 	ཀླུ་ཡི 	ཚོགས 	རྣམས	་ཀྱིས 	།_། 	བསྙེན 	བཀུར 	འབུལ་བ 	bstod tshogs ka_.txt	།_།  དགའ་བོ་ལ  སོགས  ཀླུ་ཡི  ཚོགས  རྣམས ་ཀྱིས  །_།  བསྙེན  བཀུར  འབུལ་བ 
སངས་རྒྱས  རྣམས ་དང 	བྱང 	ཆུབ 	སེམས་དང 	རང 	སངས་རྒྱས 	རྣམས	་དང 	_།_། 	ཉན་ཐོས་དགྲ 	བཅོམ 	ཚོགས་ཀྱིས 	bstod tshogs ka_.txt	བྱང  ཆུབ  སེམས་དང  རང  སངས་རྒྱས  རྣམས ་དང  _།_།  ཉན་ཐོས་དགྲ  བཅོམ  ཚོགས་ཀྱིས 
ལྷ  རྣམས  འདུལ 	བདག་གིས 	བསྟོད་པ 	-ར་བགྱི 	།_། 	ལྷ 	རྣམས 	འདུལ 	མཛད 	འདུལ་བ 	-འི 	དུས་མཁྱེན་ནས 	bstod tshogs ka_.txt	བདག་གིས  བསྟོད་པ  -ར་བགྱི  །_།  ལྷ  རྣམས  འདུལ  མཛད  འདུལ་བ  -འི  དུས་མཁྱེན་ནས 
ཅན  རྣམས  ཚར 	སྒྱུ་རྩལ་བསྟན 	།_། 	སྐྱེ་བོ 	དྲེགས་པ 	ཅན 	རྣམས 	ཚར 	བཅད་ནས 	།_། 	འགྲན 	ཟླ་མེད་པ 	bstod tshogs ka_.txt	སྒྱུ་རྩལ་བསྟན  །_།  སྐྱེ་བོ  དྲེགས་པ  ཅན  རྣམས  ཚར  བཅད་ནས  །_།  འགྲན  ཟླ་མེད་པ 
 རྣམས  །_། 						རྣམས 	།_། 	ཐེག་པ་གསུམ་ལ 	འགོད 	མཛད 	ཕྱག 	bstod tshogs ka_.txt	     རྣམས  །_།  ཐེག་པ་གསུམ་ལ  འགོད  མཛད  ཕྱག 
བདུད  རྣམས ་བཏུལ 	།_། 	འཁོར་མོ 	འཇིག་གི 	ཡུལ་དུ 	བདུད 	རྣམས	་བཏུལ 	།_། 	ཐུབ་པ 	གཡུལ་ལས 	རྒྱལ 	bstod tshogs ka_.txt	།_།  འཁོར་མོ  འཇིག་གི  ཡུལ་དུ  བདུད  རྣམས ་བཏུལ  །_།  ཐུབ་པ  གཡུལ་ལས  རྒྱལ 
ཅན  རྣམས ་མྱུར་དུ 	ཕྱག 	འཚལ་ལོ 	།_། 	ལེ་ལོ 	ཅན 	རྣམས	་མྱུར་དུ 	བསྐུལ 	བྱ 	-འི་ཕྱིར 	།_། 	bstod tshogs ka_.txt	ཕྱག  འཚལ་ལོ  །_།  ལེ་ལོ  ཅན  རྣམས ་མྱུར་དུ  བསྐུལ  བྱ  -འི་ཕྱིར  །_། 
འཁོར་འདབ  རྣམས ་ཀྱི་ཕྱིར 	།_། 	བདག 	འདི 	-ར 	འཁོར་འདབ 	རྣམས	་ཀྱི་ཕྱིར 	།_། 	ལས་གང་ལེགས་དང 	ཉེས་བྱས་པ 	།_། 	bstod tshogs ka_.txt	།_།  བདག  འདི  -ར  འཁོར་འདབ  རྣམས ་ཀྱི་ཕྱིར  །_།  ལས་གང་ལེགས་དང  ཉེས་བྱས་པ  །_། 
དག  རྣམས ་སུ 	།_། 	གཏིང 	མེད 	རྒྱ་མཚོ 	དག 	རྣམས	་སུ 	།_། 	མགོན་པོ 	བདག 	ཅག 	bstod tshogs ka_.txt	།_།  གཏིང  མེད  རྒྱ་མཚོ  དག  རྣམས ་སུ  །_།  མགོན་པོ  བདག  ཅག 
ཕྱུགས  རྣམས ་དང 	།_། 	ཉེས་པ 	མེད་པ 	-ར 	ཕྱུགས 	རྣམས	་དང 	།_། 	རི 	དགས 	མང་པོ 	bstod tshogs ka_.txt	།_།  ཉེས་པ  མེད་པ  -ར  ཕྱུགས  རྣམས ་དང  །_།  རི  དགས  མང་པོ 
སྨན་པ  རྣམས ་ཀྱི 	སྐྱོབ་པ 	-ར 	སུ་ཞིག་འགྱུར 	།_། 	སྨན་པ 	རྣམས	་ཀྱི 	སྨན་པ 	-འི་རྒྱལ 	།_། 	ནད 	bstod tshogs ka_.txt	སྐྱོབ་པ  -ར  སུ་ཞིག་འགྱུར  །_།  སྨན་པ  རྣམས ་ཀྱི  སྨན་པ  -འི་རྒྱལ  །_།  ནད 
 རྣམས  ཐམས་ཅད 						རྣམས 	ཐམས་ཅད 	གསོ 	མཛད་པ 	།_། 	ཁམས་གསུམ 	bstod tshogs ka_.txt	     རྣམས  ཐམས་ཅད  གསོ  མཛད་པ  །_།  ཁམས་གསུམ 
སེམས  རྣམས ་དང 	འཚལ་ལོ 	།_། 	བྱང 	ཆུབ 	སེམས 	རྣམས	་དང 	།_། 	དགྲ 	བཅོམ 	དག་ལ་སོགས 	bstod tshogs ka_.txt	འཚལ་ལོ  །_།  བྱང  ཆུབ  སེམས  རྣམས ་དང  །_།  དགྲ  བཅོམ  དག་ལ་སོགས 
 རྣམས ་ལ 	།_། 	རང 	སངས་རྒྱས 			རྣམས	་ལ 	།_། 	གུས་པ 	-ས 	ཕྱག 	bstod tshogs ka_.txt	།_།  རང  སངས་རྒྱས    རྣམས ་ལ  །_།  གུས་པ  -ས  ཕྱག 
སྐྱེ་བོ  རྣམས ་ལ་བཏང 	།_། 	སློང 	བ 	-འི 	སྐྱེ་བོ 	རྣམས	་ལ་བཏང 	།_། 	བདག་ལ 	བདག་ཉིད 	སྤངས་ནས་ནི 	bstod tshogs ka_.txt	།_།  སློང  བ  -འི  སྐྱེ་བོ  རྣམས ་ལ་བཏང  །_།  བདག་ལ  བདག་ཉིད  སྤངས་ནས་ནི 
ཟིན  རྣམས ་ཀྱིས 	ལུས 	ཅན 	གཤེད་མ 	-ས 	ཟིན 	རྣམས	་ཀྱིས 	།_། 	ལུས་དང 	སྲོག་ཀྱང 	ཁྱོད་ཀྱིས་ནི 	bstod tshogs ka_.txt	ལུས  ཅན  གཤེད་མ  -ས  ཟིན  རྣམས ་ཀྱིས  །_།  ལུས་དང  སྲོག་ཀྱང  ཁྱོད་ཀྱིས་ནི 
བརྟན  རྣམས ་ནི 	གྱ་གྱུ་རྣམ 	སྤངས་ཤིང 	།_། 	དྲང 	བརྟན 	རྣམས	་ནི 	རྟག 	བསྟེན་པས 	།_། 	ཡོངས་སུ 	bstod tshogs ka_.txt	གྱ་གྱུ་རྣམ  སྤངས་ཤིང  །_།  དྲང  བརྟན  རྣམས ་ནི  རྟག  བསྟེན་པས  །_།  ཡོངས་སུ 
 རྣམས ་ཀྱིས 	དག་པ 	-འི་ལས 				རྣམས	་ཀྱིས 	།_། 	ཁྱོད་ནི 	གཞི 	རྟེན 	bstod tshogs ka_.txt	དག་པ  -འི་ལས     རྣམས ་ཀྱིས  །_།  ཁྱོད་ནི  གཞི  རྟེན 
ཉོན་མོངས  རྣམས ་ནི 	དགའ་བ 	-འི 	ཐུགས་ཀྱི་ནི 	།_། 	ཉོན་མོངས 	རྣམས	་ནི 	སྲན 	བཙུགས་ནས 	།_། 	སྐྱེ་བོ 	bstod tshogs ka_.txt	དགའ་བ  -འི  ཐུགས་ཀྱི་ནི  །_།  ཉོན་མོངས  རྣམས ་ནི  སྲན  བཙུགས་ནས  །_།  སྐྱེ་བོ 
གྱུར་པ  རྣམས ་ལ་ཡང 	ཅན་ལ་བརྩེ 	།_། 	གཟིར 	བར 	གྱུར་པ 	རྣམས	་ལ་ཡང 	།_། 	ཉེས་པ 	རྣམས་ནི 	མི 	bstod tshogs ka_.txt	ཅན་ལ་བརྩེ  །_།  གཟིར  བར  གྱུར་པ  རྣམས ་ལ་ཡང  །_།  ཉེས་པ  རྣམས་ནི  མི 
སོས་པ  རྣམས  ལ 	འདྲ 	སྲོག་ཆགས 	འགུམ་པ་ལས 	།_། 	སོས་པ 	རྣམས 	ལ 	-འང 	བྱུང 	མ་གྱུར 	།_། 	bstod tshogs ka_.txt	འདྲ  སྲོག་ཆགས  འགུམ་པ་ལས  །_།  སོས་པ  རྣམས  ལ  -འང  བྱུང  མ་གྱུར  །_། 
ཆོས  རྣམས ་ལ 	།_། 	ཇི 	ལྟར 	སངས་རྒྱས 	ཆོས 	རྣམས	་ལ 	།_། 	སོ་སོ 	-ར 	བརྟགས་ནས 	bstod tshogs ka_.txt	།_།  ཇི  ལྟར  སངས་རྒྱས  ཆོས  རྣམས ་ལ  །_།  སོ་སོ  -ར  བརྟགས་ནས 
 རྣམས  །_། 						རྣམས 	།_། 	ཐོག 	དྲུང 	རིམ་པ 	-ར 	bstod tshogs ka_.txt	     རྣམས  །_།  ཐོག  དྲུང  རིམ་པ  -ར 
མུ་སྟེགས་པ  རྣམས ་ནི 	ཁྱོད 	མ་ཆགས 	།_། 	ཁ་ཅིག 	མུ་སྟེགས་པ 	རྣམས	་ནི 	།_། 	ལོངས 	སྤྱོད་ཀྱིས་ནི 	ངེས་ལེགས་འཐད 	bstod tshogs ka_.txt	ཁྱོད  མ་ཆགས  །_།  ཁ་ཅིག  མུ་སྟེགས་པ  རྣམས ་ནི  །_།  ལོངས  སྤྱོད་ཀྱིས་ནི  ངེས་ལེགས་འཐད 
དུ་མ  རྣམས ་ལ་ཡང 	མིན་ཏེ 	།_། 	དུད 	འགྲོ 	དུ་མ 	རྣམས	་ལ་ཡང 	།_། 	གང་ཞིག 	ཡེ་ཤེས 	རྣམ་དག་ཕྱིར 	bstod tshogs ka_.txt	མིན་ཏེ  །_།  དུད  འགྲོ  དུ་མ  རྣམས ་ལ་ཡང  །_།  གང་ཞིག  ཡེ་ཤེས  རྣམ་དག་ཕྱིར 
ཞ་བོ  རྣམས ་ཀྱི་གང 	གྱུར་པ་ཡང 	།_། 	སྤྱོད 	མེད 	ཞ་བོ 	རྣམས	་ཀྱི་གང 	_།_། 	སྐྱེ་བོ 	-ས 	ཐོབ་པ 	bstod tshogs ka_.txt	གྱུར་པ་ཡང  །_།  སྤྱོད  མེད  ཞ་བོ  རྣམས ་ཀྱི་གང  _།_།  སྐྱེ་བོ  -ས  ཐོབ་པ 
རྒྱུ  རྣམས ་ལ 	ཤིན་ཏུ་ཆུང 	།_། 	ཁྱོད་ནི 	ཡོན་ཏན 	རྒྱུ 	རྣམས	་ལ 	།_། 	མངོན 	དགྱེས 	འབྲས་བུ 	bstod tshogs ka_.txt	ཤིན་ཏུ་ཆུང  །_།  ཁྱོད་ནི  ཡོན་ཏན  རྒྱུ  རྣམས ་ལ  །_།  མངོན  དགྱེས  འབྲས་བུ 
 རྣམས ་ལ་མིན 						རྣམས	་ལ་མིན 	།_། 	ཡང 	དག 	སྒྲུབ་པ 	bstod tshogs ka_.txt	     རྣམས ་ལ་མིན  །_།  ཡང  དག  སྒྲུབ་པ 
 རྣམས  །_། 						རྣམས 	།_། 	སྙིང 	རྗེ 	ཕོངས་པ 	-ས 	bstod tshogs ka_.txt	     རྣམས  །_།  སྙིང  རྗེ  ཕོངས་པ  -ས 
ཅན  རྣམས ་ལ 	མ 	མཆིས་ཏེ 	།_། 	སེམས 	ཅན 	རྣམས	་ལ 	ཉམས 	མེད་པའི 	།_། 	ཉོན་མོངས 	bstod tshogs ka_.txt	མ  མཆིས་ཏེ  །_།  སེམས  ཅན  རྣམས ་ལ  ཉམས  མེད་པའི  །_།  ཉོན་མོངས 
མཆོག  རྣམས ་ཀྱིས་ཀྱང 	།_། 	ཉན 	ཐོས 	བློ 	མཆོག 	རྣམས	་ཀྱིས་ཀྱང 	།_། 	བསྐལ་པ 	རྣམས་ཀྱིས 	མ 	bstod tshogs ka_.txt	།_།  ཉན  ཐོས  བློ  མཆོག  རྣམས ་ཀྱིས་ཀྱང  །_།  བསྐལ་པ  རྣམས་ཀྱིས  མ 
ཆོས  རྣམས  ཀུན་གྱི 	སུ་ཞིག་གིས་ནི 	མཇལ་བ 	-ར་ནུས 	།_། 	ཆོས 	རྣམས 	ཀུན་གྱི 	མི 	བསྐྱོད་པ 	།_། 	ཁྱོད་ཀྱིས 	bstod tshogs ka_.txt	སུ་ཞིག་གིས་ནི  མཇལ་བ  -ར་ནུས  །_།  ཆོས  རྣམས  ཀུན་གྱི  མི  བསྐྱོད་པ  །_།  ཁྱོད་ཀྱིས 
 རྣམས  །_། 						རྣམས 	།_། 	དག་པ 	-འི 	གན་ན 	སྟོན་ཟླ་དང 	bstod tshogs ka_.txt	     རྣམས  །_།  དག་པ  -འི  གན་ན  སྟོན་ཟླ་དང 
 རྣམས  །_། 						རྣམས 	།_། 	དྲི 	མ 	ཅན 	ཉིད 	bstod tshogs ka_.txt	     རྣམས  །_།  དྲི  མ  ཅན  ཉིད 
 རྣམས  །_། 						རྣམས 	།_། 	དཔེ་ཡི 	ཚུལ་ཀྱིས 	སུ 	-ས 	bstod tshogs ka_.txt	     རྣམས  །_།  དཔེ་ཡི  ཚུལ་ཀྱིས  སུ  -ས 
ཆོས  རྣམས ་ཀྱིས 	བས་ཏེ 	།_། 	ཉོན་མོངས 	འཇིག་རྟེན 	ཆོས 	རྣམས	་ཀྱིས 	།_། 	སངས 	རྒྱས 	ཆོས་ལ 	bstod tshogs ka_.txt	བས་ཏེ  །_།  ཉོན་མོངས  འཇིག་རྟེན  ཆོས  རྣམས ་ཀྱིས  །_།  སངས  རྒྱས  ཆོས་ལ 
 རྣམས  །_། 						རྣམས 	།_། 	སྡང 	བས 	གོལ 	པར 	bstod tshogs ka_.txt	     རྣམས  །_།  སྡང  བས  གོལ  པར 
བདུད  རྣམས  མངོན 	-ར་མཛད 	།_། 	གང 	ཚེ 	བདུད 	རྣམས 	མངོན 	བཏུལ་བ 	།_། 	དེ་ཡི 	ནུབ་མོ 	bstod tshogs ka_.txt	-ར་མཛད  །_།  གང  ཚེ  བདུད  རྣམས  མངོན  བཏུལ་བ  །_།  དེ་ཡི  ནུབ་མོ 
སྤངས་པ  རྣམས ་ཀྱིས་ནི 	འགྲོ་བ་སྲིད 	།_། 	ཕྲ 	རྒྱས 	སྤངས་པ 	རྣམས	་ཀྱིས་ནི 	།_། 	རྒོལ 	བ 	-འི 	bstod tshogs ka_.txt	འགྲོ་བ་སྲིད  །_།  ཕྲ  རྒྱས  སྤངས་པ  རྣམས ་ཀྱིས་ནི  །_།  རྒོལ  བ  -འི 
ཡོན་ཏན  རྣམས  ལ 	གཟིགས 	མ 	གསན་བཞིན 	།_། 	ཡོན་ཏན 	རྣམས 	ལ 	-འང 	མ 	ཆགས་ལ 	།_། 	bstod tshogs ka_.txt	གཟིགས  མ  གསན་བཞིན  །_།  ཡོན་ཏན  རྣམས  ལ  -འང  མ  ཆགས་ལ  །_། 
དབང་པོ  རྣམས ་ནི 	རེ 	དོགས་ཀྱིས་ཀྱང 	ཤིན་ཏུ་བསྒྲིབས 	།_། 	དབང་པོ 	རྣམས	་ནི 	རབ་དང་བ 	།_། 	དུས 	རྣམས 	bstod tshogs ka_.txt	རེ  དོགས་ཀྱིས་ཀྱང  ཤིན་ཏུ་བསྒྲིབས  །_།  དབང་པོ  རྣམས ་ནི  རབ་དང་བ  །_།  དུས  རྣམས 
དགས  རྣམས ་ཀྱིས་ནི 	པར་ལ 	མཁས་མ་ཡིན་ཡང 	།_། 	གང་ཞིག་ཡི 	དགས 	རྣམས	་ཀྱིས་ནི 	།_། 	ཁྱོད་ཀྱི 	སྐུ་ནི 	མཛེས་པ 	bstod tshogs ka_.txt	པར་ལ  མཁས་མ་ཡིན་ཡང  །_།  གང་ཞིག་ཡི  དགས  རྣམས ་ཀྱིས་ནི  །_།  ཁྱོད་ཀྱི  སྐུ་ནི  མཛེས་པ 
ཡོན་ཏན  རྣམས ་ཀྱང་སླར 	གསུང 	གསུང་ལྟར 	།_། 	དེ་ཡི 	ཡོན་ཏན 	རྣམས	་ཀྱང་སླར 	།_། 	ངེད་ལེགས 	བཀོད་ཅེས 	གསུང་བ་འདྲ 	bstod tshogs ka_.txt	གསུང  གསུང་ལྟར  །_།  དེ་ཡི  ཡོན་ཏན  རྣམས ་ཀྱང་སླར  །_།  ངེད་ལེགས  བཀོད་ཅེས  གསུང་བ་འདྲ 
ཉོན་མོངས  རྣམས ་ཀྱིས་བཅིངས 	ཐམས་ཅད་ནི 	།_། 	ཁྱད 	མེད 	ཉོན་མོངས 	རྣམས	་ཀྱིས་བཅིངས 	།_། 	ཁྱོད་ནི 	འགྲོ་བ 	-འི 	bstod tshogs ka_.txt	ཐམས་ཅད་ནི  །_།  ཁྱད  མེད  ཉོན་མོངས  རྣམས ་ཀྱིས་བཅིངས  །_།  ཁྱོད་ནི  འགྲོ་བ  -འི 
ཅན  རྣམས ་ལ་རྣམ 	བྱུང་ལ 	གུས་པ་ཡིས 	།_། 	སེམས 	ཅན 	རྣམས	་ལ་རྣམ 	དཔྱད་ནས 	།_། 	རིག་པ་ཡི་ནི 	མཚོ 	bstod tshogs ka_.txt	བྱུང་ལ  གུས་པ་ཡིས  །_།  སེམས  ཅན  རྣམས ་ལ་རྣམ  དཔྱད་ནས  །_།  རིག་པ་ཡི་ནི  མཚོ 
 རྣམས  །_། 						རྣམས 	།_། 	སྤྱོད་པ 	མ 	ཉམས 	དེ 	bstod tshogs ka_.txt	     རྣམས  །_།  སྤྱོད་པ  མ  ཉམས  དེ 
ཕྲིན་ལས  རྣམས ་ཀྱང 	-འོ 	ཤིན་ཏུ 	ཡོངས་དག་པའི 	།_། 	ཕྲིན་ལས 	རྣམས	་ཀྱང 	རབ་ཏུ་བཟོ 	།_། 	དེ་ཡིས 	རིན་ཆེན 	bstod tshogs ka_.txt	-འོ  ཤིན་ཏུ  ཡོངས་དག་པའི  །_།  ཕྲིན་ལས  རྣམས ་ཀྱང  རབ་ཏུ་བཟོ  །_།  དེ་ཡིས  རིན་ཆེན 
གསུང  རྣམས ་ཀྱི 					གསུང 	རྣམས	་ཀྱི 	།_། 	སྣོད 	འདི 	འདྲ་བ 	bstod tshogs ka_.txt	    གསུང  རྣམས ་ཀྱི  །_།  སྣོད  འདི  འདྲ་བ 
ཉན་པ  རྣམས ་ཀྱི 	དང་པོ 	-ར 	ཁྱོད་ཀྱི་གསུང 	།_། 	ཉན་པ 	རྣམས	་ཀྱི 	ཡིད་འཕྲོག་མཛད 	།_། 	དེ་ནས་ཡིད་ལ 	བསམས 	bstod tshogs ka_.txt	དང་པོ  -ར  ཁྱོད་ཀྱི་གསུང  །_།  ཉན་པ  རྣམས ་ཀྱི  ཡིད་འཕྲོག་མཛད  །_།  དེ་ནས་ཡིད་ལ  བསམས 
ཕོངས་པ  རྣམས ་ཀྱི 	འབྱུང་བ 	སྟོན་པ 	-ར་མཛད 	།_། 	ཕོངས་པ 	རྣམས	་ཀྱི 	དབུགས 	འབྱིན་ཅིང 	།_། 	བག 	bstod tshogs ka_.txt	འབྱུང་བ  སྟོན་པ  -ར་མཛད  །_།  ཕོངས་པ  རྣམས ་ཀྱི  དབུགས  འབྱིན་ཅིང  །_།  བག 
མེད  རྣམས ་ནི 					མེད 	རྣམས	་ནི 	སྐྲག་པ 	-ར་མཛད 	།_། 	བདེ་བ 	bstod tshogs ka_.txt	    མེད  རྣམས ་ནི  སྐྲག་པ  -ར་མཛད  །_།  བདེ་བ 
མཁས་པ  རྣམས ་ནི 	ཐོས 	བསམ 	རང་བཞིན་གྱིས་ཀྱང་ནི 	།_། 	མཁས་པ 	རྣམས	་ནི 	དགའ་བ་བསྐྱེད 	།_། 	བར 	མ 	bstod tshogs ka_.txt	ཐོས  བསམ  རང་བཞིན་གྱིས་ཀྱང་ནི  །_།  མཁས་པ  རྣམས ་ནི  དགའ་བ་བསྐྱེད  །_།  བར  མ 
 རྣམས ་ཀྱི 						རྣམས	་ཀྱི 	བློ་ཡང་སྤེལ 	།_། 	ཐ 	མ 	bstod tshogs ka_.txt	     རྣམས ་ཀྱི  བློ་ཡང་སྤེལ  །_།  ཐ  མ 
ཡོན་ཏན  རྣམས ་ཀྱི 	སེལ 	མཛད 	ཁྱོད་ཀྱི་གསུང 	།_། 	ཡོན་ཏན 	རྣམས	་ཀྱི 	ཆ 	-ར་ཡང་འབེབས 	།_། 	འདུལ 	bstod tshogs ka_.txt	སེལ  མཛད  ཁྱོད་ཀྱི་གསུང  །_།  ཡོན་ཏན  རྣམས ་ཀྱི  ཆ  -ར་ཡང་འབེབས  །_།  འདུལ 
ཅན  རྣམས  ལ་དོན་དམ་པ 	གསུང་བ 	-འི་ཕྱིར 	།_། 	སྐལ 	ཅན 	རྣམས 	ལ་དོན་དམ་པ 	།_། 	ཤིན་ཏུ 	མ 	འདས་པ་ཡིས་ཀྱང 	bstod tshogs ka_.txt	གསུང་བ  -འི་ཕྱིར  །_།  སྐལ  ཅན  རྣམས  ལ་དོན་དམ་པ  །_།  ཤིན་ཏུ  མ  འདས་པ་ཡིས་ཀྱང 
མཆོག  རྣམས ་ཀྱི 	མི་མངའ 	།_། 	ཁྱོད་ཀྱི 	ཉན་ཐོས 	མཆོག 	རྣམས	་ཀྱི 	།_། 	རིགས་དང 	སྨིན་དང 	མོས་པ་ཡིས 	bstod tshogs ka_.txt	མི་མངའ  །_།  ཁྱོད་ཀྱི  ཉན་ཐོས  མཆོག  རྣམས ་ཀྱི  །_།  རིགས་དང  སྨིན་དང  མོས་པ་ཡིས 
མིན  རྣམས ་སུ 	ཡུལ 	མིན་དང 	།_། 	སྣོད 	མིན 	རྣམས	་སུ 	མི 	འཇུག་པ 	།_། 	དེ 	bstod tshogs ka_.txt	ཡུལ  མིན་དང  །_།  སྣོད  མིན  རྣམས ་སུ  མི  འཇུག་པ  །_།  དེ 
གཞན  རྣམས ་ཀྱང་ནི 	བསྟན 	འདྲ 	གཞན་ལ་མེད 	།_། 	གཞན 	རྣམས	་ཀྱང་ནི 	ཐར 	དོན་མིན 	།_། 	དཀའ 	bstod tshogs ka_.txt	བསྟན  འདྲ  གཞན་ལ་མེད  །_།  གཞན  རྣམས ་ཀྱང་ནི  ཐར  དོན་མིན  །_།  དཀའ 
དམྱལ་བ་ཡི་ཡང་ལས  རྣམས ་ལའང 	བདག་པོ 	-འི 	བཀའ་ལུང་གིས 	།_། 	དམྱལ་བ་ཡི་ཡང་ལས 	རྣམས	་ལའང 	།_། 	བྱས་པ 	གཟོ་བ 	-ས 	bstod tshogs ka_.txt	བདག་པོ  -འི  བཀའ་ལུང་གིས  །_།  དམྱལ་བ་ཡི་ཡང་ལས  རྣམས ་ལའང  །_།  བྱས་པ  གཟོ་བ  -ས 
མཁས  རྣམས ་ཀྱིས 	འགྲོལ་ཕྱིར 	།_། 	བྱིས་པ 	སློབ་དང 	མཁས 	རྣམས	་ཀྱིས 	།_། 	ཁྱོད་ཀྱི 	བསྟན་པ 	-ས 	bstod tshogs ka_.txt	འགྲོལ་ཕྱིར  །_།  བྱིས་པ  སློབ་དང  མཁས  རྣམས ་ཀྱིས  །_།  ཁྱོད་ཀྱི  བསྟན་པ  -ས 
མི  རྣམས  དབུགས་ཀྱང་འབྱིན 	ཁོང་ཆུད 	མཛད་ཅིང 	།_། 	ལྷ་དང 	མི 	རྣམས 	དབུགས་ཀྱང་འབྱིན 	།_། 	བདག་ཏུ 	ལྟ་བ 	-ས 	bstod tshogs ka_.txt	ཁོང་ཆུད  མཛད་ཅིང  །_།  ལྷ་དང  མི  རྣམས  དབུགས་ཀྱང་འབྱིན  །_།  བདག་ཏུ  ལྟ་བ  -ས 
འགྲོ་བ  རྣམས ་ལ 	ཡང་ན 	མཐོང་དང 	ཐོས་པ་ཡང 	།_། 	འགྲོ་བ 	རྣམས	་ལ 	སྨོན 	མཛད་པ 	།_། 	དེ 	bstod tshogs ka_.txt	ཡང་ན  མཐོང་དང  ཐོས་པ་ཡང  །_།  འགྲོ་བ  རྣམས ་ལ  སྨོན  མཛད་པ  །_།  དེ 
དགུ  རྣམས  ལ་སྨན 	གནས་སྐབས 	ཐམས་ཅད་དུ 	།_། 	སྐྱེ 	དགུ 	རྣམས 	ལ་སྨན 	མཛད་པའི 	།_། 	ཆོས 	བསྟན་པ 	bstod tshogs ka_.txt	གནས་སྐབས  ཐམས་ཅད་དུ  །_།  སྐྱེ  དགུ  རྣམས  ལ་སྨན  མཛད་པའི  །_།  ཆོས  བསྟན་པ 
སྐྱེ་དགུ  རྣམས ་ཀྱང་དགའ 	-ར་འགྱུར 	།_། 	འཕེལ 	བས 	སྐྱེ་དགུ 	རྣམས	་ཀྱང་དགའ 	།_། 	གཤེགས་པ་ན་ནི 	ཕན 	འདོགས་མཛད 	bstod tshogs ka_.txt	-ར་འགྱུར  །_།  འཕེལ  བས  སྐྱེ་དགུ  རྣམས ་ཀྱང་དགའ  །_།  གཤེགས་པ་ན་ནི  ཕན  འདོགས་མཛད 
མི་བཟད  རྣམས ་སུ་ཡང 	རིན་ཆེན 	འབྱུང་གནས་ལགས 	།_། 	འཇིགས་པ 	མི་བཟད 	རྣམས	་སུ་ཡང 	།_། 	ཁྱོད་ནི 	དྲན་པ 	ཙམ་གྱིས་གང 	bstod tshogs ka_.txt	རིན་ཆེན  འབྱུང་གནས་ལགས  །_།  འཇིགས་པ  མི་བཟད  རྣམས ་སུ་ཡང  །_།  ཁྱོད་ནི  དྲན་པ  ཙམ་གྱིས་གང 
འཚལ  རྣམས ་ཀྱི 	ཉེན་པ 	-འི་སྐྱབས 	།_། 	ཐར 	འཚལ 	རྣམས	་ཀྱི 	འདྲེན་པ་ལགས 	།_། 	མེ 	ཏོག 	bstod tshogs ka_.txt	ཉེན་པ  -འི་སྐྱབས  །_།  ཐར  འཚལ  རྣམས ་ཀྱི  འདྲེན་པ་ལགས  །_།  མེ  ཏོག 
ཅན  རྣམས ་རྣལ་དུ་འགོད 	བགྱིད་པ 	ཚར་ཡང་གཅོད 	།_། 	གྱ་གྱུ 	ཅན 	རྣམས	་རྣལ་དུ་འགོད 	།_། 	དལ 	བུས 	བགྱིད་ལ 	bstod tshogs ka_.txt	བགྱིད་པ  ཚར་ཡང་གཅོད  །_།  གྱ་གྱུ  ཅན  རྣམས ་རྣལ་དུ་འགོད  །_།  དལ  བུས  བགྱིད་ལ 
དུལ་བ  རྣམས ་ནི་ལམ་ལ་སྦྱོར 	-ར 	སྤངས་པ 	-ར་མཛད 	།_། 	དུལ་བ 	རྣམས	་ནི་ལམ་ལ་སྦྱོར 	།_། 	དམུ 	རྒོད 	རྣམས་ལ 	bstod tshogs ka_.txt	-ར  སྤངས་པ  -ར་མཛད  །_།  དུལ་བ  རྣམས ་ནི་ལམ་ལ་སྦྱོར  །_།  དམུ  རྒོད  རྣམས་ལ 
ཉམ་ཐག  རྣམས ་ལ་བརྩེ 	གཞེས་པ 	-ར་མཛད 	།_། 	ཁྱོད་ནི 	ཉམ་ཐག 	རྣམས	་ལ་བརྩེ 	།_། 	བདེ 	བར་གནས་ལ 	ཕན་པ 	bstod tshogs ka_.txt	གཞེས་པ  -ར་མཛད  །_།  ཁྱོད་ནི  ཉམ་ཐག  རྣམས ་ལ་བརྩེ  །_།  བདེ  བར་གནས་ལ  ཕན་པ 
གྲོགས  རྣམས ་ལ་ནི་བཞིན 	བྱས 	འཇོམས་པའི 	།_། 	གཉེན་དང 	གྲོགས 	རྣམས	་ལ་ནི་བཞིན 	།_། 	ཁྱོད་ནི 	དགྲ་བོ 	རྣམས 	bstod tshogs ka_.txt	བྱས  འཇོམས་པའི  །_།  གཉེན་དང  གྲོགས  རྣམས ་ལ་ནི་བཞིན  །_།  ཁྱོད་ནི  དགྲ་བོ  རྣམས 
གཏུམ་པོ  རྣམས ་ལ 	གྱུར་ལ 	ཕན 	འདོགས་མཛད 	།_། 	གཏུམ་པོ 	རྣམས	་ལ 	ཐུགས 	བརྩེ་བས 	།_། 	ཁྱོད་ནི 	bstod tshogs ka_.txt	གྱུར་ལ  ཕན  འདོགས་མཛད  །_།  གཏུམ་པོ  རྣམས ་ལ  ཐུགས  བརྩེ་བས  །_།  ཁྱོད་ནི 
དེ  རྣམས  དགེ་བ་ལ 	-འི 	ས་བོན 	ཇི་ལྟར་ཡང 	།_། 	དེ 	རྣམས 	དགེ་བ་ལ 	བཙུད་ནས 	།_། 	དུས 	གཅིག 	bstod tshogs ka_.txt	-འི  ས་བོན  ཇི་ལྟར་ཡང  །_།  དེ  རྣམས  དགེ་བ་ལ  བཙུད་ནས  །_།  དུས  གཅིག 
གནས  རྣམས  ལ 	གཡང 	ས 	-འི 	མུ་ན 	གནས 	རྣམས 	ལ 	།_།_ 	-ར་བ 	ལྟ་བུ 	-ར 	bstod tshogs ka_.txt	གཡང  ས  -འི  མུ་ན  གནས  རྣམས  ལ  །_།_  -ར་བ  ལྟ་བུ  -ར 
ཆོས  རྣམས ་ཀྱིས 	ཡུལ་དང་ནི 	།_། 	དུས་ཀྱི 	སྐྱོན་མེད 	ཆོས 	རྣམས	་ཀྱིས 	།_། 	འདི 	དག 	ཀུན 	bstod tshogs ka_.txt	ཡུལ་དང་ནི  །_།  དུས་ཀྱི  སྐྱོན་མེད  ཆོས  རྣམས ་ཀྱིས  །_།  འདི  དག  ཀུན 
མེད  རྣམས  ལ 	།_། 	ཡ 	མཚན 	འཛིན་པ 	མེད 	རྣམས 	ལ 	-འང 	_།_། 	ལྷ 	རྣམས 	bstod tshogs ka_.txt	།_།  ཡ  མཚན  འཛིན་པ  མེད  རྣམས  ལ  -འང  _།_།  ལྷ  རྣམས 
ལྷ  རྣམས ་ཀྱི 	བྱུང་བ་བརྗིད 	།_། 	དེས་ན 	མི་ཡང 	ལྷ 	རྣམས	་ཀྱི 	།_། 	སྨོན 	པར 	བྱ་བ 	bstod tshogs ka_.txt	བྱུང་བ་བརྗིད  །_།  དེས་ན  མི་ཡང  ལྷ  རྣམས ་ཀྱི  །_།  སྨོན  པར  བྱ་བ 
རྒྱས  རྣམས ་ཀྱི 	བརྩོན་པ 	མཛད་པ་གང 	།_། 	སངས 	རྒྱས 	རྣམས	་ཀྱི 	སངས་རྒྱས་ཀྱི 	།_། 	ཆོས 	ཉིད 	bstod tshogs ka_.txt	བརྩོན་པ  མཛད་པ་གང  །_།  སངས  རྒྱས  རྣམས ་ཀྱི  སངས་རྒྱས་ཀྱི  །_།  ཆོས  ཉིད 
གཞན  རྣམས ་ལ་ནི 	སླར་ཡང 	ཕྱག་གི 	བདུད་རྩི་ཡིས 	།_། 	གཞན 	རྣམས	་ལ་ནི 	ཕན་པ་མཛད 	།_། 	དེ 	ཉིད་ཀྱིས་ནི 	bstod tshogs ka_.txt	སླར་ཡང  ཕྱག་གི  བདུད་རྩི་ཡིས  །_།  གཞན  རྣམས ་ལ་ནི  ཕན་པ་མཛད  །_།  དེ  ཉིད་ཀྱིས་ནི 
བྱ  རྣམས ་ལ 	གྱུར 	ལགས་ཀྱང 	།_། 	གདུལ 	བྱ 	རྣམས	་ལ 	བྱམས 	སླད་དུ 	།_། 	སྐུ 	bstod tshogs ka_.txt	གྱུར  ལགས་ཀྱང  །_།  གདུལ  བྱ  རྣམས ་ལ  བྱམས  སླད་དུ  །_།  སྐུ 
ཅན  རྣམས ་ཀྱི 	ཕན་ཚུན 	འགལ་བ་ཅན 	།_། 	སེམས 	ཅན 	རྣམས	་ཀྱི 	ལོག་རྟོག་པས 	།_། 	མི 	བསྐྱོད་དེ་ལ 	bstod tshogs ka_.txt	ཕན་ཚུན  འགལ་བ་ཅན  །_།  སེམས  ཅན  རྣམས ་ཀྱི  ལོག་རྟོག་པས  །_།  མི  བསྐྱོད་དེ་ལ 
དགྲ  རྣམས ་ལ་ནི 	སྡང་བ 	བྱམས་པ 	-ས་བཏུལ 	།_། 	དགྲ 	རྣམས	་ལ་ནི 	འབད 	མིན་པས 	།_། 	ཐུགས་ཀྱིས་ཀྱང་ནི 	bstod tshogs ka_.txt	སྡང་བ  བྱམས་པ  -ས་བཏུལ  །_།  དགྲ  རྣམས ་ལ་ནི  འབད  མིན་པས  །_།  ཐུགས་ཀྱིས་ཀྱང་ནི 
འཇུངས་པ  རྣམས ་ནི 	རྩུབ་པོ་དང 	འཇམ 	བགྱིད་པ་དང 	།_། 	འཇུངས་པ 	རྣམས	་ནི 	གཏོང་ཕོད་དང 	།_། 	གཏུམ་པ 	དེས་པ 	bstod tshogs ka_.txt	རྩུབ་པོ་དང  འཇམ  བགྱིད་པ་དང  །_།  འཇུངས་པ  རྣམས ་ནི  གཏོང་ཕོད་དང  །_།  གཏུམ་པ  དེས་པ 
རྒོད  རྣམས ་ནི 	མཛད 	སླད་དུ 	།_། 	དམུ 	རྒོད 	རྣམས	་ནི 	བདེ་བ་ཡིས 	།_། 	ཤིན་ཏུ 	ངོ་མཚར 	bstod tshogs ka_.txt	མཛད  སླད་དུ  །_།  དམུ  རྒོད  རྣམས ་ནི  བདེ་བ་ཡིས  །_།  ཤིན་ཏུ  ངོ་མཚར 
བརྟན  རྣམས ་བསོད 	བ 	-འི 	གནས་མལ་དུ 	།_། 	བརྟན 	རྣམས	་བསོད 	ཉམས 	ཉལ་བ 	-ར་བགྱིད 	།_། 	bstod tshogs ka_.txt	བ  -འི  གནས་མལ་དུ  །_།  བརྟན  རྣམས ་བསོད  ཉམས  ཉལ་བ  -ར་བགྱིད  །_། 
མི  རྣམས ་ལ་ནི 	མཆོད་འོས་དང 	།_། 	བརྗིད་དང 	ལྷ 	མི 	རྣམས	་ལ་ནི 	།_། 	སྨན 	འདོགས 	བཀུར་བ 	bstod tshogs ka_.txt	མཆོད་འོས་དང  །_།  བརྗིད་དང  ལྷ  མི  རྣམས ་ལ་ནི  །_།  སྨན  འདོགས  བཀུར་བ 
 རྣམས ་ཀྱི 	ཤ་སྟག་ལགས 	།_། 	ཕྱི 	རོལ 		རྣམས	་ཀྱི 	སྤྱོད་པ་ནི 	།_། 	གཞན 	གསོད་པ་དང 	bstod tshogs ka_.txt	ཤ་སྟག་ལགས  །_།  ཕྱི  རོལ   རྣམས ་ཀྱི  སྤྱོད་པ་ནི  །_།  གཞན  གསོད་པ་དང 
བྱེད  རྣམས ་ཀྱི་ནི 	མ་ལགས 	།_། 	གལ་ཏེ 	དབྱེ 	བྱེད 	རྣམས	་ཀྱི་ནི 	།_། 	འབའ་ཞིག 	ཁྱོད་ནི 	སྨད 	bstod tshogs ka_.txt	མ་ལགས  །_།  གལ་ཏེ  དབྱེ  བྱེད  རྣམས ་ཀྱི་ནི  །_།  འབའ་ཞིག  ཁྱོད་ནི  སྨད 
གྱུར་པ  རྣམས ་ཀྱི་ནི 	ཞུགས་ཙེ་བ 	།_། 	བག 	མེད 	གྱུར་པ 	རྣམས	་ཀྱི་ནི 	།_། 	གྲོགས 	བཟང 	བག 	bstod tshogs ka_.txt	ཞུགས་ཙེ་བ  །_།  བག  མེད  གྱུར་པ  རྣམས ་ཀྱི་ནི  །_།  གྲོགས  བཟང  བག 
རྒྱུད  རྣམས ་ཀྱི 	ཕྱོགས་ཀྱང་བསྟན 	།_། 	གལ་ཏེ 	གཞན་གྱིས 	རྒྱུད 	རྣམས	་ཀྱི 	།_། 	ཉོན་མོངས 	བདུད་ལས 	རྒྱལ 	bstod tshogs ka_.txt	ཕྱོགས་ཀྱང་བསྟན  །_།  གལ་ཏེ  གཞན་གྱིས  རྒྱུད  རྣམས ་ཀྱི  །_།  ཉོན་མོངས  བདུད་ལས  རྒྱལ 
ཅན  རྣམས ་ལ 	ཐུགས་རྗེ 	ཅན་གྱིས་ནི 	།_། 	སེམས 	ཅན 	རྣམས	་ལ 	བགྱི 	འཚལ་བ 	།_། 	གང་ཞིག 	bstod tshogs ka_.txt	ཐུགས་རྗེ  ཅན་གྱིས་ནི  །_།  སེམས  ཅན  རྣམས ་ལ  བགྱི  འཚལ་བ  །_།  གང་ཞིག 
རྟེན  རྣམས ་ལ 	ཕྱག 	འཚལ་ལོ 	།_། 	འཇིག 	རྟེན 	རྣམས	་ལ 	ཐུགས 	བརྩེ་བས 	།_། 	ཡུན 	bstod tshogs ka_.txt	ཕྱག  འཚལ་ལོ  །_།  འཇིག  རྟེན  རྣམས ་ལ  ཐུགས  བརྩེ་བས  །_།  ཡུན 
ཆོས  རྣམས ་ལ 	-འོ་སྐུ 	།_། 	སངས 	རྒྱས་ཀྱི་ནི 	ཆོས 	རྣམས	་ལ 	།_། 	ཡ 	མཚན 	མི་ཆེ 	bstod tshogs ka_.txt	-འོ་སྐུ  །_།  སངས  རྒྱས་ཀྱི་ནི  ཆོས  རྣམས ་ལ  །_།  ཡ  མཚན  མི་ཆེ 
བྱ་བ  རྣམས  བསྟན་ཏོ 	-འི 	དོན 	བསྒྲུབ་པ 	-ར 	བྱ་བ 	རྣམས 	བསྟན་ཏོ 	།_། 	དེ་ལ 	དང་པོ 	-ས་ནི 	bstod tshogs ka_.txt	-འི  དོན  བསྒྲུབ་པ  -ར  བྱ་བ  རྣམས  བསྟན་ཏོ  །_།  དེ་ལ  དང་པོ  -ས་ནི 
གནས་སྐབས  རྣམས ་དང 	ཅན་གྱི 	དོན 	བྱེད་པ 	-འི 	གནས་སྐབས 	རྣམས	་དང 	ལྡན་པ་ཡིན་ནོ 	།_། 	དེ་ལ 	རྒྱུ 	bstod tshogs ka_.txt	ཅན་གྱི  དོན  བྱེད་པ  -འི  གནས་སྐབས  རྣམས ་དང  ལྡན་པ་ཡིན་ནོ  །_།  དེ་ལ  རྒྱུ 
གནས་སྐབས  རྣམས ་སོ 	།_ 	དབང 	མཛད་པ 	-འི 	གནས་སྐབས 	རྣམས	་སོ 	།_། 	བསམ་པ 	-འི 	གནས་སྐབས་ནི 	bstod tshogs ka_.txt	།_  དབང  མཛད་པ  -འི  གནས་སྐབས  རྣམས ་སོ  །_།  བསམ་པ  -འི  གནས་སྐབས་ནི 
བསྔལ  རྣམས ་ཀྱིས 	དགེ་བཤེས 	སྙིང་རྗེ་དང 	།_། 	སྡུག 	བསྔལ 	རྣམས	་ཀྱིས 	མི་ལྡོག་པ 	།_། 	རྒྱུ 	བཞི 	bstod tshogs ka_.txt	དགེ་བཤེས  སྙིང་རྗེ་དང  །_།  སྡུག  བསྔལ  རྣམས ་ཀྱིས  མི་ལྡོག་པ  །_།  རྒྱུ  བཞི 
སྡུག་བསྔལ  རྣམས ་ཀྱིས 	རྟོག་པ 	བཞི་སྟེ 	།_ 	རེ་ཞིག་དེ་ལ 	སྡུག་བསྔལ 	རྣམས	་ཀྱིས 	སྨས་པ 	-འི 	སེམས་ཅན་ལ་ཞེས 	བྱ་བ 	bstod tshogs ka_.txt	རྟོག་པ  བཞི་སྟེ  །_  རེ་ཞིག་དེ་ལ  སྡུག་བསྔལ  རྣམས ་ཀྱིས  སྨས་པ  -འི  སེམས་ཅན་ལ་ཞེས  བྱ་བ 
སྤྱོད་པ  རྣམས ་ཀྱི་དང 	རྣམ་པ་གཉིས་ཏེ 	།_ 	མོས་པ 	-ས 	སྤྱོད་པ 	རྣམས	་ཀྱི་དང 	།_ 	ས 	ཐོབ་པ 	རྣམས་ཀྱིའོ 	bstod tshogs ka_.txt	རྣམ་པ་གཉིས་ཏེ  །_  མོས་པ  -ས  སྤྱོད་པ  རྣམས ་ཀྱི་དང  །_  ས  ཐོབ་པ  རྣམས་ཀྱིའོ 
སྤྱོད་པ  རྣམས ་ཀྱི 	དེ་ལ 	རེ་ཞིག 	མོས་པ 	-ས 	སྤྱོད་པ 	རྣམས	་ཀྱི 	ཕ་རོལ་ཏུ 	ཕྱིན་པ་ནི 	བཅུ་སྟེ 	།_ 	bstod tshogs ka_.txt	དེ་ལ  རེ་ཞིག  མོས་པ  -ས  སྤྱོད་པ  རྣམས ་ཀྱི  ཕ་རོལ་ཏུ  ཕྱིན་པ་ནི  བཅུ་སྟེ  །_ 
མཁས་པ  རྣམས ་ཀྱི 	བསྟན་ཏོ 	།_། 	གང 	སླད 	མཁས་པ 	རྣམས	་ཀྱི 	མི་དགེའི་ལས་ཀྱང་ཞེས 	བྱ་བ 	འདི་དག་གིས་ནི 	མི་མཐུན་པ 	bstod tshogs ka_.txt	བསྟན་ཏོ  །_།  གང  སླད  མཁས་པ  རྣམས ་ཀྱི  མི་དགེའི་ལས་ཀྱང་ཞེས  བྱ་བ  འདི་དག་གིས་ནི  མི་མཐུན་པ 
སྤྱོད་པ  རྣམས ་ཀྱི 	བསྟན་ཏོ 	།_། 	མོས་པ 	-ས 	སྤྱོད་པ 	རྣམས	་ཀྱི 	སྦྱོར་བ 	-འི 	གནས་སྐབས་ཏེ 	ལེའུ་གཉིས་པའོ 	bstod tshogs ka_.txt	བསྟན་ཏོ  །_།  མོས་པ  -ས  སྤྱོད་པ  རྣམས ་ཀྱི  སྦྱོར་བ  -འི  གནས་སྐབས་ཏེ  ལེའུ་གཉིས་པའོ 
 རྣམས ་ཀྱི 	།།_།། 	ས 	ཐོབ་པ 			རྣམས	་ཀྱི 	སྦྱིན་པ་ནི 	ཕུན 	སུམ 	ཚོགས་པ 	bstod tshogs ka_.txt	།།_།།  ས  ཐོབ་པ    རྣམས ་ཀྱི  སྦྱིན་པ་ནི  ཕུན  སུམ  ཚོགས་པ 
བྱ  རྣམས  ལྟ་བུ་ཞེས 	ལྗོན་ཤིང 	འབྲས་བུ 	སྨིན་པ 	དག་ཏུ 	བྱ 	རྣམས 	ལྟ་བུ་ཞེས 	བྱ་བ 	འདི་དག་གིས་ནི 	ལེན་པ་པོ 	ཕུན 	bstod tshogs ka_.txt	ལྗོན་ཤིང  འབྲས་བུ  སྨིན་པ  དག་ཏུ  བྱ  རྣམས  ལྟ་བུ་ཞེས  བྱ་བ  འདི་དག་གིས་ནི  ལེན་པ་པོ  ཕུན 
ལྷག  རྣམས ་ལ 	ཁྱོད་ཀྱིས 	རྟག་ཏུ 	ཡོན་ཏན 	ནོར 	ལྷག 	རྣམས	་ལ 	གུས་པ 	-ས་ཞེས 	བྱ་བ 	འདི་དག་གིས་ནི 	bstod tshogs ka_.txt	ཁྱོད་ཀྱིས  རྟག་ཏུ  ཡོན་ཏན  ནོར  ལྷག  རྣམས ་ལ  གུས་པ  -ས་ཞེས  བྱ་བ  འདི་དག་གིས་ནི 
ཐོབ་པ  རྣམས ་ཀྱི 	ཚིགས་སུ 	བཅད་པ 	བཅུ་གཅིག་གིས 	ས 	ཐོབ་པ 	རྣམས	་ཀྱི 	ཕ་རོལ་ཏུ 	ཕྱིན་པ་བདུན 	བསྟན་པ་ཡིན 	ནོ 	bstod tshogs ka_.txt	ཚིགས་སུ  བཅད་པ  བཅུ་གཅིག་གིས  ས  ཐོབ་པ  རྣམས ་ཀྱི  ཕ་རོལ་ཏུ  ཕྱིན་པ་བདུན  བསྟན་པ་ཡིན  ནོ 
 རྣམས ་ཀྱི 	།_། 	ས 	ཐོབ་པ 			རྣམས	་ཀྱི 	སྦྱོར་བ 	-འི 	གནས་སྐབས་ཏེ 	ལེའུ་གསུམ་པའོ 	bstod tshogs ka_.txt	།_།  ས  ཐོབ་པ    རྣམས ་ཀྱི  སྦྱོར་བ  -འི  གནས་སྐབས་ཏེ  ལེའུ་གསུམ་པའོ 
ཕྲ་རྒྱས  རྣམས  བཅོམ་ནས 	མེད་པ 	-འི 	སྐྱེ་མཆེད་ཀྱིས་ནི 	ཡུལ་ཅན 	ཕྲ་རྒྱས 	རྣམས 	བཅོམ་ནས 	།_། 	ཞེས 	བྱ་བ 	དེ་དག་གིས་ནི 	bstod tshogs ka_.txt	མེད་པ  -འི  སྐྱེ་མཆེད་ཀྱིས་ནི  ཡུལ་ཅན  ཕྲ་རྒྱས  རྣམས  བཅོམ་ནས  །_།  ཞེས  བྱ་བ  དེ་དག་གིས་ནི 
དག  རྣམས ་ཀྱིས་ནི 	བརྙེས་པ 	བསྟན་ཏོ 	།_། 	འདི 	དག 	རྣམས	་ཀྱིས་ནི 	སྐྱོབ་པ 	-འི 	འབྲས་བུ 	-འི 	bstod tshogs ka_.txt	བརྙེས་པ  བསྟན་ཏོ  །_།  འདི  དག  རྣམས ་ཀྱིས་ནི  སྐྱོབ་པ  -འི  འབྲས་བུ  -འི 
དོན  རྣམས  ཐམས་ཅད་བསྡུས 	གཞན་དོན་གྱིས 	།_། 	བསྟོད་པ 	-འི 	དོན 	རྣམས 	ཐམས་ཅད་བསྡུས 	།_། 	དེ་ལ 	དང་པོ 	བྱང་ཆུབ་རྒྱུ 	bstod tshogs ka_.txt	གཞན་དོན་གྱིས  །_།  བསྟོད་པ  -འི  དོན  རྣམས  ཐམས་ཅད་བསྡུས  །_།  དེ་ལ  དང་པོ  བྱང་ཆུབ་རྒྱུ 
ལྔ  རྣམས ་ཀྱིས 	།_། 	ཚིགས 	བཅད 	ལྔ་དང 	ལྔ 	རྣམས	་ཀྱིས 	།_། 	དེའི 	རྒྱུ 	བཞི 	bstod tshogs ka_.txt	།_།  ཚིགས  བཅད  ལྔ་དང  ལྔ  རྣམས ་ཀྱིས  །_།  དེའི  རྒྱུ  བཞི 
བཅད་དྲུག་གིས་དྲུག  རྣམས ་སྟོན 	ཕ་རོལ 	ཕྱིན་པ་བདུན 	།_། 	ཚིགས 	བཅད་དྲུག་གིས་དྲུག 	རྣམས	་སྟོན 	།_། 	གཉིས་ཀྱིས 	གཅིག་ཡིན་གསུམ་གྱིས་གཞན 	།_། 	bstod tshogs ka_.txt	ཕ་རོལ  ཕྱིན་པ་བདུན  །_།  ཚིགས  བཅད་དྲུག་གིས་དྲུག  རྣམས ་སྟོན  །_།  གཉིས་ཀྱིས  གཅིག་ཡིན་གསུམ་གྱིས་གཞན  །_། 
མཚན  རྣམས  རྫོགས་པ 	།_། 	གསེར་གྱི 	རི 	འདྲ 	མཚན 	རྣམས 	རྫོགས་པ 	སུ 	-ས 	མཐོང་འགྱུར 	།_། 	bstod tshogs ka_.txt	།_།  གསེར་གྱི  རི  འདྲ  མཚན  རྣམས  རྫོགས་པ  སུ  -ས  མཐོང་འགྱུར  །_། 
བློ་བཟང  རྣམས ་ཀྱི 	འཚལ་ལོ 	།_། 	གང་ཞིག 	བསྟོད་དུ 	བློ་བཟང 	རྣམས	་ཀྱི 	བློ་གྲོས་དང 	།_། 	ཚིག་གིས 	འདོད་པ 	bstod tshogs ka_.txt	འཚལ་ལོ  །_།  གང་ཞིག  བསྟོད་དུ  བློ་བཟང  རྣམས ་ཀྱི  བློ་གྲོས་དང  །_།  ཚིག་གིས  འདོད་པ 
ལྡན་པ  རྣམས ་ཡིན་ཏེ 	རྗེས་སུ 	མཐུན་པ 	-འི 	ཡོན་ཏན་དང 	ལྡན་པ 	རྣམས	་ཡིན་ཏེ 	།_ 	རྣམ 	པར་མ 	དག་པ 	bstod tshogs ka_.txt	རྗེས་སུ  མཐུན་པ  -འི  ཡོན་ཏན་དང  ལྡན་པ  རྣམས ་ཡིན་ཏེ  །_  རྣམ  པར་མ  དག་པ 
 རྣམས ་ནི 	-འི 	བདག་ཉིད 	ཅན 			རྣམས	་ནི 	རང་ལ 	ཕན་པ 	-འང 	བྱ་བ 	bstod tshogs ka_.txt	-འི  བདག་ཉིད  ཅན    རྣམས ་ནི  རང་ལ  ཕན་པ  -འང  བྱ་བ 
དང་བཅས་པ  རྣམས ་ནི 	-ར 	གྱུར་ཏེ 	།_ 	སེམས 	དང་བཅས་པ 	རྣམས	་ནི 	བདག་ཉིད 	རྡོས 	ནོན་པ 	དབྱུང་བ 	bstod tshogs ka_.txt	-ར  གྱུར་ཏེ  །_  སེམས  དང་བཅས་པ  རྣམས ་ནི  བདག་ཉིད  རྡོས  ནོན་པ  དབྱུང་བ 
གཤེགས་པ  རྣམས ་ཀྱི 	བྱ་སྟེ 	།_ 	འདིས་ནི 	དེ་བཞིན 	གཤེགས་པ 	རྣམས	་ཀྱི 	དེ་བཞིན 	ཉིད་ཀྱི 	ཆོས་ཀྱི 	སྐུ 	bstod tshogs ka_.txt	བྱ་སྟེ  །_  འདིས་ནི  དེ་བཞིན  གཤེགས་པ  རྣམས ་ཀྱི  དེ་བཞིན  ཉིད་ཀྱི  ཆོས་ཀྱི  སྐུ 
མཉམ་པ  རྣམས ་ཀྱི 	གྲུབ་པ 	-ར 	བཤད་དོ 	།_། 	མཉམ་པ 	རྣམས	་ཀྱི 	ངོ་བོ་ནི 	མཉམ་ཉིད་དེ 	།_ 	དངོས་པོ 	bstod tshogs ka_.txt	གྲུབ་པ  -ར  བཤད་དོ  །_།  མཉམ་པ  རྣམས ་ཀྱི  ངོ་བོ་ནི  མཉམ་ཉིད་དེ  །_  དངོས་པོ 
གཤེགས་པ  རྣམས  ཁོ་ན 	།_ 	ཅིའི 	ཕྱིར 	དེ་བཞིན 	གཤེགས་པ 	རྣམས 	ཁོ་ན 	-འི 	ཆོས་ཀྱི 	སྐུ་ཞེས 	བྱ 	bstod tshogs ka_.txt	།_  ཅིའི  ཕྱིར  དེ་བཞིན  གཤེགས་པ  རྣམས  ཁོ་ན  -འི  ཆོས་ཀྱི  སྐུ་ཞེས  བྱ 
ཚིག  རྣམས ་ནི 	གཡོ་ཞེས 	བྱ་བ་ལ 	སོགས་པ 	-འི 	ཚིག 	རྣམས	་ནི 	ཁྱད་པར་གྱི 	ཚིག 	བསྡུ་བ་ཡིན་ཏེ 	།_ 	bstod tshogs ka_.txt	གཡོ་ཞེས  བྱ་བ་ལ  སོགས་པ  -འི  ཚིག  རྣམས ་ནི  ཁྱད་པར་གྱི  ཚིག  བསྡུ་བ་ཡིན་ཏེ  །_ 
ཆོས  རྣམས ་ཀྱི 	སངས 	རྒྱས་ལ 	སོགས་པ 	-འི 	ཆོས 	རྣམས	་ཀྱི 	རབ་ནི 	མཆོག་རབ་སྟེ 	།_ 	མ 	bstod tshogs ka_.txt	སངས  རྒྱས་ལ  སོགས་པ  -འི  ཆོས  རྣམས ་ཀྱི  རབ་ནི  མཆོག་རབ་སྟེ  །_  མ 
གཙོ་བོ  རྣམས ་ཀྱི་ཡང 	འདྲེས་པ 	ཡིན་པ 	-འི 	ཕྱིར 	གཙོ་བོ 	རྣམས	་ཀྱི་ཡང 	གཙོ་བོ་ཞེས 	བཤད་པ་ཡིན་ནོ 	།_། 	ཡང་ན 	bstod tshogs ka_.txt	འདྲེས་པ  ཡིན་པ  -འི  ཕྱིར  གཙོ་བོ  རྣམས ་ཀྱི་ཡང  གཙོ་བོ་ཞེས  བཤད་པ་ཡིན་ནོ  །_།  ཡང་ན 
གཤེགས་པ  རྣམས ་ཀྱིས 	བུ 	-འི 	བདེ་བ 	-ར 	གཤེགས་པ 	རྣམས	་ཀྱིས 	མཆོག་གི 	གྲུབ་པ 	བདག་ལ 	སྩོལ་ཅིག 	bstod tshogs ka_.txt	བུ  -འི  བདེ་བ  -ར  གཤེགས་པ  རྣམས ་ཀྱིས  མཆོག་གི  གྲུབ་པ  བདག་ལ  སྩོལ་ཅིག 
ཆོས  རྣམས  མཉམ་པ 	པར 	རིག་པ་ལ 	སོགས་པ 	-འི 	ཆོས 	རྣམས 	མཉམ་པ 	མེད་པ་ཡིན 	།_ 	འདི 	ལྟར 	bstod tshogs ka_.txt	པར  རིག་པ་ལ  སོགས་པ  -འི  ཆོས  རྣམས  མཉམ་པ  མེད་པ་ཡིན  །_  འདི  ལྟར 
ཆོས  རྣམས ་ལ 	།_ 	སུ 	དག 	སངས་རྒྱས 	ཆོས 	རྣམས	་ལ 	།_། 	དཔེར 	བྱེད་པ་ནི 	ཇི་སྙེད་པ 	bstod tshogs ka_.txt	།_  སུ  དག  སངས་རྒྱས  ཆོས  རྣམས ་ལ  །_།  དཔེར  བྱེད་པ་ནི  ཇི་སྙེད་པ 
འདས  རྣམས ་ལ 	བརྗོད་པ 	-ར 	འདོད་ན་ཡང 	བཅོམ་ལྡན 	འདས 	རྣམས	་ལ 	མཉམ་པ 	-འི 	དཔེ 	ཉིད་དོ 	bstod tshogs ka_.txt	བརྗོད་པ  -ར  འདོད་ན་ཡང  བཅོམ་ལྡན  འདས  རྣམས ་ལ  མཉམ་པ  -འི  དཔེ  ཉིད་དོ 
འདས  རྣམས ་ནི 	འདི 	ལྟར 	སངས་རྒྱས 	བཅོམ་ལྡན 	འདས 	རྣམས	་ནི 	སེམས་ཅན 	ཁམས་ལ 	རྟག 	མཆོག 	bstod tshogs ka_.txt	འདི  ལྟར  སངས་རྒྱས  བཅོམ་ལྡན  འདས  རྣམས ་ནི  སེམས་ཅན  ཁམས་ལ  རྟག  མཆོག 
འདས  རྣམས  ཡོན་ཏན 	ལྟ་བུའོ 	།_། 	འདི་ནི 	བཅོམ་ལྡན 	འདས 	རྣམས 	ཡོན་ཏན 	ཐམས་ཅད 	མཉམ་པ་དང 	མཐའ་མེད་པ 	-འི 	bstod tshogs ka_.txt	ལྟ་བུའོ  །_།  འདི་ནི  བཅོམ་ལྡན  འདས  རྣམས  ཡོན་ཏན  ཐམས་ཅད  མཉམ་པ་དང  མཐའ་མེད་པ  -འི 
བླ་མ  རྣམས  ཐུགས་རྗེ 	ངན་པ 	གཞན་ཡང 	གལ་ཏེ 	ས་གསུམ་གྱི 	བླ་མ 	རྣམས 	ཐུགས་རྗེ 	-འི 	བདག་ཉིད 	ཅན་ཡིན་ན 	།_ 	bstod tshogs ka_.txt	ངན་པ  གཞན་ཡང  གལ་ཏེ  ས་གསུམ་གྱི  བླ་མ  རྣམས  ཐུགས་རྗེ  -འི  བདག་ཉིད  ཅན་ཡིན་ན  །_ 
སེམས་ཅན  རྣམས  སྡུག་བསྔལ་དང 	ཆོས་ཅན་ཡིན 	།_ 	སྙིང 	རྗེ་ནི 	སེམས་ཅན 	རྣམས 	སྡུག་བསྔལ་དང 	བྲལ་བ 	-ར 	འདོད་པ 	རྣམ་པ 	bstod tshogs ka_.txt	ཆོས་ཅན་ཡིན  །_  སྙིང  རྗེ་ནི  སེམས་ཅན  རྣམས  སྡུག་བསྔལ་དང  བྲལ་བ  -ར  འདོད་པ  རྣམ་པ 
སྐྱོབ་པ  རྣམས  ཡོངས་སུ 	རྣམ་སྣང་བ་ཡིན་ཏེ 	།_ 	འདི 	ལྟར 	སྐྱོབ་པ 	རྣམས 	ཡོངས་སུ 	མྱ་ངན་ལས 	འདས་ན 	འདི 	ཐམས་ཅད་ཀྱང 	bstod tshogs ka_.txt	རྣམ་སྣང་བ་ཡིན་ཏེ  །_  འདི  ལྟར  སྐྱོབ་པ  རྣམས  ཡོངས་སུ  མྱ་ངན་ལས  འདས་ན  འདི  ཐམས་ཅད་ཀྱང 
འདས  རྣམས ་ནི 	མི་གཡོ་བ་སྟེ 	།_ 	བཅོམ 	ལྡན 	འདས 	རྣམས	་ནི 	མི 	གནས་པ 	-འི 	མྱ་ངན་ལས 	bstod tshogs ka_.txt	མི་གཡོ་བ་སྟེ  །_  བཅོམ  ལྡན  འདས  རྣམས ་ནི  མི  གནས་པ  -འི  མྱ་ངན་ལས 
འདས  རྣམས ་སོ 	དེ་དག་ནི 	དཔག་མེད་དེ 	སངས་རྒྱས 	བཅོམ་ལྡན 	འདས 	རྣམས	་སོ 	།_། 	དེ 	དག་གིས་ཀྱང 	མི 	bstod tshogs ka_.txt	དེ་དག་ནི  དཔག་མེད་དེ  སངས་རྒྱས  བཅོམ་ལྡན  འདས  རྣམས ་སོ  །_།  དེ  དག་གིས་ཀྱང  མི 
བྱེད་པ  རྣམས  ཀུན་དུ 	དག 	བསྟན་པ 	-ར 	ང་རྒྱལ 	བྱེད་པ 	རྣམས 	ཀུན་དུ 	སྐྱོ་བ 	བསྐྱེད་པ 	-ས 	བཏུལ་ལོ 	bstod tshogs ka_.txt	དག  བསྟན་པ  -ར  ང་རྒྱལ  བྱེད་པ  རྣམས  ཀུན་དུ  སྐྱོ་བ  བསྐྱེད་པ  -ས  བཏུལ་ལོ 
འདས་པ  རྣམས ་ཀྱང 	།_། 	འདི་ནི 	འདི་ལྟར 	མྱ་ངན་ལས 	འདས་པ 	རྣམས	་ཀྱང 	མཛད་པ 	-འི 	རྒྱུན 	མི 	bstod tshogs ka_.txt	།_།  འདི་ནི  འདི་ལྟར  མྱ་ངན་ལས  འདས་པ  རྣམས ་ཀྱང  མཛད་པ  -འི  རྒྱུན  མི 
གོམས་པ  རྣམས ་ལ 	ཆེན་པོ 	-འི 	ཚུལ 	ལ་མ 	གོམས་པ 	རྣམས	་ལ 	མཆོག་ཏུ 	ཡ་མཚན 	བསྐྱེད་པ 	-ས 	bstod tshogs ka_.txt	ཆེན་པོ  -འི  ཚུལ  ལ་མ  གོམས་པ  རྣམས ་ལ  མཆོག་ཏུ  ཡ་མཚན  བསྐྱེད་པ  -ས 
གཤེགས་པ  རྣམས ་ཀྱི 	གསུངས་སོ 	།_། 	དེ 	བཞིན 	གཤེགས་པ 	རྣམས	་ཀྱི 	ཆོས་ཉིད 	རང་བཞིན་ནི 	ཤིན་ཏུ 	རྨད་དུ 	bstod tshogs ka_.txt	གསུངས་སོ  །_།  དེ  བཞིན  གཤེགས་པ  རྣམས ་ཀྱི  ཆོས་ཉིད  རང་བཞིན་ནི  ཤིན་ཏུ  རྨད་དུ 
གྱུར་པ  རྣམས ་ལ་ནི 	ཐེག་པ 	ཆེན་པོ 	-འི 	ངང་ཚུལ་དུ 	གྱུར་པ 	རྣམས	་ལ་ནི 	ཡ་མཚན 	མི་ཆེ་སྟེ 	།_ 	མྱ་ངན་ལས 	bstod tshogs ka_.txt	ཐེག་པ  ཆེན་པོ  -འི  ངང་ཚུལ་དུ  གྱུར་པ  རྣམས ་ལ་ནི  ཡ་མཚན  མི་ཆེ་སྟེ  །_  མྱ་ངན་ལས 
སེམས་ཅན  རྣམས ་ལ 	མཆོག 	སྐལ་བ་ཇི 	ལྟ་བ 	བཞིན་དུ 	སེམས་ཅན 	རྣམས	་ལ 	སྩོལ་བ 	-ས་ན 	མཆོག 	སྩོལ་ལོ 	bstod tshogs ka_.txt	མཆོག  སྐལ་བ་ཇི  ལྟ་བ  བཞིན་དུ  སེམས་ཅན  རྣམས ་ལ  སྩོལ་བ  -ས་ན  མཆོག  སྩོལ་ལོ 
ལྡན་པ  རྣམས ་ནི 	-འི 	རྒྱུ་ཡིན་ཏེ 	།_ 	རྟོག་པ་དང 	ལྡན་པ 	རྣམས	་ནི 	སྦྱིན་པ་པོ 	དག 	ཁོ་ན་ལ 	སློང་གི 	bstod tshogs ka_.txt	-འི  རྒྱུ་ཡིན་ཏེ  །_  རྟོག་པ་དང  ལྡན་པ  རྣམས ་ནི  སྦྱིན་པ་པོ  དག  ཁོ་ན་ལ  སློང་གི 
 རྣམས ་ལ་ནི 	།_ 	འབྱོར་པ 	བདོག་ཀྱང 	འཇུངས་པ 		རྣམས	་ལ་ནི 	མ་ཡིན་ནོ 	།_། 	བཅོམ 	ལྡན 	bstod tshogs ka_.txt	།_  འབྱོར་པ  བདོག་ཀྱང  འཇུངས་པ   རྣམས ་ལ་ནི  མ་ཡིན་ནོ  །_།  བཅོམ  ལྡན 
འདས  རྣམས  ཇི་ལྟར 					འདས 	རྣམས 	ཇི་ལྟར 	འབྱོར་པ་དང 	ལྡན་པ་ཡིན 	ཞེ་ན 	།_ 	bstod tshogs ka_.txt	    འདས  རྣམས  ཇི་ལྟར  འབྱོར་པ་དང  ལྡན་པ་ཡིན  ཞེ་ན  །_ 
འདས  རྣམས ་སོ 	།_ 	སངས 	རྒྱས 	བཅོམ་ལྡན 	འདས 	རྣམས	་སོ 	།_། 	དེ 	དག་གི 	ངོ་བོ་ནི 	bstod tshogs ka_.txt	།_  སངས  རྒྱས  བཅོམ་ལྡན  འདས  རྣམས ་སོ  །_།  དེ  དག་གི  ངོ་བོ་ནི 
སེམས་ཅན  རྣམས ་ལ 	།_། 	ཡང་ན 	མཆོག་གི 	སྦྱིན་པ 	སེམས་ཅན 	རྣམས	་ལ 	སྦྱིན་པ 	-ས་ན 	སྦྱིན་པ 	མཆོག་གོ 	bstod tshogs ka_.txt	།_།  ཡང་ན  མཆོག་གི  སྦྱིན་པ  སེམས་ཅན  རྣམས ་ལ  སྦྱིན་པ  -ས་ན  སྦྱིན་པ  མཆོག་གོ 
དབང་ཕྱུག  རྣམས ་ཀྱི 	དམ་པ 	སྩོལ་བ 	ས་བཅུ་པ 	-འི 	དབང་ཕྱུག 	རྣམས	་ཀྱི 	ནང་ན 	མཆོག 	སྒྲུབ་པ 	གང་ཡིན་པ 	bstod tshogs ka_.txt	དམ་པ  སྩོལ་བ  ས་བཅུ་པ  -འི  དབང་ཕྱུག  རྣམས ་ཀྱི  ནང་ན  མཆོག  སྒྲུབ་པ  གང་ཡིན་པ 
ཆོས  རྣམས ་ཀྱི 	།_ 	དེར་ནི 	མཆོག 	སངས་རྒྱས་ཀྱི 	ཆོས 	རྣམས	་ཀྱི 	དངོས་གྲུབ 	ཡོངས་སུ 	གྲུབ་པ་དེ 	སྩོལ་བ་ཞེས 	bstod tshogs ka_.txt	།_  དེར་ནི  མཆོག  སངས་རྒྱས་ཀྱི  ཆོས  རྣམས ་ཀྱི  དངོས་གྲུབ  ཡོངས་སུ  གྲུབ་པ་དེ  སྩོལ་བ་ཞེས 
བཞུགས་པ  རྣམས ་སོ 	མཐའ་ཡས་པ 	-འི 	འཇིག་རྟེན་གྱི 	ཁམས་ན 	བཞུགས་པ 	རྣམས	་སོ 	།_། 	དམ 	ཚིག་གསུམ 	མཆོག 	bstod tshogs ka_.txt	མཐའ་ཡས་པ  -འི  འཇིག་རྟེན་གྱི  ཁམས་ན  བཞུགས་པ  རྣམས ་སོ  །_།  དམ  ཚིག་གསུམ  མཆོག 
ཅན  རྣམས ་མྱུར 	རྒྱ་ཆེན་གང 	ཐོབ་དེས 	།_། 	སེམས 	ཅན 	རྣམས	་མྱུར 	འཇམ་པ 	-འི 	མཆོག་ལ 	བརྟེན་ནས་ནི 	bstod tshogs ka_.txt	རྒྱ་ཆེན་གང  ཐོབ་དེས  །_།  སེམས  ཅན  རྣམས ་མྱུར  འཇམ་པ  -འི  མཆོག་ལ  བརྟེན་ནས་ནི 