 གྱི  ཉོན་མོངས་ཀུན 						གྱི 	ཉོན་མོངས་ཀུན 	།_། 	མ 	ལུས་པ 	དག 	bstod tshogs ka_.txt	     གྱི  ཉོན་མོངས་ཀུན  །_།  མ  ལུས་པ  དག 
 གྱི ས 						གྱི	ས 	གྲུབ་ཅིང 	ཆགས 	མི་མངའ 	།_། 	bstod tshogs ka_.txt	     གྱི ས  གྲུབ་ཅིང  ཆགས  མི་མངའ  །_། 
 གྱི  །_། 						གྱི 	།_། 	ལན་ལྡོན 	ཁྱོད་ལ 	ཕྱག 	འཚལ་ལོ 	bstod tshogs ka_.txt	     གྱི  །_།  ལན་ལྡོན  ཁྱོད་ལ  ཕྱག  འཚལ་ལོ 
 གྱི ས 						གྱི	ས 	ཁྱོད 	མཐོང་ན 	།_། 	སྐྱེས 	bstod tshogs ka_.txt	     གྱི ས  ཁྱོད  མཐོང་ན  །_།  སྐྱེས 
 གྱི ས 						གྱི	ས 	དད 	འགྱུར་བར 	།_། 	མཛད་པ 	bstod tshogs ka_.txt	     གྱི ས  དད  འགྱུར་བར  །_།  མཛད་པ 
 གྱི  དོན 						གྱི 	དོན 	མཛད་པ 	།_། 	ཁྱོན་ནི 	དུས་ལས 	bstod tshogs ka_.txt	     གྱི  དོན  མཛད་པ  །_།  ཁྱོན་ནི  དུས་ལས 
 གྱི  མཁན་པོ 						གྱི 	མཁན་པོ 	ཛི་ན་མི་ཏྲ་དང 	།_ 	ཤཱི་ལེཎྡྲ་བོ་དྷི་དང 	།_ 	bstod tshogs ka_.txt	     གྱི  མཁན་པོ  ཛི་ན་མི་ཏྲ་དང  །_  ཤཱི་ལེཎྡྲ་བོ་དྷི་དང  །_ 
 གྱི  ལོ་ཙཱ་བ་བནྡེ 						གྱི 	ལོ་ཙཱ་བ་བནྡེ 	ཡེ་ཤེས 	སྡེ 	-ས 	བསྒྱུར་ཅིང 	bstod tshogs ka_.txt	     གྱི  ལོ་ཙཱ་བ་བནྡེ  ཡེ་ཤེས  སྡེ  -ས  བསྒྱུར་ཅིང 
 གྱི  སྙིང་པོ 						གྱི 	སྙིང་པོ 	མི 	སྣང་བ 	།_། 	དེ 	bstod tshogs ka_.txt	     གྱི  སྙིང་པོ  མི  སྣང་བ  །_།  དེ 
 གྱི  སྙིང་པོ 						གྱི 	སྙིང་པོ 	དྲི་མེད་འགྱུར 	།_། 	དེ 	བཞིན 	bstod tshogs ka_.txt	     གྱི  སྙིང་པོ  དྲི་མེད་འགྱུར  །_།  དེ  བཞིན 
 གྱི  བདུད་རྩི 						གྱི 	བདུད་རྩི 	-ར་འགྱུར 	།_། 	དེ 	བཞིན 	bstod tshogs ka_.txt	     གྱི  བདུད་རྩི  -ར་འགྱུར  །_།  དེ  བཞིན 
 གྱི  རྟེན་དུ་འདོད 						གྱི 	རྟེན་དུ་འདོད 	།_། 	རིམ་གྱིས 	སྦྱངས་པ 	-ར 	bstod tshogs ka_.txt	     གྱི  རྟེན་དུ་འདོད  །_།  རིམ་གྱིས  སྦྱངས་པ  -ར 
 གྱི ས 						གྱི	ས 	ཉོན་མོངས་ལྡོག 	_། 	ཁམས་དེ 	ཉམས་པ 	bstod tshogs ka_.txt	     གྱི ས  ཉོན་མོངས་ལྡོག  _།  ཁམས་དེ  ཉམས་པ 
 གྱི ས 						གྱི	ས 	།_། 	རྣམ 	རྟོག 	བཞི་པོ 	bstod tshogs ka_.txt	     གྱི ས  །_།  རྣམ  རྟོག  བཞི་པོ 
 གྱི  ངོ་བོ་ཡིས 						གྱི 	ངོ་བོ་ཡིས 	།_། 	གླང་གི 	རྭ་ཡང 	དམིགས 	bstod tshogs ka_.txt	     གྱི  ངོ་བོ་ཡིས  །_།  གླང་གི  རྭ་ཡང  དམིགས 
 གྱི  མཚན་ཉིད་དང 						གྱི 	མཚན་ཉིད་དང 	_།_། 	རྐྱེན 	དག་ལས་ནི 	གྲོལ 	bstod tshogs ka_.txt	     གྱི  མཚན་ཉིད་དང  _།_།  རྐྱེན  དག་ལས་ནི  གྲོལ 
 གྱི  སྐྱབས 						གྱི 	སྐྱབས 	ཉིད་དོ 	།_། 	ཤེས་དང 	མི 	bstod tshogs ka_.txt	     གྱི  སྐྱབས  ཉིད་དོ  །_།  ཤེས་དང  མི 
 གྱི  སེམས་ཅན་གྱིས 						གྱི 	སེམས་ཅན་གྱིས 	།_། 	དེ 	བཞིན 	གཤེགས་པ 	bstod tshogs ka_.txt	     གྱི  སེམས་ཅན་གྱིས  །_།  དེ  བཞིན  གཤེགས་པ 
 གྱི  -ར་མཆིས 						གྱི 	-ར་མཆིས 	།_། 	ཇི 	ལྟར 	དམུས་ལོང 	bstod tshogs ka_.txt	     གྱི  -ར་མཆིས  །_།  ཇི  ལྟར  དམུས་ལོང 
 གྱི ས 						གྱི	ས 	རིམ་གྱིས 	འཕེལ་བ 	-ར 	མཐོང 	bstod tshogs ka_.txt	     གྱི ས  རིམ་གྱིས  འཕེལ་བ  -ར  མཐོང 
 གྱི ས 						གྱི	ས 	གྲུབ 	གྱུར་པ 	།_། 	བདུད་ཀྱི 	bstod tshogs ka_.txt	     གྱི ས  གྲུབ  གྱུར་པ  །_།  བདུད་ཀྱི 
 གྱི ས 						གྱི	ས 	མི 	གཡོས་པའོ 	།_། 	སོ་སོ 	bstod tshogs ka_.txt	     གྱི ས  མི  གཡོས་པའོ  །_།  སོ་སོ 
 གྱི  སྤྱོད་ཡུལ་མིན 						གྱི 	སྤྱོད་ཡུལ་མིན 	།_། 	ཡིད་ཀྱི 	ཤེས་པ 	-ས 	bstod tshogs ka_.txt	     གྱི  སྤྱོད་ཡུལ་མིན  །_།  ཡིད་ཀྱི  ཤེས་པ  -ས 
 གྱི ས 						གྱི	ས 	འཇུག་པ 	-འི 	ལུགས 	ཉིད་ཀྱིས 	bstod tshogs ka_.txt	     གྱི ས  འཇུག་པ  -འི  ལུགས  ཉིད་ཀྱིས 
 གྱི  ཡེ་ཤེས་ཀྱིས 						གྱི 	ཡེ་ཤེས་ཀྱིས 	།_། 	ཆོས 	ཉིད 	སྟོང་པ 	bstod tshogs ka_.txt	     གྱི  ཡེ་ཤེས་ཀྱིས  །_།  ཆོས  ཉིད  སྟོང་པ 
 གྱི  །_། 						གྱི 	།_། 	སྟན་ལ་དེ་ནི 	རབ་གནས་འགྱུར 	།_། 	འདབ 	bstod tshogs ka_.txt	     གྱི  །_།  སྟན་ལ་དེ་ནི  རབ་གནས་འགྱུར  །_།  འདབ 
 གྱི ས 						གྱི	ས 	།_། 	བསོད 	ནམ 	-ས 	bstod tshogs ka_.txt	     གྱི ས  །_།  བསོད  ནམ  -ས 
 གྱི ས་བསྐོར 						གྱི	ས་བསྐོར 	།_། 	སངས 	རྒྱས 	ཕྱག་གི 	bstod tshogs ka_.txt	     གྱི ས་བསྐོར  །_།  སངས  རྒྱས  ཕྱག་གི 
 གྱི ས 						གྱི	ས 	གཡེངས 	འཇིགས་པ་ལ 	།_། 	ལྷ་ཡི 	bstod tshogs ka_.txt	     གྱི ས  གཡེངས  འཇིགས་པ་ལ  །_།  ལྷ་ཡི 
 གྱི ས 						གྱི	ས 	གཟིགས 	གྱུར་ནས 	།_། 	དེ་ཡི 	bstod tshogs ka_.txt	     གྱི ས  གཟིགས  གྱུར་ནས  །_།  དེ་ཡི 
 གྱི  དངོས་མེད་པའི 						གྱི 	དངོས་མེད་པའི 	།_། 	ངོ་བོ 	དེ་ཡང་དེ 	སྤྱོད་ཡུལ 	bstod tshogs ka_.txt	     གྱི  དངོས་མེད་པའི  །_།  ངོ་བོ  དེ་ཡང་དེ  སྤྱོད་ཡུལ 
 གྱི  མཁན་པོ་ཀྲྀཥྞ་པཎྜི 						གྱི 	མཁན་པོ་ཀྲྀཥྞ་པཎྜི 	ཏ་དང 	_།_ 	ལོ་ཙཱ་བ 	ཚུལ་ཁྲིམས 	bstod tshogs ka_.txt	     གྱི  མཁན་པོ་ཀྲྀཥྞ་པཎྜི  ཏ་དང  _།_  ལོ་ཙཱ་བ  ཚུལ་ཁྲིམས 
 གྱི ས 						གྱི	ས 	མ 	གཟིགས་པ 	།_། 	ཁྱོད་ཀྱིས 	bstod tshogs ka_.txt	     གྱི ས  མ  གཟིགས་པ  །_།  ཁྱོད་ཀྱིས 
 གྱི ས 						གྱི	ས 	ཚིམ་པ 	-ར་མཛད 	།_། 	མཁའ་དང 	bstod tshogs ka_.txt	     གྱི ས  ཚིམ་པ  -ར་མཛད  །_།  མཁའ་དང 
 གྱི  རྗེས་སུ 						གྱི 	རྗེས་སུ 	ཞུགས 	གྱུར་ཀྱང 	།_། 	འགའ་རུ 	bstod tshogs ka_.txt	     གྱི  རྗེས་སུ  ཞུགས  གྱུར་ཀྱང  །_།  འགའ་རུ 
 གྱི ས 						གྱི	ས 	འབར་བ 	-འི 	སྐུ 	ཉིད་ཀྱང 	bstod tshogs ka_.txt	     གྱི ས  འབར་བ  -འི  སྐུ  ཉིད་ཀྱང 
 གྱི  མཁན་པོ་ཀྲྀཥྞ་པཎྜི 						གྱི 	མཁན་པོ་ཀྲྀཥྞ་པཎྜི 	ཏ་དང 	།_ 	ལོ་ཙཱ་བ 	དགེ་སློང 	bstod tshogs ka_.txt	     གྱི  མཁན་པོ་ཀྲྀཥྞ་པཎྜི  ཏ་དང  །_  ལོ་ཙཱ་བ  དགེ་སློང 
 གྱི ས 						གྱི	ས 	།_། 	ཡོད་པ 	མིན་པ 	-ར 	bstod tshogs ka_.txt	     གྱི ས  །_།  ཡོད་པ  མིན་པ  -ར 
 གྱི  །_། 						གྱི 	།_། 	འཇིག 	པར 	འགྱུར་བ 	མ་ཡིན་ནོ 	bstod tshogs ka_.txt	     གྱི  །_།  འཇིག  པར  འགྱུར་བ  མ་ཡིན་ནོ 
 གྱི ས 						གྱི	ས 	བྱས་དང་གཉིས 	ཀ 	-ས་བྱས 	།_། 	bstod tshogs ka_.txt	     གྱི ས  བྱས་དང་གཉིས  ཀ  -ས་བྱས  །_། 
 གྱི  །_། 						གྱི 	།_། 	དངོས 	མེད 	གོམས་པ 	-ར 	bstod tshogs ka_.txt	     གྱི  །_།  དངོས  མེད  གོམས་པ  -ར 
 གྱི  ཇི་ལྟར 						གྱི 	ཇི་ལྟར 	ཕྱིས་དེ་བཞིན 	།_། 	དེ 	བཞིན 	bstod tshogs ka_.txt	     གྱི  ཇི་ལྟར  ཕྱིས་དེ་བཞིན  །_།  དེ  བཞིན 
 གྱི  མཁན་པོ་ཀྲྀཥྞ་པཎྜི 						གྱི 	མཁན་པོ་ཀྲྀཥྞ་པཎྜི 	ཏ་དང 	།_ 	ལོ་ཙཱ་བ 	ཚུལ་ཁྲིམས 	bstod tshogs ka_.txt	     གྱི  མཁན་པོ་ཀྲྀཥྞ་པཎྜི  ཏ་དང  །_  ལོ་ཙཱ་བ  ཚུལ་ཁྲིམས 
 གྱི  མཐོང་བ་རྣམས 						གྱི 	མཐོང་བ་རྣམས 	།_། 	ཅུང 	ཟད 	བསྒོམ་པ 	bstod tshogs ka_.txt	     གྱི  མཐོང་བ་རྣམས  །_།  ཅུང  ཟད  བསྒོམ་པ 
 གྱི ས 						གྱི	ས 	འབད་པ་ཡིས 	།_། 	བྱང 	ཆུབ 	bstod tshogs ka_.txt	     གྱི ས  འབད་པ་ཡིས  །_།  བྱང  ཆུབ 
 གྱི  །_། 						གྱི 	།_། 	དེ 	ལྟ་ན་ཡང 	གང་འདྲ་བས 	།_། 	bstod tshogs ka_.txt	     གྱི  །_།  དེ  ལྟ་ན་ཡང  གང་འདྲ་བས  །_། 
 གྱི  །_། 						གྱི 	།_། 	འཇིག 	རྟེན 	བཏགས་པ་ལ 	གནས་ནས 	bstod tshogs ka_.txt	     གྱི  །_།  འཇིག  རྟེན  བཏགས་པ་ལ  གནས་ནས 
 གྱི འམ 						གྱི	འམ 	།_། 	ཡང་ན 	འདི 	-ར་ནི་ཅི་ཞིག་བསྟོད 	bstod tshogs ka_.txt	     གྱི འམ  །_།  ཡང་ན  འདི  -ར་ནི་ཅི་ཞིག་བསྟོད 
 གྱི  མཁན་པོ་ཀྲྀཥྞ་པཎྜི 						གྱི 	མཁན་པོ་ཀྲྀཥྞ་པཎྜི 	ཏ་དང 	།_ 	ལོ་ཙཱ་བ 	དགེ་སློང 	bstod tshogs ka_.txt	     གྱི  མཁན་པོ་ཀྲྀཥྞ་པཎྜི  ཏ་དང  །_  ལོ་ཙཱ་བ  དགེ་སློང 
 གྱི ས 						གྱི	ས 	མི 	ཁྱབ་ལེགས 	མཛད་བརྒྱ་ཡི 	འབྲས་བུ་ནི 	bstod tshogs ka_.txt	     གྱི ས  མི  ཁྱབ་ལེགས  མཛད་བརྒྱ་ཡི  འབྲས་བུ་ནི 
 གྱི  ནང་དུ 						གྱི 	ནང་དུ 	སྣ་ཚོགས 	རྒྱས་པ 	-ར 	སྟོན 	bstod tshogs ka_.txt	     གྱི  ནང་དུ  སྣ་ཚོགས  རྒྱས་པ  -ར  སྟོན 
 གྱི  འཇིགས 						གྱི 	འཇིགས 	སེལ་བ 	།_། 	ཕྱོགས 	བཅུར 	bstod tshogs ka_.txt	     གྱི  འཇིགས  སེལ་བ  །_།  ཕྱོགས  བཅུར 
 གྱི  མཁན་པོ་ཀྲྀཥྞ་པཎྜི 						གྱི 	མཁན་པོ་ཀྲྀཥྞ་པཎྜི 	ཏ་དང 	།_ 	ལོ་ཙཱ་བ 	དགེ་སློང 	bstod tshogs ka_.txt	     གྱི  མཁན་པོ་ཀྲྀཥྞ་པཎྜི  ཏ་དང  །_  ལོ་ཙཱ་བ  དགེ་སློང 
 གྱི  །_། 						གྱི 	།_། 	བསྟོད་པ 	ཀླུ་སྒྲུབ་ཀྱིས 	མཛད་པ 	།_། 	bstod tshogs ka_.txt	     གྱི  །_།  བསྟོད་པ  ཀླུ་སྒྲུབ་ཀྱིས  མཛད་པ  །_། 
 གྱི  གསོལ་བ 						གྱི 	གསོལ་བ 	-ས 	བསྐུལ་བ 	-ས་ན 	།_། 	bstod tshogs ka_.txt	     གྱི  གསོལ་བ  -ས  བསྐུལ་བ  -ས་ན  །_། 
 གྱི ས 						གྱི	ས 	བརྗོད་པ 	-ར 	བྱ་བ་དང 	།_ 	bstod tshogs ka_.txt	     གྱི ས  བརྗོད་པ  -ར  བྱ་བ་དང  །_ 
 གྱི  དོན་དང 						གྱི 	དོན་དང 	བྱ་བ 	མཐའ 	-ར 	ཕྱིན་པ་ནི 	bstod tshogs ka_.txt	     གྱི  དོན་དང  བྱ་བ  མཐའ  -ར  ཕྱིན་པ་ནི 
 གྱི  སྤྱི་ཡིན 						གྱི 	སྤྱི་ཡིན 	ནོ 	།_། 	ད་ནི 	ཡན་ལག་གི 	bstod tshogs ka_.txt	     གྱི  སྤྱི་ཡིན  ནོ  །_།  ད་ནི  ཡན་ལག་གི 
 གྱི  ཕུན 						གྱི 	ཕུན 	སུམ 	ཚོགས་པ 	ཆེན་པོ 	-འི 	bstod tshogs ka_.txt	     གྱི  ཕུན  སུམ  ཚོགས་པ  ཆེན་པོ  -འི 
 གྱི  མ 						གྱི 	མ 	སྐྱེས་པ 	སྐྱེ་བ 	-ར་ནི 	མ 	bstod tshogs ka_.txt	     གྱི  མ  སྐྱེས་པ  སྐྱེ་བ  -ར་ནི  མ 
 གྱི ས 						གྱི	ས 	བརླབས་པ་ལ 	ལུས་དང་ཡིད་ཀྱིས 	ཕྱག 	འཚལ་ལོ་ཞེས 	bstod tshogs ka_.txt	     གྱི ས  བརླབས་པ་ལ  ལུས་དང་ཡིད་ཀྱིས  ཕྱག  འཚལ་ལོ་ཞེས 
 གྱི ས 						གྱི	ས 	མི 	ཁྱབ་པ་ནི 	སེམས་ཀྱི 	ཡུལ་ལས 	bstod tshogs ka_.txt	     གྱི ས  མི  ཁྱབ་པ་ནི  སེམས་ཀྱི  ཡུལ་ལས 
 གྱི  དབང་དུ 						གྱི 	དབང་དུ 	མཛད་ནས 	བྱེ་བྲག 	དུ་མ 	-ར 	bstod tshogs ka_.txt	     གྱི  དབང་དུ  མཛད་ནས  བྱེ་བྲག  དུ་མ  -ར 
 གྱི  འཇིགས 						གྱི 	འཇིགས 	སེལ་ཞེས 	བྱ་བ་སྟེ 	།_ 	འདོད་པ་དང 	bstod tshogs ka_.txt	     གྱི  འཇིགས  སེལ་ཞེས  བྱ་བ་སྟེ  །_  འདོད་པ་དང 
 གྱི  སེམས་ཅན 						གྱི 	སེམས་ཅན 	རྣམས་ཀྱི 	སྐྱེ་བ་ལ 	སོགས་པ 	-འི 	bstod tshogs ka_.txt	     གྱི  སེམས་ཅན  རྣམས་ཀྱི  སྐྱེ་བ་ལ  སོགས་པ  -འི 
 གྱི  གཞལ་ཡས་ཁང་ན 						གྱི 	གཞལ་ཡས་ཁང་ན 	བཞུགས་པ 	བྱང་ཆུབ 	སེམས་དཔའ 	དམ་པ 	bstod tshogs ka_.txt	     གྱི  གཞལ་ཡས་ཁང་ན  བཞུགས་པ  བྱང་ཆུབ  སེམས་དཔའ  དམ་པ 
 གྱི ས 						གྱི	ས 	བྱམས་པ་དང 	།_ 	སྙིང 	རྗེ་དང 	bstod tshogs ka_.txt	     གྱི ས  བྱམས་པ་དང  །_  སྙིང  རྗེ་དང 
 གྱི ས 						གྱི	ས 	རྣལ་འབྱོར 	ཆེན་པོ 	-འི 	གནས་འོག 	bstod tshogs ka_.txt	     གྱི ས  རྣལ་འབྱོར  ཆེན་པོ  -འི  གནས་འོག 
 གྱི  གནས་མཆོག་ཏུ 						གྱི 	གནས་མཆོག་ཏུ 	བཞུགས་པ 	-འི 	དམ་པ 	ཏོག 	bstod tshogs ka_.txt	     གྱི  གནས་མཆོག་ཏུ  བཞུགས་པ  -འི  དམ་པ  ཏོག 
 གྱི ས 						གྱི	ས 	འགྲོ་བ 	མ་ལུས་པ 	-འི 	དོན 	bstod tshogs ka_.txt	     གྱི ས  འགྲོ་བ  མ་ལུས་པ  -འི  དོན 
 གྱི ས 						གྱི	ས 	སྐུ་གསུམ 	བསྟན་ནས 	།_ 	གཞན་ཡང 	bstod tshogs ka_.txt	     གྱི ས  སྐུ་གསུམ  བསྟན་ནས  །_  གཞན་ཡང 
 གྱི  དོན་ནི 						གྱི 	དོན་ནི 	སྲོག་ཆགས 	རྣམས་ཀྱི 	འདོད་པ 	-འི 	bstod tshogs ka_.txt	     གྱི  དོན་ནི  སྲོག་ཆགས  རྣམས་ཀྱི  འདོད་པ  -འི 
 གྱི  དོན 						གྱི 	དོན 	གཅིག 	རྒྱུན་དུ 	མཛད་པ་སྟེ 	།_ 	bstod tshogs ka_.txt	     གྱི  དོན  གཅིག  རྒྱུན་དུ  མཛད་པ་སྟེ  །_ 
 གྱི  དོན 						གྱི 	དོན 	མཛད་པ་དེ་ལ 	ཕྱག 	བྱས་པ 	-ས་ཞེས 	bstod tshogs ka_.txt	     གྱི  དོན  མཛད་པ་དེ་ལ  ཕྱག  བྱས་པ  -ས་ཞེས 
 གྱི  ཁྱད་པར་ཇི 						གྱི 	ཁྱད་པར་ཇི 	ལྟ 	ཞེ་ན 	།_ 	ཡིད་དང 	bstod tshogs ka_.txt	     གྱི  ཁྱད་པར་ཇི  ལྟ  ཞེ་ན  །_  ཡིད་དང 
 གྱི  སྐུ་གསུམ 						གྱི 	སྐུ་གསུམ 	ཐོབ་ཅིང 	རེག་ནས 	འགྲོ་བ 	མ 	bstod tshogs ka_.txt	     གྱི  སྐུ་གསུམ  ཐོབ་ཅིང  རེག་ནས  འགྲོ་བ  མ 
 གྱི  ཚོགས 						གྱི 	ཚོགས 	སྦས་པ 	།_། 	བདག་གིས 	འདི 	bstod tshogs ka_.txt	     གྱི  ཚོགས  སྦས་པ  །_།  བདག་གིས  འདི 
 གྱི  རྗེས 						གྱི 	རྗེས 	འབྲང 	འདི 	-ར་ནི 	ཚད་མ་ཡིན 	bstod tshogs ka_.txt	     གྱི  རྗེས  འབྲང  འདི  -ར་ནི  ཚད་མ་ཡིན 
 གྱི  མཁན་པོ་ཤྲདྡྷཱ 						གྱི 	མཁན་པོ་ཤྲདྡྷཱ 	ཀ་ར་ཝརྨ་དང 	།_ 	བོད་ཀྱི 	ལོ་ཙཱ་བ་བནྡེ 	bstod tshogs ka_.txt	     གྱི  མཁན་པོ་ཤྲདྡྷཱ  ཀ་ར་ཝརྨ་དང  །_  བོད་ཀྱི  ལོ་ཙཱ་བ་བནྡེ 
 གྱི ས་མིན 						གྱི	ས་མིན 	།_། 	གང་གིས 	སྙིང་རྗེ 	སེམས་ཅན་ལ་ནི 	bstod tshogs ka_.txt	     གྱི ས་མིན  །_།  གང་གིས  སྙིང་རྗེ  སེམས་ཅན་ལ་ནི 
 གྱི ས 						གྱི	ས 	།_། 	ཐོས་པ 	-ས 	ང་ཡིས 	bstod tshogs ka_.txt	     གྱི ས  །_།  ཐོས་པ  -ས  ང་ཡིས 
 གྱི ད་ལ 						གྱི	ད་ལ 	།_། 	སྐྱོ་བ 	མེད་པ 	-ར 	bstod tshogs ka_.txt	     གྱི ད་ལ  །_།  སྐྱོ་བ  མེད་པ  -ར 
 གྱི ས 						གྱི	ས 	།_། 	བྱང 	ཆུབ 	སེམས་དཔའ 	bstod tshogs ka_.txt	     གྱི ས  །_།  བྱང  ཆུབ  སེམས་དཔའ 
 གྱི  མཁན་པོ 						གྱི 	མཁན་པོ 	ཆེན་པོ་དཱི་པཾ 	ཀ་ར་ཤྲཱི་ཛྙཱ་ན་དང 	།_ 	ལོ་ཙཱ་བ 	bstod tshogs ka_.txt	     གྱི  མཁན་པོ  ཆེན་པོ་དཱི་པཾ  ཀ་ར་ཤྲཱི་ཛྙཱ་ན་དང  །_  ལོ་ཙཱ་བ 
 གྱི  ཕྱི་མོ་ལགས 						གྱི 	ཕྱི་མོ་ལགས 	།_། 	ཕ 	རོལ 	ཕྱིན་པ 	bstod tshogs ka_.txt	     གྱི  ཕྱི་མོ་ལགས  །_།  ཕ  རོལ  ཕྱིན་པ 
 གྱི ས 						གྱི	ས 	མ་སྨད་པ 	ཁྱོད་ཀྱི 	།_། 	དུས 	bstod tshogs ka_.txt	     གྱི ས  མ་སྨད་པ  ཁྱོད་ཀྱི  །_།  དུས 
 གྱི ས 						གྱི	ས 	བསྔགས་པ་མཛད 	།_། 	ཟིལ་པ 	-འི 	bstod tshogs ka_.txt	     གྱི ས  བསྔགས་པ་མཛད  །_།  ཟིལ་པ  -འི 
 གྱི ས 						གྱི	ས 	མི 	ཁྱབ་པ 	-ར 	བསྟོད་པ 	bstod tshogs ka_.txt	     གྱི ས  མི  ཁྱབ་པ  -ར  བསྟོད་པ 
 གྱི ས 						གྱི	ས 	མི 	ཁྱབ་པ 	-ར 	བསྟོད་པ 	bstod tshogs ka_.txt	     གྱི ས  མི  ཁྱབ་པ  -ར  བསྟོད་པ 
 གྱི ས་པ་ཞེས 						གྱི	ས་པ་ཞེས 	བགྱིད་དེ 	མཆིས་ཏེ 	།_། 	ཆད་པ 	bstod tshogs ka_.txt	     གྱི ས་པ་ཞེས  བགྱིད་དེ  མཆིས་ཏེ  །_།  ཆད་པ 
 གྱི  དངོས་མེད་པ 						གྱི 	དངོས་མེད་པ 	།_། 	དེ 	ཚེ 	དངོས 	bstod tshogs ka_.txt	     གྱི  དངོས་མེད་པ  །_།  དེ  ཚེ  དངོས 
 གྱི  ཐེག་པ་ཅི་ཞིག་མཆིས 						གྱི 	ཐེག་པ་ཅི་ཞིག་མཆིས 	།_། 	གདོད 	མ 	ཉིད་ནས 	bstod tshogs ka_.txt	     གྱི  ཐེག་པ་ཅི་ཞིག་མཆིས  །_།  གདོད  མ  ཉིད་ནས 
 གྱི ས་ཀྱང 						གྱི	ས་ཀྱང 	མྱ་ངན་འདས 	།_། 	ཡང 	དག་པ 	bstod tshogs ka_.txt	     གྱི ས་ཀྱང  མྱ་ངན་འདས  །_།  ཡང  དག་པ 
 གྱི ས་བྱས 						གྱི	ས་བྱས 	།_། 	དངོས་པོ 	སྟོང་པ 	དེ་བཞིན་དུ 	bstod tshogs ka_.txt	     གྱི ས་བྱས  །_།  དངོས་པོ  སྟོང་པ  དེ་བཞིན་དུ 
 གྱི ས་བགྱིས 						གྱི	ས་བགྱིས 	།_། 	བྱས་པ 	ཅན་དུ 	འགྱུར་བ་ལགས 	bstod tshogs ka_.txt	     གྱི ས་བགྱིས  །_།  བྱས་པ  ཅན་དུ  འགྱུར་བ་ལགས 
 གྱི ་བ 						གྱི	་བ 	ཡོད 	མ་མཆིས 	།_། 	དེ 	bstod tshogs ka_.txt	     གྱི ་བ  ཡོད  མ་མཆིས  །_།  དེ 
 གྱི  དབང་ལས 						གྱི 	དབང་ལས 	ཀུན་རྫོབ་སྟེ 	།_། 	གཞན་གྱི 	དབང་ཞེས 	bstod tshogs ka_.txt	     གྱི  དབང་ལས  ཀུན་རྫོབ་སྟེ  །_།  གཞན་གྱི  དབང་ཞེས 
 གྱི  དབང་ནི 						གྱི 	དབང་ནི 	ཡོད 	མ་ལགས 	།_། 	བརྟགས་པ 	bstod tshogs ka_.txt	     གྱི  དབང་ནི  ཡོད  མ་ལགས  །_།  བརྟགས་པ 
 གྱི ས 						གྱི	ས 	ཟིན 	རྣམས་ཀྱིས 	།_། 	གསོ་བ་དེ་ནི 	bstod tshogs ka_.txt	     གྱི ས  ཟིན  རྣམས་ཀྱིས  །_།  གསོ་བ་དེ་ནི 
 གྱི ད་ཅིང 						གྱི	ད་ཅིང 	_།_། 	མུ་སྟེགས 	རི 	དགས 	bstod tshogs ka_.txt	     གྱི ད་ཅིང  _།_།  མུ་སྟེགས  རི  དགས 
 གྱི ད་པ 						གྱི	ད་པ 	།_། 	བདག 	མེད 	སེང་གེ 	bstod tshogs ka_.txt	     གྱི ད་པ  །_།  བདག  མེད  སེང་གེ 
 གྱི  ངོ་བོ་ཉིད 						གྱི 	ངོ་བོ་ཉིད 	།_། 	ངེས་པ 	-འི 	དོན་ཏོ་ཞེས་ཀྱང་བསྟན 	bstod tshogs ka_.txt	     གྱི  ངོ་བོ་ཉིད  །_།  ངེས་པ  -འི  དོན་ཏོ་ཞེས་ཀྱང་བསྟན 
 གྱི ས 						གྱི	ས 	མི 	ཁྱབ་པ 	-ར 	བསྟོད་པ 	bstod tshogs ka_.txt	     གྱི ས  མི  ཁྱབ་པ  -ར  བསྟོད་པ 
 གྱི  །_། 						གྱི 	།_། 	བདག་དང 	གཞན་དང་གཉིས 	ཀ་ལས 	།_། 	bstod tshogs ka_.txt	     གྱི  །_།  བདག་དང  གཞན་དང་གཉིས  ཀ་ལས  །_། 
 གྱི  །_། 						གྱི 	།_། 	ཆོས 	རྣམས 	ཁྱོད་ཀྱིས་གང 	བསྟན་པ 	bstod tshogs ka_.txt	     གྱི  །_།  ཆོས  རྣམས  ཁྱོད་ཀྱིས་གང  བསྟན་པ 
 གྱི  མི་འཚལ 						གྱི 	མི་འཚལ 	།_། 	དངོས 	ཀུན 	མྱ་ངན 	bstod tshogs ka_.txt	     གྱི  མི་འཚལ  །_།  དངོས  ཀུན  མྱ་ངན 
 གྱི  རྐང་པ 						གྱི 	རྐང་པ 	-འི 	རང་བཞིན་མེད 	།_། 	བླ 	bstod tshogs ka_.txt	     གྱི  རྐང་པ  -འི  རང་བཞིན་མེད  །_།  བླ 
 གྱི ས 						གྱི	ས 	།_། 	གར 	མཁན 	རྐང་པ 	bstod tshogs ka_.txt	     གྱི ས  །_།  གར  མཁན  རྐང་པ 
 གྱི  དོན་དམ་པ 						གྱི 	དོན་དམ་པ 	-འི 	བསྟོད་པ 	།༄༅༅།_། 	རྒྱ 	bstod tshogs ka_.txt	     གྱི  དོན་དམ་པ  -འི  བསྟོད་པ  །༄༅༅།_།  རྒྱ 
 གྱི  དོན་དམ་པ 						གྱི 	དོན་དམ་པ 	-འི 	བསྟོད་པ་ཞེས 	བྱ་བ 	།_ 	bstod tshogs ka_.txt	     གྱི  དོན་དམ་པ  -འི  བསྟོད་པ་ཞེས  བྱ་བ  །_ 
 གྱི ས 						གྱི	ས 	།_། 	ཁྱོད་ནི 	ཅི་འདྲ 	དེ་བཞིན་དུ 	bstod tshogs ka_.txt	     གྱི ས  །_།  ཁྱོད་ནི  ཅི་འདྲ  དེ་བཞིན་དུ 
 གྱི  དོན་དམ་པ 						གྱི 	དོན་དམ་པ 	-འི 	བསྟོད་པ་ཞེས 	བྱ་བ 	སློབ་དཔོན 	bstod tshogs ka_.txt	     གྱི  དོན་དམ་པ  -འི  བསྟོད་པ་ཞེས  བྱ་བ  སློབ་དཔོན 
 གྱི  སྙིང་རྗེ་ལ 						གྱི 	སྙིང་རྗེ་ལ 	བསྟོད་པ 	།༄༅༅།_། 	རྒྱ 	གར 	bstod tshogs ka_.txt	     གྱི  སྙིང་རྗེ་ལ  བསྟོད་པ  །༄༅༅།_།  རྒྱ  གར 
 གྱི  སྙིང་རྗེ་ལ 						གྱི 	སྙིང་རྗེ་ལ 	བསྟོད་པ 	།_། 	འཇམ 	དཔལ་གཞོན 	bstod tshogs ka_.txt	     གྱི  སྙིང་རྗེ་ལ  བསྟོད་པ  །_།  འཇམ  དཔལ་གཞོན 
 གྱི ས 						གྱི	ས 	།_། 	གཟིར་ཏེ 	སྤྱན་སྔ 	-ར 	bstod tshogs ka_.txt	     གྱི ས  །_།  གཟིར་ཏེ  སྤྱན་སྔ  -ར 
 གྱི ས 						གྱི	ས 	གཟིར་ཀྱང 	།_། 	བསྐྱབ 	པར 	bstod tshogs ka_.txt	     གྱི ས  གཟིར་ཀྱང  །_།  བསྐྱབ  པར 
 གྱི ་བ 						གྱི	་བ 	ཁྱེད་ཀྱིས་གསུངས 	།_། 	འགྲོ་ལ 	རྟག་ཏུ 	bstod tshogs ka_.txt	     གྱི ་བ  ཁྱེད་ཀྱིས་གསུངས  །_།  འགྲོ་ལ  རྟག་ཏུ 
 གྱི ས་ནི 						གྱི	ས་ནི 	།_། 	འགྲོ་ལ 	འབྲས་བུ 	མཉམ་མེད 	bstod tshogs ka_.txt	     གྱི ས་ནི  །_།  འགྲོ་ལ  འབྲས་བུ  མཉམ་མེད 
 གྱི ད་ཀྱང 						གྱི	ད་ཀྱང 	བདག་གི་ཕྱོགས 	།_། 	རྣམ་པ 	ཀུན་དུ 	bstod tshogs ka_.txt	     གྱི ད་ཀྱང  བདག་གི་ཕྱོགས  །_།  རྣམ་པ  ཀུན་དུ 
 གྱི  སྙིང་རྗེ་ལ 						གྱི 	སྙིང་རྗེ་ལ 	བསྟོད་པ 	སློབ་དཔོན 	འཕགས་པ 	ཀླུ་སྒྲུབ་ཀྱིས 	bstod tshogs ka_.txt	     གྱི  སྙིང་རྗེ་ལ  བསྟོད་པ  སློབ་དཔོན  འཕགས་པ  ཀླུ་སྒྲུབ་ཀྱིས 
 གྱི ས 						གྱི	ས 	མཆོད་པ 	།_། 	སུམ 	ཅུ 	bstod tshogs ka_.txt	     གྱི ས  མཆོད་པ  །_།  སུམ  ཅུ 
 གྱི ་ནི 						གྱི	་ནི 	།_། 	བྱིན 	བརླབས 	མཆོད་རྟེན 	bstod tshogs ka_.txt	     གྱི ་ནི  །_།  བྱིན  བརླབས  མཆོད་རྟེན 
 གྱི ་མཐར 						གྱི	་མཐར 	།_། 	ཙུན 	ད 	-ས 	bstod tshogs ka_.txt	     གྱི ་མཐར  །_།  ཙུན  ད  -ས 
 གྱི  །_། 						གྱི 	།_། 	ལྷ 	རྣམས 	འདུལ 	མཛད 	bstod tshogs ka_.txt	     གྱི  །_།  ལྷ  རྣམས  འདུལ  མཛད 
 གྱི  །_། 						གྱི 	།_། 	ལྷུམས་སུ 	ཞུགས 	པར 	མཛད་ལ 	bstod tshogs ka_.txt	     གྱི  །_།  ལྷུམས་སུ  ཞུགས  པར  མཛད་ལ 
 གྱི ས 						གྱི	ས 	བཏུད 	མཚན 	མཆོག་ནི 	།_། 	bstod tshogs ka_.txt	     གྱི ས  བཏུད  མཚན  མཆོག་ནི  །_། 
 གྱི  རྒོལ་བ 						གྱི 	རྒོལ་བ 	ངན་པ 	ཚར 	བཅད་ནས 	།_། 	bstod tshogs ka_.txt	     གྱི  རྒོལ་བ  ངན་པ  ཚར  བཅད་ནས  །_། 
 གྱི ས 						གྱི	ས 	།_། 	མཉན 	དུ་ཡོད 	པར 	bstod tshogs ka_.txt	     གྱི ས  །_།  མཉན  དུ་ཡོད  པར 
 གྱི ས 						གྱི	ས 	རབ 	མཆོད་པ 	།_། 	བསྟན་པ 	bstod tshogs ka_.txt	     གྱི ས  རབ  མཆོད་པ  །_།  བསྟན་པ 
 གྱི  །_། 						གྱི 	།_། 	མཛད་པ 	-འི 	ཚུལ་ལ 	མདོ 	bstod tshogs ka_.txt	     གྱི  །_།  མཛད་པ  -འི  ཚུལ་ལ  མདོ 
 གྱི  སྤྱོད་པ་ཡང 						གྱི 	སྤྱོད་པ་ཡང 	།_། 	བདེ 	གཤེགས 	ཉིད་ཀྱི 	bstod tshogs ka_.txt	     གྱི  སྤྱོད་པ་ཡང  །_།  བདེ  གཤེགས  ཉིད་ཀྱི 
 གྱི  བླ་མ་ལ 						གྱི 	བླ་མ་ལ 	།_། 	མི 	ཕམ 	མཉམ་པ 	bstod tshogs ka_.txt	     གྱི  བླ་མ་ལ  །_།  མི  ཕམ  མཉམ་པ 
 གྱི  རི་བོ 						གྱི 	རི་བོ 	-འི 	རྩེ 	འདྲ 	-འི་སྐུ 	bstod tshogs ka_.txt	     གྱི  རི་བོ  -འི  རྩེ  འདྲ  -འི་སྐུ 
 གྱི  མདོག་དང 						གྱི 	མདོག་དང 	ལྡན 	གྱུར་ཅིང 	།_། 	སུམ 	bstod tshogs ka_.txt	     གྱི  མདོག་དང  ལྡན  གྱུར་ཅིང  །_།  སུམ 
 གྱི  ཚོགས་ཀྱིས་སྤངས 						གྱི 	ཚོགས་ཀྱིས་སྤངས 	།_། 	དེ 	བཞིན 	གཤེགས 	bstod tshogs ka_.txt	     གྱི  ཚོགས་ཀྱིས་སྤངས  །_།  དེ  བཞིན  གཤེགས 
 གྱི ས་པ 						གྱི	ས་པ 	།_། 	མི་བཟད 	རབ་རིབ 	མུན་པ 	bstod tshogs ka_.txt	     གྱི ས་པ  །_།  མི་བཟད  རབ་རིབ  མུན་པ 
 གྱི ས 						གྱི	ས 	།_། 	དགེ 	འདུན་དཀོར་ནི 	རྣམ་པ 	bstod tshogs ka_.txt	     གྱི ས  །_།  དགེ  འདུན་དཀོར་ནི  རྣམ་པ 
 གྱི ས 						གྱི	ས 	།_། 	དེ 	བཞིན 	གཤེགས 	bstod tshogs ka_.txt	     གྱི ས  །_།  དེ  བཞིན  གཤེགས 
 གྱི  །_། 						གྱི 	།_། 	བདག་ལ 	སྐྱོབ་པ 	-ར 	སུ་ཞིག་འགྱུར 	bstod tshogs ka_.txt	     གྱི  །_།  བདག་ལ  སྐྱོབ་པ  -ར  སུ་ཞིག་འགྱུར 
 གྱི  བསྟོད་པ 						གྱི 	བསྟོད་པ 	།_༄༅༅།_། 	རྒྱ 	གར 	སྐད་དུ 	bstod tshogs ka_.txt	     གྱི  བསྟོད་པ  །_༄༅༅།_།  རྒྱ  གར  སྐད་དུ 
 གྱི  བསྟོད་པ 						གྱི 	བསྟོད་པ 	།_ 	དཀོན 	མཆོག་གསུམ་ལ 	ཕྱག 	bstod tshogs ka_.txt	     གྱི  བསྟོད་པ  །_  དཀོན  མཆོག་གསུམ་ལ  ཕྱག 
 གྱི  བསྟོད་པ 						གྱི 	བསྟོད་པ 	སློབ་དཔོན 	དབྱིག་གཉེན་གྱིས 	མཛད་པ 	རྫོགས་སོ 	bstod tshogs ka_.txt	     གྱི  བསྟོད་པ  སློབ་དཔོན  དབྱིག་གཉེན་གྱིས  མཛད་པ  རྫོགས་སོ 
 གྱི ས་ནི 						གྱི	ས་ནི 	ལུས 	ཟོས་པས 	།_། 	དེ 	bstod tshogs ka_.txt	     གྱི ས་ནི  ལུས  ཟོས་པས  །_།  དེ 
 གྱི  །_། 						གྱི 	།_། 	གང་ཞིག་ལ་ནི 	ཉེས་པ་ཀུན 	།_། 	གཏན་ནས 	bstod tshogs ka_.txt	     གྱི  །_།  གང་ཞིག་ལ་ནི  ཉེས་པ་ཀུན  །_།  གཏན་ནས 
 གྱི  གནོད་པ 						གྱི 	གནོད་པ 	བསལ་བ 	-འི་ཕྱིར 	།_། 	གང་གི 	bstod tshogs ka_.txt	     གྱི  གནོད་པ  བསལ་བ  -འི་ཕྱིར  །_།  གང་གི 
 གྱི ས་གནས 						གྱི	ས་གནས 	།_། 	ལྕེ་ནི 	དོན 	ཅན 	bstod tshogs ka_.txt	     གྱི ས་གནས  །_།  ལྕེ་ནི  དོན  ཅན 
 གྱི  མཐའ་མ 						གྱི 	མཐའ་མ 	རྟོགས་པས 	།_། 	གལ་ཏེ 	བསྟོད་པ 	bstod tshogs ka_.txt	     གྱི  མཐའ་མ  རྟོགས་པས  །_།  གལ་ཏེ  བསྟོད་པ 
 གྱི ས 						གྱི	ས 	།_། 	ཡུལ 	ལྟ་གྲངས 	མེད 	bstod tshogs ka_.txt	     གྱི ས  །_།  ཡུལ  ལྟ་གྲངས  མེད 
 གྱི ས 						གྱི	ས 	ཁྱོད 	མི་སློབ 	།_། 	གང་གི 	bstod tshogs ka_.txt	     གྱི ས  ཁྱོད  མི་སློབ  །_།  གང་གི 
 གྱི  བ 						གྱི 	བ 	-འི 	མཐའ་མེད་ན 	།_། 	འདི 	bstod tshogs ka_.txt	     གྱི  བ  -འི  མཐའ་མེད་ན  །_།  འདི 
 གྱི ས་བཞེས 						གྱི	ས་བཞེས 	།_། 	སྙིང 	རྗེ 	རྣམ་པ 	bstod tshogs ka_.txt	     གྱི ས་བཞེས  །_།  སྙིང  རྗེ  རྣམ་པ 
 གྱི  གཞན་ནི 						གྱི 	གཞན་ནི 	བཅོལ་བ་བྱེད 	།_། 	ལ 	ལ 	bstod tshogs ka_.txt	     གྱི  གཞན་ནི  བཅོལ་བ་བྱེད  །_།  ལ  ལ 
 གྱི ས 						གྱི	ས 	མ 	རྫོགས་དང 	།_། 	རང 	bstod tshogs ka_.txt	     གྱི ས  མ  རྫོགས་དང  །_།  རང 
 གྱི  དོན 						གྱི 	དོན 	སླད་དུ 	།_། 	སྐུ 	སྲོག 	bstod tshogs ka_.txt	     གྱི  དོན  སླད་དུ  །_།  སྐུ  སྲོག 
 གྱི ད་པ 						གྱི	ད་པ 	-འི 	སེམས་ཅན་ལའང 	།_། 	གཙོ་བོ 	bstod tshogs ka_.txt	     གྱི ད་པ  -འི  སེམས་ཅན་ལའང  །_།  གཙོ་བོ 
 གྱི ས་པར 						གྱི	ས་པར 	།_། 	གོ 	འཕང 	རྙེད 	bstod tshogs ka_.txt	     གྱི ས་པར  །_།  གོ  འཕང  རྙེད 
 གྱི ་བ་ལ 						གྱི	་བ་ལ 	།_། 	ཁྱོད་ལ 	ཐང་ལྷོད 	འགའ 	bstod tshogs ka_.txt	     གྱི ་བ་ལ  །_།  ཁྱོད་ལ  ཐང་ལྷོད  འགའ 
 གྱི ད 						གྱི	ད 	།_། 	འདྲེས་པ་ལ་ནི 	ལེགས་བཤད་ཉིད 	།_། 	bstod tshogs ka_.txt	     གྱི ད  །_།  འདྲེས་པ་ལ་ནི  ལེགས་བཤད་ཉིད  །_། 
 གྱི ད 						གྱི	ད 	།_། 	ཁྱོད 	ཉིད 	གཅིག་པུ 	bstod tshogs ka_.txt	     གྱི ད  །_།  ཁྱོད  ཉིད  གཅིག་པུ 
 གྱི  ཕུན་ཚོགས 						གྱི 	ཕུན་ཚོགས 	བསྒྲུབ་པ 	-འི་ཕྱིར 	།_། 	ཁྱོད་ནི 	bstod tshogs ka_.txt	     གྱི  ཕུན་ཚོགས  བསྒྲུབ་པ  -འི་ཕྱིར  །_།  ཁྱོད་ནི 
 གྱི ད་པ་དང 						གྱི	ད་པ་དང 	སྒྲིབ་པ་ཅན 	།_། 	རེ 	ཞིག་པ་དང 	bstod tshogs ka_.txt	     གྱི ད་པ་དང  སྒྲིབ་པ་ཅན  །_།  རེ  ཞིག་པ་དང 
 གྱི ད 						གྱི	ད 	མ 	མཆིས 	རྟོག 	མ་མཆིས 	bstod tshogs ka_.txt	     གྱི ད  མ  མཆིས  རྟོག  མ་མཆིས 
 གྱི ས 						གྱི	ས 	གཏིང 	རྙེད་པའི 	།_། 	ཁྱོད་ཀྱི 	bstod tshogs ka_.txt	     གྱི ས  གཏིང  རྙེད་པའི  །_།  ཁྱོད་ཀྱི 
 གྱི  མི 						གྱི 	མི 	བསྐྱོད་པ 	།_། 	ཁྱོད་ཀྱིས 	བརྟན་པ 	bstod tshogs ka_.txt	     གྱི  མི  བསྐྱོད་པ  །_།  ཁྱོད་ཀྱིས  བརྟན་པ 
 གྱི ས 						གྱི	ས 	ཁྱོད་དང་མཚུངས 	།_། 	རྨད 	བྱུང 	bstod tshogs ka_.txt	     གྱི ས  ཁྱོད་དང་མཚུངས  །_།  རྨད  བྱུང 
 གྱི ས 						གྱི	ས 	བརྗོད 	མི་ནུས 	།_། 	དེས་ནི 	bstod tshogs ka_.txt	     གྱི ས  བརྗོད  མི་ནུས  །_།  དེས་ནི 
 གྱི ས་པ་དེ 						གྱི	ས་པ་དེ 	།_། 	སྨྲ་བ་པོ་ཡི 	རང 	དགའ་དང 	bstod tshogs ka_.txt	     གྱི ས་པ་དེ  །_།  སྨྲ་བ་པོ་ཡི  རང  དགའ་དང 
 གྱི ས་ནི 						གྱི	ས་ནི 	དྲངས་པ 	-ས་ན 	།_། 	རང 	bstod tshogs ka_.txt	     གྱི ས་ནི  དྲངས་པ  -ས་ན  །_།  རང 
 གྱི  ཡོན་ཏན 						གྱི 	ཡོན་ཏན 	དག་དང་ནི 	།_། 	བརྟེན་པ 	-འི 	bstod tshogs ka_.txt	     གྱི  ཡོན་ཏན  དག་དང་ནི  །_།  བརྟེན་པ  -འི 
 གྱི ས 						གྱི	ས 	།_། 	ཕུན 	སུམ 	ཚོགས་པ 	bstod tshogs ka_.txt	     གྱི ས  །_།  ཕུན  སུམ  ཚོགས་པ 
 གྱི ་འམ 						གྱི	་འམ 	།_། 	འོན་ཏེ་གང་གིས 	འཁོར་བ 	-ར་ཁྱོད 	bstod tshogs ka_.txt	     གྱི ་འམ  །_།  འོན་ཏེ་གང་གིས  འཁོར་བ  -ར་ཁྱོད 
 གྱི  །_། 						གྱི 	།_། 	དེ 	ལྟར 	སྡུག་བསྔལ 	བཏང་སྙོམས་ནས 	bstod tshogs ka_.txt	     གྱི  །_།  དེ  ལྟར  སྡུག་བསྔལ  བཏང་སྙོམས་ནས 
 གྱི ་ཡང 						གྱི	་ཡང 	བཟོད་པ 	-ར་མཛད 	།_། 	དབེན་པ 	bstod tshogs ka_.txt	     གྱི ་ཡང  བཟོད་པ  -ར་མཛད  །_།  དབེན་པ 
 གྱི ས་པ 						གྱི	ས་པ 	-ར་བས 	།_། 	འཇིག 	རྟེན 	bstod tshogs ka_.txt	     གྱི ས་པ  -ར་བས  །_།  འཇིག  རྟེན 
 གྱི  སླད་དུ་དྲངས 						གྱི 	སླད་དུ་དྲངས 	།_། 	གཞན་ལ 	ཆགས་ཤིང 	དགོངས་པ་ཡིས 	bstod tshogs ka_.txt	     གྱི  སླད་དུ་དྲངས  །_།  གཞན་ལ  ཆགས་ཤིང  དགོངས་པ་ཡིས 
 གྱི  སྒྱུ་རྩལ་ཡང 						གྱི 	སྒྱུ་རྩལ་ཡང 	།_། 	ཁྱོད་ཀྱི 	ཞབས་ཀྱིས 	འདོར་བ 	bstod tshogs ka_.txt	     གྱི  སྒྱུ་རྩལ་ཡང  །_།  ཁྱོད་ཀྱི  ཞབས་ཀྱིས  འདོར་བ 
 གྱི  དོན་དུ 						གྱི 	དོན་དུ 	རབ 	བཟང་གི 	_། 	ཉིད་ཀྱི 	bstod tshogs ka_.txt	     གྱི  དོན་དུ  རབ  བཟང་གི  _།  ཉིད་ཀྱི 
 གྱི  བཟོ 						གྱི 	བཟོ 	སོགས་ནི 	།_། 	ངན་པ 	-འི་ལས 	bstod tshogs ka_.txt	     གྱི  བཟོ  སོགས་ནི  །_།  ངན་པ  -འི་ལས 
 གྱི ས 						གྱི	ས 	སྙན 	མ་ལགས 	།_། 	བཅོས་པ 	bstod tshogs ka_.txt	     གྱི ས  སྙན  མ་ལགས  །_།  བཅོས་པ 
 གྱི ས་སོ 						གྱི	ས་སོ 	།_། 	སྣོད་ཀྱི 	སྐྱོན་དང 	འབྲེལ་པ 	bstod tshogs ka_.txt	     གྱི ས་སོ  །_།  སྣོད་ཀྱི  སྐྱོན་དང  འབྲེལ་པ 
 གྱི ས་ན 						གྱི	ས་ན 	།_། 	རྡུལ་དང 	མུན་པ 	དག་ཀྱང་སེལ 	bstod tshogs ka_.txt	     གྱི ས་ན  །_།  རྡུལ་དང  མུན་པ  དག་ཀྱང་སེལ 
 གྱི ད་ལས 						གྱི	ད་ལས 	།_། 	ཁྱོད 	གསུང 	ཀུན་དང 	bstod tshogs ka_.txt	     གྱི ད་ལས  །_།  ཁྱོད  གསུང  ཀུན་དང 
 གྱི ས་ཀྱང་ནི 						གྱི	ས་ཀྱང་ནི 	།_། 	མཁས་པ 	རྣམས་ནི 	དགའ་བ་བསྐྱེད 	bstod tshogs ka_.txt	     གྱི ས་ཀྱང་ནི  །_།  མཁས་པ  རྣམས་ནི  དགའ་བ་བསྐྱེད 
 གྱི ད་ན 						གྱི	ད་ན 	།_། 	ལྟ་དང 	འདྲ་བ 	-འི་དགྲ 	bstod tshogs ka_.txt	     གྱི ད་ན  །_།  ལྟ་དང  འདྲ་བ  -འི་དགྲ 
 གྱི ་བ་ལ 						གྱི	་བ་ལ 	ཐུག་ན 	།_། 	ཉོན་མོངས 	བདེ་བ་ཆུང 	bstod tshogs ka_.txt	     གྱི ་བ་ལ  ཐུག་ན  །_།  ཉོན་མོངས  བདེ་བ་ཆུང 
 གྱི ད 						གྱི	ད 	།_། 	ཞི 	གནས 	ཡེ་ཤེས 	bstod tshogs ka_.txt	     གྱི ད  །_།  ཞི  གནས  ཡེ་ཤེས 
 གྱི  །_། 						གྱི 	།_། 	ས་ཆེན 	དག་ལ 	སྤྱོད 	བགྱིད་པ 	bstod tshogs ka_.txt	     གྱི  །_།  ས་ཆེན  དག་ལ  སྤྱོད  བགྱིད་པ 
 གྱི ས་མནན 						གྱི	ས་མནན 	།_། 	སྐྱེས་ནས 	ངེས་པ 	-ར 	bstod tshogs ka_.txt	     གྱི ས་མནན  །_།  སྐྱེས་ནས  ངེས་པ  -ར 
 གྱི  མཐོང 						གྱི 	མཐོང 	བཞིན་ཡང 	།_། 	ལྟ་ལ 	སྲིད་པ 	bstod tshogs ka_.txt	     གྱི  མཐོང  བཞིན་ཡང  །_།  ལྟ་ལ  སྲིད་པ 
 གྱི ས་དཀྲུགས 						གྱི	ས་དཀྲུགས 	།_། 	དྲང 	སྲོང 	སྐྱེས་མཆོག 	bstod tshogs ka_.txt	     གྱི ས་དཀྲུགས  །_།  དྲང  སྲོང  སྐྱེས་མཆོག 
 གྱི ས་པ 						གྱི	ས་པ 	-ས 	བདེ་བ 	-ར་འགྱུར 	།_། 	bstod tshogs ka_.txt	     གྱི ས་པ  -ས  བདེ་བ  -ར་འགྱུར  །_། 
 གྱི ས་གང 						གྱི	ས་གང 	།_། 	ཞི 	བར 	གྱུར་པ་དེ་ལ་ཡང 	bstod tshogs ka_.txt	     གྱི ས་གང  །_།  ཞི  བར  གྱུར་པ་དེ་ལ་ཡང 
 གྱི ས 						གྱི	ས 	།_། 	སྐྱོན 	ཡོན་ལ་ནི 	མི 	bstod tshogs ka_.txt	     གྱི ས  །_།  སྐྱོན  ཡོན་ལ་ནི  མི 
 གྱི ས་ནི 						གྱི	ས་ནི 	།_། 	ངན 	སོང་གི་ནི 	སྡུག་བསྔལ་ཡང 	bstod tshogs ka_.txt	     གྱི ས་ནི  །_།  ངན  སོང་གི་ནི  སྡུག་བསྔལ་ཡང 
 གྱི  བསྟོད་པ་ཞེས 						གྱི 	བསྟོད་པ་ཞེས 	བྱ་བ་སྟེ 	ལེའུ 	དགུ་པའོ 	།།_།། 	bstod tshogs ka_.txt	     གྱི  བསྟོད་པ་ཞེས  བྱ་བ་སྟེ  ལེའུ  དགུ་པའོ  །།_།། 
 གྱི ད་ལ་སྐུལ 						གྱི	ད་ལ་སྐུལ 	།_། 	ཆོམ་རྐུན 	བགྱིད་པ 	ཚར་ཡང་གཅོད 	bstod tshogs ka_.txt	     གྱི ད་ལ་སྐུལ  །_།  ཆོམ་རྐུན  བགྱིད་པ  ཚར་ཡང་གཅོད 
 གྱི ད་ལ 						གྱི	ད་ལ 	བཞེན 	སྐུལ་འདེབས 	།_། 	ཞི 	bstod tshogs ka_.txt	     གྱི ད་ལ  བཞེན  སྐུལ་འདེབས  །_།  ཞི 
 གྱི ད 						གྱི	ད 	།_། 	ཕོངས 	པར 	གནས་ལ 	bstod tshogs ka_.txt	     གྱི ད  །_།  ཕོངས  པར  གནས་ལ 
 གྱི  །_། 						གྱི 	།_། 	བཟའ 	བཏུང 	གོས་ལ 	སོགས་པ་ཡི 	bstod tshogs ka_.txt	     གྱི  །_།  བཟའ  བཏུང  གོས་ལ  སོགས་པ་ཡི 
 གྱི  སླད 						གྱི 	སླད 	ཕ་མ་དག 	_། 	གལ་ཏེ 	བླ་མ 	bstod tshogs ka_.txt	     གྱི  སླད  ཕ་མ་དག  _།  གལ་ཏེ  བླ་མ 
 གྱི ད་ཅིང 						གྱི	ད་ཅིང 	།_། 	ཡ 	མཚན 	ཆེ་བ 	bstod tshogs ka_.txt	     གྱི ད་ཅིང  །_།  ཡ  མཚན  ཆེ་བ 
 གྱི ས་ནི 						གྱི	ས་ནི 	།_། 	ཁྱོད་ཀྱིས 	སྡུག་བསྔལ 	མི 	bstod tshogs ka_.txt	     གྱི ས་ནི  །_།  ཁྱོད་ཀྱིས  སྡུག་བསྔལ  མི 
 གྱི ས 						གྱི	ས 	དགའ་མགུ 	-ར 	རང་དོན་ཕྱིར 	།_། 	bstod tshogs ka_.txt	     གྱི ས  དགའ་མགུ  -ར  རང་དོན་ཕྱིར  །_། 
 གྱི ད་ལ 						གྱི	ད་ལ 	།_། 	ཕན་པ 	ལྷུ 	-ར 	bstod tshogs ka_.txt	     གྱི ད་ལ  །_།  ཕན་པ  ལྷུ  -ར 
 གྱི ད་ལའང 						གྱི	ད་ལའང 	།_། 	ཕན་པ 	དེ་ལྟར 	ལྷུ 	bstod tshogs ka_.txt	     གྱི ད་ལའང  །_།  ཕན་པ  དེ་ལྟར  ལྷུ 
 གྱི ད 						གྱི	ད 	།_། 	ཉེས 	རྟོག 	གདོན་གྱིས 	bstod tshogs ka_.txt	     གྱི ད  །_།  ཉེས  རྟོག  གདོན་གྱིས 
 གྱི ད 						གྱི	ད 	དགྲ་བོ་ལ 	།_། 	ཕན་པ 	མཛད་པ 	bstod tshogs ka_.txt	     གྱི ད  དགྲ་བོ་ལ  །_།  ཕན་པ  མཛད་པ 
 གྱི ས་གིས་ནི 						གྱི	ས་གིས་ནི 	འཕེལ 	མཛད་པ 	།_། 	སྨན་པ 	bstod tshogs ka_.txt	     གྱི ས་གིས་ནི  འཕེལ  མཛད་པ  །_།  སྨན་པ 
 གྱི ད་པ་དང 						གྱི	ད་པ་དང 	།_། 	འཇུངས་པ 	རྣམས་ནི 	གཏོང་ཕོད་དང 	bstod tshogs ka_.txt	     གྱི ད་པ་དང  །_།  འཇུངས་པ  རྣམས་ནི  གཏོང་ཕོད་དང 
 གྱི ས་པ་གང 						གྱི	ས་པ་གང 	།_། 	དེ་ནི 	ཁྱོད་ཀྱི 	ཐབས་མཁས་ལགས 	bstod tshogs ka_.txt	     གྱི ས་པ་གང  །_།  དེ་ནི  ཁྱོད་ཀྱི  ཐབས་མཁས་ལགས 
 གྱི ས་ན 						གྱི	ས་ན 	།_། 	སུ་ཞིག 	ངོ་མཚར 	སྐྱེ 	bstod tshogs ka_.txt	     གྱི ས་ན  །_།  སུ་ཞིག  ངོ་མཚར  སྐྱེ 
 གྱི ད 						གྱི	ད 	།_། 	ཤིན་ཏུ 	མཆོག 	དོན 	bstod tshogs ka_.txt	     གྱི ད  །_།  ཤིན་ཏུ  མཆོག  དོན 
 གྱི ས་པ 						གྱི	ས་པ 	-འི 	མལ 	སྤངས་ནས 	།_། 	bstod tshogs ka_.txt	     གྱི ས་པ  -འི  མལ  སྤངས་ནས  །_། 
 གྱི ད 						གྱི	ད 	།_། 	གཞན་གྱི 	དབང་གིས 	ལུས 	bstod tshogs ka_.txt	     གྱི ད  །_།  གཞན་གྱི  དབང་གིས  ལུས 
 གྱི ས 						གྱི	ས 	ཚིམ་བྱེད་ལས 	།_། 	ཚིམ 	མཛད 	bstod tshogs ka_.txt	     གྱི ས  ཚིམ་བྱེད་ལས  །_།  ཚིམ  མཛད 
 གྱི  སེམས་ནི 						གྱི 	སེམས་ནི 	བཀུག 	མཛད་ནས 	།_། 	འཆི 	bstod tshogs ka_.txt	     གྱི  སེམས་ནི  བཀུག  མཛད་ནས  །_།  འཆི 
 གྱི  ཆ་ལུགས 						གྱི 	ཆ་ལུགས 	སྣ་ཚོགས་ནི 	།_། 	དོན 	མེད་ཡང་ན 	bstod tshogs ka_.txt	     གྱི  ཆ་ལུགས  སྣ་ཚོགས་ནི  །_།  དོན  མེད་ཡང་ན 
 གྱི ད་པ 						གྱི	ད་པ 	ཕལ་ཆེར་ནི 	།_། 	ལེགས་པ 	རྔོ 	bstod tshogs ka_.txt	     གྱི ད་པ  ཕལ་ཆེར་ནི  །_།  ལེགས་པ  རྔོ 
 གྱི  སྤྱོད་པ 						གྱི 	སྤྱོད་པ 	མིག་ནི་གཞན 	།_། 	ཉོན་མོངས 	ཕལ་ཆེར 	bstod tshogs ka_.txt	     གྱི  སྤྱོད་པ  མིག་ནི་གཞན  །_།  ཉོན་མོངས  ཕལ་ཆེར 
 གྱི ས 						གྱི	ས 	ཉམས་པས 	།_། 	སྟོན་པ 	རྙེད་པ 	bstod tshogs ka_.txt	     གྱི ས  ཉམས་པས  །_།  སྟོན་པ  རྙེད་པ 
 གྱི ད་དེ 						གྱི	ད་དེ 	།_། 	སྐྱེ་བོ 	གང་དག 	མྱ་ངན་འདས 	bstod tshogs ka_.txt	     གྱི ད་དེ  །_།  སྐྱེ་བོ  གང་དག  མྱ་ངན་འདས 
 གྱི ད་པ 						གྱི	ད་པ 	-ར་བས 	།_། 	དེ་ཡི 	སླད་དུ 	bstod tshogs ka_.txt	     གྱི ད་པ  -ར་བས  །_།  དེ་ཡི  སླད་དུ 
 གྱི ས 						གྱི	ས 	རྒྱུད 	རྣམས་ཀྱི 	།_། 	ཉོན་མོངས 	bstod tshogs ka_.txt	     གྱི ས  རྒྱུད  རྣམས་ཀྱི  །_།  ཉོན་མོངས 
 གྱི ས་ནི 						གྱི	ས་ནི 	།_། 	སེམས 	ཅན 	རྣམས་ལ 	bstod tshogs ka_.txt	     གྱི ས་ནི  །_།  སེམས  ཅན  རྣམས་ལ 
 གྱི  འཚལ་བ 						གྱི 	འཚལ་བ 	།_། 	གང་ཞིག 	ཁྱོད་ཀྱིས 	མ 	bstod tshogs ka_.txt	     གྱི  འཚལ་བ  །_།  གང་ཞིག  ཁྱོད་ཀྱིས  མ 
 གྱི ས 						གྱི	ས 	།_། 	དགོངས་པ 	མཛད་པ་གང 	ལགས་པ 	bstod tshogs ka_.txt	     གྱི ས  །_།  དགོངས་པ  མཛད་པ་གང  ལགས་པ 
 གྱི ད 						གྱི	ད 	མི་རིགས 	།_། 	གནས 	མ་ཡིན་ལས 	bstod tshogs ka_.txt	     གྱི ད  མི་རིགས  །_།  གནས  མ་ཡིན་ལས 
 གྱི ས 						གྱི	ས 	།_། 	བསྟན་པ 	རྒྱས་ནི 	བཏབ་ནས་ཀྱང 	bstod tshogs ka_.txt	     གྱི ས  །_།  བསྟན་པ  རྒྱས་ནི  བཏབ་ནས་ཀྱང 
 གྱི  །_། 						གྱི 	།_། 	བུ 	ལོན 	ལྷག་མ་ཅི 	མཆིས་ན 	bstod tshogs ka_.txt	     གྱི  །_།  བུ  ལོན  ལྷག་མ་ཅི  མཆིས་ན 
 གྱི ས 						གྱི	ས 	།_། 	སྐུ 	གདུང 	ཏིལ་འབྲུ 	bstod tshogs ka_.txt	     གྱི ས  །_།  སྐུ  གདུང  ཏིལ་འབྲུ 
 གྱི ད་པའི 						གྱི	ད་པའི 	།_། 	རྨོངས་པ 	མི་བཟད་པ་ལ་གཟིགས 	།_། 	bstod tshogs ka_.txt	     གྱི ད་པའི  །_།  རྨོངས་པ  མི་བཟད་པ་ལ་གཟིགས  །_། 
 གྱི ས 						གྱི	ས 	བརྒྱན་པའི 	།_། 	ཡུལ 	གང་དེ 	bstod tshogs ka_.txt	     གྱི ས  བརྒྱན་པའི  །_།  ཡུལ  གང་དེ 
 གྱི ས 						གྱི	ས 	བརྒྱན་པ 	སྨོས་ཅི་འཚལ 	།_། 	མགོན 	bstod tshogs ka_.txt	     གྱི ས  བརྒྱན་པ  སྨོས་ཅི་འཚལ  །_།  མགོན 
 གྱི ད་ལྟར 						གྱི	ད་ལྟར 	།_། 	ཁྱོད་ཀྱི 	ཡོན་ཏན 	ཆ་ཙམ 	bstod tshogs ka_.txt	     གྱི ད་ལྟར  །_།  ཁྱོད་ཀྱི  ཡོན་ཏན  ཆ་ཙམ 
 གྱི  མཁན་པོ་ཀུ 						གྱི 	མཁན་པོ་ཀུ 	མ 	ར 	ཀ་ལ 	ཤ་དང 	bstod tshogs ka_.txt	     གྱི  མཁན་པོ་ཀུ  མ  ར  ཀ་ལ  ཤ་དང 
 གྱི  ལོ་ཙཱ་བ 						གྱི 	ལོ་ཙཱ་བ 	དགེ་སློང 	བསོད་ནམས 	བཟང་པོ 	-ས 	bstod tshogs ka_.txt	     གྱི  ལོ་ཙཱ་བ  དགེ་སློང  བསོད་ནམས  བཟང་པོ  -ས 
 གྱི ས་ཀྱང་ཞེས 						གྱི	ས་ཀྱང་ཞེས 	བྱ་བ 	འདི 	-ས་ནི 	སྒྲོ་འདོགས་པ 	bstod tshogs ka_.txt	     གྱི ས་ཀྱང་ཞེས  བྱ་བ  འདི  -ས་ནི  སྒྲོ་འདོགས་པ 
 གྱི  དོན 						གྱི 	དོན 	བྱེད་པ 	-འི 	གནས་སྐབས 	རྣམས་དང 	bstod tshogs ka_.txt	     གྱི  དོན  བྱེད་པ  -འི  གནས་སྐབས  རྣམས་དང 
 གྱི  དོན 						གྱི 	དོན 	བྱ་བ 	-འི 	གནས་སྐབས་ནི 	ཆོས་ཀྱི 	bstod tshogs ka_.txt	     གྱི  དོན  བྱ་བ  -འི  གནས་སྐབས་ནི  ཆོས་ཀྱི 
 གྱི  དོན་ལ 						གྱི 	དོན་ལ 	འཇུག་པ 	-ར 	འགྱུར་བ 	-འི 	bstod tshogs ka_.txt	     གྱི  དོན་ལ  འཇུག་པ  -ར  འགྱུར་བ  -འི 
 གྱི  དོན་ལ 						གྱི 	དོན་ལ 	འགྱུར་བ 	-འི 	སྨོན་ལམ 	བསྟན་ཏོ 	bstod tshogs ka_.txt	     གྱི  དོན་ལ  འགྱུར་བ  -འི  སྨོན་ལམ  བསྟན་ཏོ 
 གྱི ས 						གྱི	ས 	མི་ལྡོག་པ་ཡིན་ཏེ 	།_ 	དེ 	ལྟར 	bstod tshogs ka_.txt	     གྱི ས  མི་ལྡོག་པ་ཡིན་ཏེ  །_  དེ  ལྟར 
 གྱི  སླད 						གྱི 	སླད 	ཅེས་བྱ་བ 	འདི་དག་གིས་ནི 	བརྩོན་འགྲུས་ཀྱི 	ཕ་རོལ་ཏུ 	bstod tshogs ka_.txt	     གྱི  སླད  ཅེས་བྱ་བ  འདི་དག་གིས་ནི  བརྩོན་འགྲུས་ཀྱི  ཕ་རོལ་ཏུ 
 གྱི  ཕ་རོལ་ཏུ 						གྱི 	ཕ་རོལ་ཏུ 	ཕྱིན་པ 	བསྟན་ཏོ 	།_། 	བདག 	bstod tshogs ka_.txt	     གྱི  ཕ་རོལ་ཏུ  ཕྱིན་པ  བསྟན་ཏོ  །_།  བདག 
 གྱི  ཕ་རོལ་ཏུ 						གྱི 	ཕ་རོལ་ཏུ 	ཕྱིན་པ 	བསྟན་ཏོ 	།_། 	མཚན་མོ 	bstod tshogs ka_.txt	     གྱི  ཕ་རོལ་ཏུ  ཕྱིན་པ  བསྟན་ཏོ  །_།  མཚན་མོ 
 གྱི ས 						གྱི	ས 	ཟིན་ལ་ཞེས 	བྱ་བ 	འདི་དག་གིས་ནི 	རྣམ་པ 	bstod tshogs ka_.txt	     གྱི ས  ཟིན་ལ་ཞེས  བྱ་བ  འདི་དག་གིས་ནི  རྣམ་པ 
 གྱི  ཕ་རོལ་ཏུ 						གྱི 	ཕ་རོལ་ཏུ 	ཕྱིན་པ 	བསྟན་ཏོ 	།_། 	ཁྱོད་ཀྱི 	bstod tshogs ka_.txt	     གྱི  ཕ་རོལ་ཏུ  ཕྱིན་པ  བསྟན་ཏོ  །_།  ཁྱོད་ཀྱི 
 གྱི  མི་དགེའི 						གྱི 	མི་དགེའི 	ཕྲིན་ལས་ཞེས 	བྱ་བ 	འདི་དག་གིས 	ནི་ལ 	bstod tshogs ka_.txt	     གྱི  མི་དགེའི  ཕྲིན་ལས་ཞེས  བྱ་བ  འདི་དག་གིས  ནི་ལ 
 གྱི  ཡེ་ཤེས 						གྱི 	ཡེ་ཤེས 	བསྐྱེད་པ 	བསྟན་ཏོ 	།_། 	ཉི 	bstod tshogs ka_.txt	     གྱི  ཡེ་ཤེས  བསྐྱེད་པ  བསྟན་ཏོ  །_།  ཉི 
 གྱི  དོན 						གྱི 	དོན 	མཛད་པ 	-འི 	གནས་སྐབས 	བསྟན་པ་ཡིན་ནོ 	bstod tshogs ka_.txt	     གྱི  དོན  མཛད་པ  -འི  གནས་སྐབས  བསྟན་པ་ཡིན་ནོ 
 གྱི  དོན 						གྱི 	དོན 	མཛད་པ 	-འི 	གནས་སྐབས་ཀྱི 	ལེའུ་སྟེ་དྲུག་པའོ 	bstod tshogs ka_.txt	     གྱི  དོན  མཛད་པ  -འི  གནས་སྐབས་ཀྱི  ལེའུ་སྟེ་དྲུག་པའོ 
 གྱི  དོན 						གྱི 	དོན 	མཛད་པ 	-འི 	གནས་སྐབས་ཀྱི 	སྨོན་ལམ 	bstod tshogs ka_.txt	     གྱི  དོན  མཛད་པ  -འི  གནས་སྐབས་ཀྱི  སྨོན་ལམ 
 གྱི  ཚིག་ལེའུ 						གྱི 	ཚིག་ལེའུ 	-ར 	བྱས་པ 	།༄༅༅།_། 	རྒྱ 	bstod tshogs ka_.txt	     གྱི  ཚིག་ལེའུ  -ར  བྱས་པ  །༄༅༅།_།  རྒྱ 
 གྱི  ཚིག་ལེའུ 						གྱི 	ཚིག་ལེའུ 	-ར 	བྱས་པ 	།_ 	འཕགས་པ 	bstod tshogs ka_.txt	     གྱི  ཚིག་ལེའུ  -ར  བྱས་པ  །_  འཕགས་པ 
 གྱི ས 						གྱི	ས 	།_། 	བསྟོད་པ 	-འི 	དོན 	bstod tshogs ka_.txt	     གྱི ས  །_།  བསྟོད་པ  -འི  དོན 
 གྱི ས 						གྱི	ས 	རྒྱུ 	བསྟན་ཏོ 	།_། 	གཞན 	bstod tshogs ka_.txt	     གྱི ས  རྒྱུ  བསྟན་ཏོ  །_།  གཞན 
 གྱི  །_། 						གྱི 	།_། 	རང 	བཞིན་གྱིས་ནི 	བསམ་པ་སྟེ 	།_། 	bstod tshogs ka_.txt	     གྱི  །_།  རང  བཞིན་གྱིས་ནི  བསམ་པ་སྟེ  །_། 
 གྱི  ཕ་རོལ 						གྱི 	ཕ་རོལ 	ཕྱིན་པ་བདུན 	།_། 	ཚིགས 	བཅད་དྲུག་གིས་དྲུག 	bstod tshogs ka_.txt	     གྱི  ཕ་རོལ  ཕྱིན་པ་བདུན  །_།  ཚིགས  བཅད་དྲུག་གིས་དྲུག 
 གྱི ས་གཞན 						གྱི	ས་གཞན 	།_། 	དང་པོ 	-འི 	ཁྱད་པར 	bstod tshogs ka_.txt	     གྱི ས་གཞན  །_།  དང་པོ  -འི  ཁྱད་པར 
 གྱི ས་སོ 						གྱི	ས་སོ 	།_། 	དེ 	ལ་ཁ་ཅིག 	དངོས 	bstod tshogs ka_.txt	     གྱི ས་སོ  །_།  དེ  ལ་ཁ་ཅིག  དངོས 
 གྱི  ཚིག་ལེའུ 						གྱི 	ཚིག་ལེའུ 	-ར 	བྱས་པ 	སློབ་དཔོན 	ཆེན་པོ 	bstod tshogs ka_.txt	     གྱི  ཚིག་ལེའུ  -ར  བྱས་པ  སློབ་དཔོན  ཆེན་པོ 
 གྱི  མཁན་པོ 						གྱི 	མཁན་པོ 	སརྦ་ཛྙ 	དེ་བ་དང 	།_ 	ལོ་ཙཱ་བ་བནྡེ 	bstod tshogs ka_.txt	     གྱི  མཁན་པོ  སརྦ་ཛྙ  དེ་བ་དང  །_  ལོ་ཙཱ་བ་བནྡེ 
 གྱི  ལོ་ཙཱ་བ་བནྡེ 						གྱི 	ལོ་ཙཱ་བ་བནྡེ 	དཔལ 	བརྩེགས་རཀྵི 	ཏ 	-ས 	bstod tshogs ka_.txt	     གྱི  ལོ་ཙཱ་བ་བནྡེ  དཔལ  བརྩེགས་རཀྵི  ཏ  -ས 
 གྱི  རི 						གྱི 	རི 	འདྲ 	མཚན 	རྣམས 	རྫོགས་པ 	bstod tshogs ka_.txt	     གྱི  རི  འདྲ  མཚན  རྣམས  རྫོགས་པ 
 གྱི  རང་བཞིན 						གྱི 	རང་བཞིན 	གཟིངས 	བཅས་ཏེ 	།_། 	ཉིད་ཀྱི 	bstod tshogs ka_.txt	     གྱི  རང་བཞིན  གཟིངས  བཅས་ཏེ  །_།  ཉིད་ཀྱི 
 གྱི ད 						གྱི	ད 	གྱུར་ཅིག 	_། 	སངས 	རྒྱས 	bstod tshogs ka_.txt	     གྱི ད  གྱུར་ཅིག  _།  སངས  རྒྱས 
 གྱི  དབྱངས་ཀྱི 						གྱི 	དབྱངས་ཀྱི 	རྒྱ་ཆེར 	བཤད་པ 	།_༄༅༅།_། 	རྒྱ 	bstod tshogs ka_.txt	     གྱི  དབྱངས་ཀྱི  རྒྱ་ཆེར  བཤད་པ  །_༄༅༅།_།  རྒྱ 
 གྱི  དབྱངས་ཀྱི 						གྱི 	དབྱངས་ཀྱི 	རྒྱ་ཆེར 	བཤད་པ 	།_ 	འཇམ་པ 	bstod tshogs ka_.txt	     གྱི  དབྱངས་ཀྱི  རྒྱ་ཆེར  བཤད་པ  །_  འཇམ་པ 
 གྱི  དམ་ཚིག་གསུམ 						གྱི 	དམ་ཚིག་གསུམ 	མཆོག 	གྲུབ 	བདག་སྩོལ 	།_། 	bstod tshogs ka_.txt	     གྱི  དམ་ཚིག་གསུམ  མཆོག  གྲུབ  བདག་སྩོལ  །_། 
 གྱི  དོན 						གྱི 	དོན 	ཆེན་པོ 	མཚར་ཅིག 	མི 	བྱེད་དེ 	bstod tshogs ka_.txt	     གྱི  དོན  ཆེན་པོ  མཚར་ཅིག  མི  བྱེད་དེ 
 གྱི  དྲི་མ 						གྱི 	དྲི་མ 	མཐའ་དག་དང 	བྲལ་ཏེ 	རྣམ་པ 	-ར 	bstod tshogs ka_.txt	     གྱི  དྲི་མ  མཐའ་དག་དང  བྲལ་ཏེ  རྣམ་པ  -ར 
 གྱི  ཚོགས 						གྱི 	ཚོགས 	ཐམས་ཅད 	ལ 	-འང 	ཁྱབ་ན 	bstod tshogs ka_.txt	     གྱི  ཚོགས  ཐམས་ཅད  ལ  -འང  ཁྱབ་ན 
 གྱི འོ 						གྱི	འོ 	།_། 	སྡུག 	བསྔལ་ནི 	ཅི་ཡང 	bstod tshogs ka_.txt	     གྱི འོ  །_།  སྡུག  བསྔལ་ནི  ཅི་ཡང 
 གྱི  ཚིག 						གྱི 	ཚིག 	བསྡུ་བ་ཡིན་ཏེ 	།_ 	གང 	དག་ལ 	bstod tshogs ka_.txt	     གྱི  ཚིག  བསྡུ་བ་ཡིན་ཏེ  །_  གང  དག་ལ 
 གྱི ་དེ 						གྱི	་དེ 	ཁོ་ན་ཉིད 	ཐམས་ཅད 	རྫོགས་པ 	ཉིད་དུ 	bstod tshogs ka_.txt	     གྱི ་དེ  ཁོ་ན་ཉིད  ཐམས་ཅད  རྫོགས་པ  ཉིད་དུ 
 གྱི ས 						གྱི	ས 	ཡོངས་སུ 	དག་པ 	ཚད 	མེད་པ 	bstod tshogs ka_.txt	     གྱི ས  ཡོངས་སུ  དག་པ  ཚད  མེད་པ 
 གྱི  ཤས་ནི 						གྱི 	ཤས་ནི 	ཤས་ཆུང་ངོ 	།_། 	དེའི 	ཕྲ་མོ་ནི 	bstod tshogs ka_.txt	     གྱི  ཤས་ནི  ཤས་ཆུང་ངོ  །_།  དེའི  ཕྲ་མོ་ནི 
 གྱི  ཁམས་ནི 						གྱི 	ཁམས་ནི 	ཚོགས་སོ 	།_། 	དེ་ལ 	མཆོག་གི 	bstod tshogs ka_.txt	     གྱི  ཁམས་ནི  ཚོགས་སོ  །_།  དེ་ལ  མཆོག་གི 
 གྱི  ཁམས་ལ 						གྱི 	ཁམས་ལ 	སྐལ་བ་ཇི 	ལྟ་བ 	བཞིན 	མཆོག 	bstod tshogs ka_.txt	     གྱི  ཁམས་ལ  སྐལ་བ་ཇི  ལྟ་བ  བཞིན  མཆོག 
 གྱི  ཁམས་ལ 						གྱི 	ཁམས་ལ 	མཆོག་གི 	དངོས་གྲུབ 	སྩོལ་བ 	-ར 	bstod tshogs ka_.txt	     གྱི  ཁམས་ལ  མཆོག་གི  དངོས་གྲུབ  སྩོལ་བ  -ར 
 གྱི  །_། 						གྱི 	།_། 	ཚད 	མེད་པ 	ཙམ་ཞིག་ཏུ 	མཚུངས་པ་ལ 	bstod tshogs ka_.txt	     གྱི  །_།  ཚད  མེད་པ  ཙམ་ཞིག་ཏུ  མཚུངས་པ་ལ 
 གྱི  བླ་མ 						གྱི 	བླ་མ 	རྣམས 	ཐུགས་རྗེ 	-འི 	བདག་ཉིད 	bstod tshogs ka_.txt	     གྱི  བླ་མ  རྣམས  ཐུགས་རྗེ  -འི  བདག་ཉིད 
 གྱི  ངོ་བོ 						གྱི 	ངོ་བོ 	-ར 	ཞེན་ནས 	ཞུགས་པ 	ཡིན་པ 	bstod tshogs ka_.txt	     གྱི  ངོ་བོ  -ར  ཞེན་ནས  ཞུགས་པ  ཡིན་པ 
 གྱི  དྲ་བ 						གྱི 	དྲ་བ 	འགྱེད་པ་ལ 	སོགས་པ 	-ས 	རྣམ་པ 	bstod tshogs ka_.txt	     གྱི  དྲ་བ  འགྱེད་པ་ལ  སོགས་པ  -ས  རྣམ་པ 
 གྱི ་དེ 						གྱི	་དེ 	ཁོ་ན་ཉིད་ནི 	འདི་ཡིན་ཏེ 	།_ 	བྱང 	bstod tshogs ka_.txt	     གྱི ་དེ  ཁོ་ན་ཉིད་ནི  འདི་ཡིན་ཏེ  །_  བྱང 
 གྱི  རྣམ་པ 						གྱི 	རྣམ་པ 	-ར 	རྟོག་པ 	མེད་པ 	-ར 	bstod tshogs ka_.txt	     གྱི  རྣམ་པ  -ར  རྟོག་པ  མེད་པ  -ར 
 གྱི  ནོར་བུ 						གྱི 	ནོར་བུ 	རིན་པོ་ཆེ 	-འི 	རྒྱལ་པོ 	བས་ཀྱང 	bstod tshogs ka_.txt	     གྱི  ནོར་བུ  རིན་པོ་ཆེ  -འི  རྒྱལ་པོ  བས་ཀྱང 
 གྱི  ཁམས 						གྱི 	ཁམས 	གཅིག་ཏུ 	མྱ་ངན་ལས 	འདས་པ 	ཉེ་བ 	bstod tshogs ka_.txt	     གྱི  ཁམས  གཅིག་ཏུ  མྱ་ངན་ལས  འདས་པ  ཉེ་བ 
 གྱི  ཚོགས 						གྱི 	ཚོགས 	ཡོངས་སུ 	དཔག་ཏུ 	མེད་ཅིང 	འདི་ཙམ་ཞེས 	bstod tshogs ka_.txt	     གྱི  ཚོགས  ཡོངས་སུ  དཔག་ཏུ  མེད་ཅིང  འདི་ཙམ་ཞེས 
 གྱི  རྐྱེན་ཡིན་ནོ 						གྱི 	རྐྱེན་ཡིན་ནོ 	།_། 	དེས 	གནས་མཆོག 	ཉིད 	bstod tshogs ka_.txt	     གྱི  རྐྱེན་ཡིན་ནོ  །_།  དེས  གནས་མཆོག  ཉིད 
 གྱི ་རྗེའོ 						གྱི	་རྗེའོ 	།_། 	ཀུན་གྱི་ཞེས 	བྱ་བ་ནི 	ཕྱོགས 	bstod tshogs ka_.txt	     གྱི ་རྗེའོ  །_།  ཀུན་གྱི་ཞེས  བྱ་བ་ནི  ཕྱོགས 
 གྱི  ཁམས་ན 						གྱི 	ཁམས་ན 	བཞུགས་པ 	རྣམས་སོ 	།_། 	དམ 	bstod tshogs ka_.txt	     གྱི  ཁམས་ན  བཞུགས་པ  རྣམས་སོ  །_།  དམ 
 གྱི  དབྱངས་ཀྱི 						གྱི 	དབྱངས་ཀྱི 	རྒྱ་ཆེར 	བཤད་པ་མང་དུ 	ཐོས་པ 	-འི 	bstod tshogs ka_.txt	     གྱི  དབྱངས་ཀྱི  རྒྱ་ཆེར  བཤད་པ་མང་དུ  ཐོས་པ  -འི 
 གྱི  མཁན་པོ་བི་དྱཱ 						གྱི 	མཁན་པོ་བི་དྱཱ 	ཀ་ར 	པྲ་བྷ་དང 	།_ 	ཞུ་ཆེན་གྱི 	bstod tshogs ka_.txt	     གྱི  མཁན་པོ་བི་དྱཱ  ཀ་ར  པྲ་བྷ་དང  །_  ཞུ་ཆེན་གྱི 
 གྱི  མེ་ཏོག 						གྱི 	མེ་ཏོག 	རྒྱས་ཤིང 	དག་པ་ལ 	།_། 	དཔེ 	bstod tshogs ka_.txt	     གྱི  མེ་ཏོག  རྒྱས་ཤིང  དག་པ་ལ  །_།  དཔེ 
 གྱི  རྒྱལ་པོ་དེ་ལ 						གྱི 	རྒྱལ་པོ་དེ་ལ 	ཕྱག 	འཚལ་ལོ 	།_། 	རིན་ཆེན 	bstod tshogs ka_.txt	     གྱི  རྒྱལ་པོ་དེ་ལ  ཕྱག  འཚལ་ལོ  །_།  རིན་ཆེན 
 གྱི  མཆོད་སྡོང 						གྱི 	མཆོད་སྡོང 	ལྟ་བུ 	-འི་སྐུ 	།_། 	གསེར 	bstod tshogs ka_.txt	     གྱི  མཆོད་སྡོང  ལྟ་བུ  -འི་སྐུ  །_།  གསེར 
 གྱི ་བླ 						གྱི	་བླ 	།_། 	བཻ་ཌཱུཪྻ་ཡི 	འོད་ལ 	ཕྱག 	bstod tshogs ka_.txt	     གྱི ་བླ  །_།  བཻ་ཌཱུཪྻ་ཡི  འོད་ལ  ཕྱག 
 གྱི ་བླ 						གྱི	་བླ 	།_། 	བཻ་ཌཱུརྻ་ཡི 	འོད་ལ 	ཕྱག 	bstod tshogs ka_.txt	     གྱི ་བླ  །_།  བཻ་ཌཱུརྻ་ཡི  འོད་ལ  ཕྱག 
 གྱི ་བླ 						གྱི	་བླ 	།_། 	བཻ་ཌཱུཪྻ་ཡི 	འོད་ལ 	ཕྱག 	bstod tshogs ka_.txt	     གྱི ་བླ  །_།  བཻ་ཌཱུཪྻ་ཡི  འོད་ལ  ཕྱག 
 གྱི  སྨན་པ་སྟེ 						གྱི 	སྨན་པ་སྟེ 	།_། 	འདོད 	ཆགས 	ཞེ་སྡང 	bstod tshogs ka_.txt	     གྱི  སྨན་པ་སྟེ  །_།  འདོད  ཆགས  ཞེ་སྡང 
 གྱི ས 						གྱི	ས 	འགྲོ་བ 	ཀུན་ལ་གཟིགས 	།_། 	ཐུགས 	bstod tshogs ka_.txt	     གྱི ས  འགྲོ་བ  ཀུན་ལ་གཟིགས  །_།  ཐུགས 
 གྱི ས 						གྱི	ས 	འགྲོ་བ 	ཀུན་ལ་ཁྱབ 	།_། 	དུག་གསུམ 	bstod tshogs ka_.txt	     གྱི ས  འགྲོ་བ  ཀུན་ལ་ཁྱབ  །_།  དུག་གསུམ 
 གྱི ་བླ 						གྱི	་བླ 	།_། 	བཻཌཱུཪྻ་ཡི 	འོད་ལ 	ཕྱག 	bstod tshogs ka_.txt	     གྱི ་བླ  །_།  བཻཌཱུཪྻ་ཡི  འོད་ལ  ཕྱག 
 གྱི  ལྷུང་བཟེད་བསྣམས 						གྱི 	ལྷུང་བཟེད་བསྣམས 	།_། 	དུག་གསུམ 	ནད 	སེལ 	bstod tshogs ka_.txt	     གྱི  ལྷུང་བཟེད་བསྣམས  །_།  དུག་གསུམ  ནད  སེལ 
 གྱི ་བླ 						གྱི	་བླ 	།_། 	བཻ་ཌཱུཪྻ་ཡི 	འོད་ལ 	ཕྱག 	bstod tshogs ka_.txt	     གྱི ་བླ  །_།  བཻ་ཌཱུཪྻ་ཡི  འོད་ལ  ཕྱག 
 གྱི ་བླ 						གྱི	་བླ 	།_། 	བཻ་ཌཱུཪྻ་ཡི 	འོད་ལ 	ཕྱག 	bstod tshogs ka_.txt	     གྱི ་བླ  །_།  བཻ་ཌཱུཪྻ་ཡི  འོད་ལ  ཕྱག 
 གྱི ས 						གྱི	ས 	མི 	ཐུབ 	བདུད་ཀྱི 	དཔུང 	bstod tshogs ka_.txt	     གྱི ས  མི  ཐུབ  བདུད་ཀྱི  དཔུང 
 གྱི  ལྷུན་པོ 						གྱི 	ལྷུན་པོ 	ལྟ་བུ 	-ར 	མཛེས་པ 	-འི་སྐུ 	bstod tshogs ka_.txt	     གྱི  ལྷུན་པོ  ལྟ་བུ  -ར  མཛེས་པ  -འི་སྐུ 