 གི  །_། 						གི 	།_། 	ཚིག་དང 	སྤྱོད 	མཁྱེན 	འོངས་པ་དང 	bstod tshogs ka_.txt	     གི  །_།  ཚིག་དང  སྤྱོད  མཁྱེན  འོངས་པ་དང 
 གི ས 						གི	ས 	བརྙེས 	གྱུར་པ 	།_། 	ཀུན་དུ 	bstod tshogs ka_.txt	     གི ས  བརྙེས  གྱུར་པ  །_།  ཀུན་དུ 
 གི ས 						གི	ས 	རབ 	བསྟོད་པས 	།_། 	ཡོན་ཏན་དྲུག 	bstod tshogs ka_.txt	     གི ས  རབ  བསྟོད་པས  །_།  ཡོན་ཏན་དྲུག 
 གི ས 						གི	ས 	སྒྲུབ་པ 	-ར 	ནུས 	།_།_ 	bstod tshogs ka_.txt	     གི ས  སྒྲུབ་པ  -ར  ནུས  །_།_ 
 གི  རྣམ་རྟོག་དང 						གི 	རྣམ་རྟོག་དང 	_།_། 	མིང་གི 	འདུ་ཤེས 	རྒྱུ་མཚན་གྱིས 	bstod tshogs ka_.txt	     གི  རྣམ་རྟོག་དང  _།_།  མིང་གི  འདུ་ཤེས  རྒྱུ་མཚན་གྱིས 
 གི  རྭ་ཡང 						གི 	རྭ་ཡང 	དམིགས 	མ་ཡིན 	།_། 	ཇི 	bstod tshogs ka_.txt	     གི  རྭ་ཡང  དམིགས  མ་ཡིན  །_།  ཇི 
བདག  གི  -ར་བརྟག 	-འང 	_།_། 	ཇི་ལྟར 	བདག་དང 	བདག 	གི 	-ར་བརྟག 	_། 	ཇི 	ལྟར 	སོ་ག 	bstod tshogs ka_.txt	-འང  _།_།  ཇི་ལྟར  བདག་དང  བདག  གི  -ར་བརྟག  _།  ཇི  ལྟར  སོ་ག 
 གི  རྣམ་པ 						གི 	རྣམ་པ 	-ར 	རྟོག་པ 	-ས་བཅིངས 	།_། 	bstod tshogs ka_.txt	     གི  རྣམ་པ  -ར  རྟོག་པ  -ས་བཅིངས  །_། 
 གི ས 						གི	ས 	བསྲུངས 	གྱུར་ཅིང 	_།_། 	སྲོག་ཆགས 	bstod tshogs ka_.txt	     གི ས  བསྲུངས  གྱུར་ཅིང  _།_།  སྲོག་ཆགས 
 གི  འབྲས་བུ 						གི 	འབྲས་བུ 	མི་ཟད་གང 	_།_། 	སྣང་བ 	མེད་པ 	bstod tshogs ka_.txt	     གི  འབྲས་བུ  མི་ཟད་གང  _།_།  སྣང་བ  མེད་པ 
 གི ས 						གི	ས 	།_། 	ཤེས 	རབ 	དོན་དུ 	bstod tshogs ka_.txt	     གི ས  །_།  ཤེས  རབ  དོན་དུ 
 གི ་ཞེས 						གི	་ཞེས 	འཛིན་པས 	།_། 	ཇི 	སྲིད 	bstod tshogs ka_.txt	     གི ་ཞེས  འཛིན་པས  །_།  ཇི  སྲིད 
 གི ས 						གི	ས 	ཁྱོད་ནི 	ཤེས་པ 	-ར་ནུས 	།_། 	bstod tshogs ka_.txt	     གི ས  ཁྱོད་ནི  ཤེས་པ  -ར་ནུས  །_། 
 གི  སྤྱོད་ཡུལ 						གི 	སྤྱོད་ཡུལ 	ཀུན་ལས་འདས 	།_། 	དབང་པོ 	ཀུན་གྱི 	bstod tshogs ka_.txt	     གི  སྤྱོད་ཡུལ  ཀུན་ལས་འདས  །_།  དབང་པོ  ཀུན་གྱི 
 གི  ཉི་མ་དེར 						གི 	ཉི་མ་དེར 	།_། 	དྲི 	མེད 	རིན་ཆེན 	bstod tshogs ka_.txt	     གི  ཉི་མ་དེར  །_།  དྲི  མེད  རིན་ཆེན 
 གི ས 						གི	ས 	འཇིག་རྟེན་ལ 	།_། 	སངས 	རྒྱས 	bstod tshogs ka_.txt	     གི ས  འཇིག་རྟེན་ལ  །_།  སངས  རྒྱས 
 གི ས 						གི	ས 	བརྒྱན་པ་ལས 	བསོད་ནམས་གང 	ཐོབ་པར 	།_། 	bstod tshogs ka_.txt	     གི ས  བརྒྱན་པ་ལས  བསོད་ནམས་གང  ཐོབ་པར  །_། 
 གི ས 						གི	ས 	གཟུང 	མིན་པས 	།_། 	དེ 	bstod tshogs ka_.txt	     གི ས  གཟུང  མིན་པས  །_།  དེ 
 གི  ཇི་ལྟར་ཡིན 						གི 	ཇི་ལྟར་ཡིན 	།_། 	གཟུགས 	ཉིད 	གཟུང་བ 	bstod tshogs ka_.txt	     གི  ཇི་ལྟར་ཡིན  །_།  གཟུགས  ཉིད  གཟུང་བ 
 གི  བདག་པོ 						གི 	བདག་པོ 	ཁྱོད་ཀྱིས་གསུང 	།_། 	ཤེས་པ 	མེད་པ 	bstod tshogs ka_.txt	     གི  བདག་པོ  ཁྱོད་ཀྱིས་གསུང  །_།  ཤེས་པ  མེད་པ 
 གི ས 						གི	ས 	བརྗོད་པ་རྣམ 	སྤངས་པར 	།_། 	ཁྱོད་ཀྱི 	bstod tshogs ka_.txt	     གི ས  བརྗོད་པ་རྣམ  སྤངས་པར  །_།  ཁྱོད་ཀྱི 
 གི ས 						གི	ས 	།_། 	རྒྱུ 	ལས་འབྲས 	བུ 	bstod tshogs ka_.txt	     གི ས  །_།  རྒྱུ  ལས་འབྲས  བུ 
 གི ས 						གི	ས 	བྱས་པ་དང 	།_། 	གཞན་གྱིས 	བྱས་དང་གཉིས 	bstod tshogs ka_.txt	     གི ས  བྱས་པ་དང  །_།  གཞན་གྱིས  བྱས་དང་གཉིས 
 གི ས 						གི	ས 	བསོད་ནམས་གང 	ཐོབ་པ 	།_། 	དེས་ནི 	bstod tshogs ka_.txt	     གི ས  བསོད་ནམས་གང  ཐོབ་པ  །_།  དེས་ནི 
 གི ས 						གི	ས 	སེམས་བྱུང 	དྲ་བ་ནི 	།_། 	སེམས 	bstod tshogs ka_.txt	     གི ས  སེམས་བྱུང  དྲ་བ་ནི  །_།  སེམས 
 གི ས 						གི	ས 	བརྗོད་པ 	-འི 	སྤྱོད་ཡུལ་མིན 	།_། 	bstod tshogs ka_.txt	     གི ས  བརྗོད་པ  -འི  སྤྱོད་ཡུལ་མིན  །_། 
 གི ས་བསྟོད 						གི	ས་བསྟོད 	།_། 	སྐྱེ་བ 	མེད་པ 	-འི 	bstod tshogs ka_.txt	     གི ས་བསྟོད  །_།  སྐྱེ་བ  མེད་པ  -འི 
 གི ས་བསྟོད 						གི	ས་བསྟོད 	།_། 	སྐྱེ་དང 	འཇིག་པ་རྣམ 	སྤངས་ཤིང 	bstod tshogs ka_.txt	     གི ས་བསྟོད  །_།  སྐྱེ་དང  འཇིག་པ་རྣམ  སྤངས་ཤིང 
 གི  འབྱོར་པ 						གི 	འབྱོར་པ 	འཇིག་རྟེན་ལས 	འདས 	བསམ་གྱིས 	མི 	bstod tshogs ka_.txt	     གི  འབྱོར་པ  འཇིག་རྟེན་ལས  འདས  བསམ་གྱིས  མི 
 གི ་ལམ་ལས 						གི	་ལམ་ལས 	རབ་ཏུ 	འདས་པ་ལ 	།_། 	བདག་གིས 	bstod tshogs ka_.txt	     གི ་ལམ་ལས  རབ་ཏུ  འདས་པ་ལ  །_།  བདག་གིས 
 གི  ཕྱིར 						གི 	ཕྱིར 	བརྗོད་པ་དང 	།_ 	དགོས་པ་དང 	།_ 	bstod tshogs ka_.txt	     གི  ཕྱིར  བརྗོད་པ་དང  །_  དགོས་པ་དང  །_ 
 གི  ངོ་བོ 						གི 	ངོ་བོ 	ཉིད 	བཤད་པ་ནི 	དགོས་པ་སྟེ 	།_ 	bstod tshogs ka_.txt	     གི  ངོ་བོ  ཉིད  བཤད་པ་ནི  དགོས་པ་སྟེ  །_ 
 གི  ངོ་བོ 						གི 	ངོ་བོ 	ཉིད 	བཤད་པ 	-འི 	ཕྱིར 	bstod tshogs ka_.txt	     གི  ངོ་བོ  ཉིད  བཤད་པ  -འི  ཕྱིར 
 གི  དོན 						གི 	དོན 	བརྗོད་པ 	-ར 	བྱ་སྟེ 	།_ 	bstod tshogs ka_.txt	     གི  དོན  བརྗོད་པ  -ར  བྱ་སྟེ  །_ 
 གི ས 						གི	ས 	སྣ་ཚོགས་པ 	-འི 	གཟུགས་སུ 	གྱུར་པ་དེ 	bstod tshogs ka_.txt	     གི ས  སྣ་ཚོགས་པ  -འི  གཟུགས་སུ  གྱུར་པ་དེ 
 གི  ཕྱིར 						གི 	ཕྱིར 	ཀུན་དུ 	རྟོག་པ 	མ་ལུས་པ་དང 	བྲལ་བ 	bstod tshogs ka_.txt	     གི  ཕྱིར  ཀུན་དུ  རྟོག་པ  མ་ལུས་པ་དང  བྲལ་བ 
 གི  ཕྱིར 						གི 	ཕྱིར 	ཆོས་ཀྱི 	དབྱིངས 	གཅིག་དང 	དུ་མ་དང 	bstod tshogs ka_.txt	     གི  ཕྱིར  ཆོས་ཀྱི  དབྱིངས  གཅིག་དང  དུ་མ་དང 
 གི  ངོ་བོ 						གི 	ངོ་བོ 	ཉིད་ལ 	མི 	འཕོ་བའོ 	།_། 	bstod tshogs ka_.txt	     གི  ངོ་བོ  ཉིད་ལ  མི  འཕོ་བའོ  །_། 
 གི ས 						གི	ས 	རིག་པ 	-ར 	གྱུར་པ་གཞོན 	ནུ་མ 	bstod tshogs ka_.txt	     གི ས  རིག་པ  -ར  གྱུར་པ་གཞོན  ནུ་མ 
 གི  འབྱོར་བ་ནི 						གི 	འབྱོར་བ་ནི 	ཁམས་གསུམ་པ 	ཐམས་ཅད་ཀྱི 	དབང་ཕྱུག 	ཆེན་པོ 	bstod tshogs ka_.txt	     གི  འབྱོར་བ་ནི  ཁམས་གསུམ་པ  ཐམས་ཅད་ཀྱི  དབང་ཕྱུག  ཆེན་པོ 
 གི  ཞེ་ན 						གི 	ཞེ་ན 	།_ 	བློ 	ཅན 	རྣམས་ཀྱི་སྟེ 	bstod tshogs ka_.txt	     གི  ཞེ་ན  །_  བློ  ཅན  རྣམས་ཀྱི་སྟེ 
 གི  བསམ་པ 						གི 	བསམ་པ 	-འི 	ཁྱད་པར་གྱི 	དབང་དུ 	མཛད་ནས 	bstod tshogs ka_.txt	     གི  བསམ་པ  -འི  ཁྱད་པར་གྱི  དབང་དུ  མཛད་ནས 
 གི  བྱང་ཆུབ 						གི 	བྱང་ཆུབ 	སེམས་དཔའ 	རྣམས་ལ 	རྣམ་པ 	སྣ་ཚོགས་པ 	bstod tshogs ka_.txt	     གི  བྱང་ཆུབ  སེམས་དཔའ  རྣམས་ལ  རྣམ་པ  སྣ་ཚོགས་པ 
 གི  ངོ་བོ 						གི 	ངོ་བོ 	ཉེ་བ 	-ར 	བསྟན་ནས 	།_ 	bstod tshogs ka_.txt	     གི  ངོ་བོ  ཉེ་བ  -ར  བསྟན་ནས  །_ 
 གི ས 						གི	ས 	དུས 	ལ་ལ 	དག་ཏུ 	མེ་དང 	bstod tshogs ka_.txt	     གི ས  དུས  ལ་ལ  དག་ཏུ  མེ་དང 
 གི  ཚལ་དུ 						གི 	ཚལ་དུ 	ཡོངས་སུ 	མྱ་ངན་ལས 	འདས་པ 	ཆེན་པོ 	bstod tshogs ka_.txt	     གི  ཚལ་དུ  ཡོངས་སུ  མྱ་ངན་ལས  འདས་པ  ཆེན་པོ 
 གི ས 						གི	ས 	བདག་ཉིད་ཀྱིས 	བསོད་ནམས་དང 	ཡེ་ཤེས་ཀྱི 	ཚོགས 	bstod tshogs ka_.txt	     གི ས  བདག་ཉིད་ཀྱིས  བསོད་ནམས་དང  ཡེ་ཤེས་ཀྱི  ཚོགས 
 གི  རྩེ་མོ 						གི 	རྩེ་མོ 	-ར 	གཤེགས་ཏེ 	།_ 	དཀྱིལ 	bstod tshogs ka_.txt	     གི  རྩེ་མོ  -ར  གཤེགས་ཏེ  །_  དཀྱིལ 
 གི ་ལམ་ལས 						གི	་ལམ་ལས 	རབ་ཏུ 	འདས་པ་ཞེས 	བྱ་བ་སྟེ 	།_ 	bstod tshogs ka_.txt	     གི ་ལམ་ལས  རབ་ཏུ  འདས་པ་ཞེས  བྱ་བ་སྟེ  །_ 
 གི ས 						གི	ས 	དགེ་བ 	བྱང་ཆུབ 	ས་བོན་ཞེས 	བྱ་བ་ནི 	bstod tshogs ka_.txt	     གི ས  དགེ་བ  བྱང་ཆུབ  ས་བོན་ཞེས  བྱ་བ་ནི 
 གི ས 						གི	ས 	འདི 	-ར་ནི 	ལོ་འདབ 	རྩེ 	bstod tshogs ka_.txt	     གི ས  འདི  -ར་ནི  ལོ་འདབ  རྩེ 
 གི ས 						གི	ས 	སྙིང་རྗེ 	མ 	བཏང་དེ་ཡིས 	ང་ལ 	bstod tshogs ka_.txt	     གི ས  སྙིང་རྗེ  མ  བཏང་དེ་ཡིས  ང་ལ 
 གི ས 						གི	ས 	སྙིང་རྗེ 	སེམས་ཅན་ལ་ནི 	རྗེས་སུ 	ཞུགས 	bstod tshogs ka_.txt	     གི ས  སྙིང་རྗེ  སེམས་ཅན་ལ་ནི  རྗེས་སུ  ཞུགས 
 གི ་ཕྱིར 						གི	་ཕྱིར 	།_། 	ང་ལ 	མི 	ལྟོས་པ 	bstod tshogs ka_.txt	     གི ་ཕྱིར  །_།  ང་ལ  མི  ལྟོས་པ 
 གི ས་ཡིད་ནི 						གི	ས་ཡིད་ནི 	མགུ་བ 	-ར 	བྱེད་པ 	མཆོད་པ 	bstod tshogs ka_.txt	     གི ས་ཡིད་ནི  མགུ་བ  -ར  བྱེད་པ  མཆོད་པ 
 གི  དོན་དུ 						གི 	དོན་དུ 	སྙིང་རྗེ་དེ་ལ 	འབད་པ 	-འི་ཡིད་ཀྱིས 	བཟོད་པ 	bstod tshogs ka_.txt	     གི  དོན་དུ  སྙིང་རྗེ་དེ་ལ  འབད་པ  -འི་ཡིད་ཀྱིས  བཟོད་པ 
 གི  དོན་དུ 						གི 	དོན་དུ 	དོན 	འདི་བསྒྲུབས 	།_། 	གལ་ཏེ 	bstod tshogs ka_.txt	     གི  དོན་དུ  དོན  འདི་བསྒྲུབས  །_།  གལ་ཏེ 
 གི  དོན་དུ 						གི 	དོན་དུ 	ཉེ་བ 	-ར་བསྒྲུབས 	།_། 	ཇི 	bstod tshogs ka_.txt	     གི  དོན་དུ  ཉེ་བ  -ར་བསྒྲུབས  །_།  ཇི 
 གི  ཡུལ 						གི 	ཡུལ 	ཀུན་ལས 	འདས་མ 	།_། 	གང 	bstod tshogs ka_.txt	     གི  ཡུལ  ཀུན་ལས  འདས་མ  །_།  གང 
 གི ས 						གི	ས 	དགེ་བ་གང 	བསགས་པ 	།_། 	དེ་ཡིས 	bstod tshogs ka_.txt	     གི ས  དགེ་བ་གང  བསགས་པ  །_།  དེ་ཡིས 
 གི ས 						གི	ས 	བསྟན་པ་མཛད 	།_། 	རྐྱེན 	རྣམས་ལས་ནི 	bstod tshogs ka_.txt	     གི ས  བསྟན་པ་མཛད  །_།  རྐྱེན  རྣམས་ལས་ནི 
 གི  རང་བཞིན 						གི 	རང་བཞིན 	མེད་ན་མིན 	།_། 	གང 	ཚེ 	bstod tshogs ka_.txt	     གི  རང་བཞིན  མེད་ན་མིན  །_།  གང  ཚེ 
 གི ས་ཅི་ཞིག 						གི	ས་ཅི་ཞིག 	མ 	རྟོགས་པ 	།_། 	ཡང 	bstod tshogs ka_.txt	     གི ས་ཅི་ཞིག  མ  རྟོགས་པ  །_།  ཡང 
 གི ས་ཀྱང་གང 						གི	ས་ཀྱང་གང 	མ་བཀྲོལ 	།_། 	ཐུབ་ཆེན་གང 	ཕྱིར 	bstod tshogs ka_.txt	     གི ས་ཀྱང་གང  མ་བཀྲོལ  །_།  ཐུབ་ཆེན་གང  ཕྱིར 
 གི ས 						གི	ས 	མ 	བཀྲོལ་ཞེས 	།_། 	དེ 	bstod tshogs ka_.txt	     གི ས  མ  བཀྲོལ་ཞེས  །_།  དེ 
 གི ས 						གི	ས 	སྟོང་པ 	-ར 	རྣམ་རྟོག་པའི 	།_། 	bstod tshogs ka_.txt	     གི ས  སྟོང་པ  -ར  རྣམ་རྟོག་པའི  །_། 
 གི ས 						གི	ས 	གསལ 	བསྟན་ནས 	།_། 	ལྟ་བ 	bstod tshogs ka_.txt	     གི ས  གསལ  བསྟན་ནས  །_།  ལྟ་བ 
 གི ས 						གི	ས 	རང 	ཕྱིན་ཏེ 	།_། 	བསོད 	bstod tshogs ka_.txt	     གི ས  རང  ཕྱིན་ཏེ  །_།  བསོད 
 གི ས 						གི	ས 	བསོད་ནམས་གང 	ཐོབ་དེས 	།_། 	འགྲོ་བ 	bstod tshogs ka_.txt	     གི ས  བསོད་ནམས་གང  ཐོབ་དེས  །_།  འགྲོ་བ 
 གི ས 						གི	ས 	བསྟོད 	འདས 	བསྟོད་པ 	-ར་བགྱི 	bstod tshogs ka_.txt	     གི ས  བསྟོད  འདས  བསྟོད་པ  -ར་བགྱི 
 གི ་ཡང 						གི	་ཡང 	སྐྱེ་ལ་སོགས 	།_། 	གསུམ་པ 	ཐ 	bstod tshogs ka_.txt	     གི ་ཡང  སྐྱེ་ལ་སོགས  །_།  གསུམ་པ  ཐ 
 གི ས་ནི 						གི	ས་ནི 	དེ་ལྟར་རྟོགས 	།_། 	དེ 	དག 	bstod tshogs ka_.txt	     གི ས་ནི  དེ་ལྟར་རྟོགས  །_།  དེ  དག 
 གི ས 						གི	ས 	རྣམ་ཤེས་པ 	།_། 	དེ 	ཚེ་དེ་ལ་ཇི 	bstod tshogs ka_.txt	     གི ས  རྣམ་ཤེས་པ  །_།  དེ  ཚེ་དེ་ལ་ཇི 
 གི ས 						གི	ས 	བསོད་ནམས 	གང་ཡིན་དེས 	།_། 	འཇིག 	bstod tshogs ka_.txt	     གི ས  བསོད་ནམས  གང་ཡིན་དེས  །_།  འཇིག 
 གི ས 						གི	ས 	ཚུ་རོལ 	ཕ་རོལ་སྤངས 	།_། 	ཤེས 	bstod tshogs ka_.txt	     གི ས  ཚུ་རོལ  ཕ་རོལ་སྤངས  །_།  ཤེས 
 གི  ངོ་བོ་མཆོག 						གི 	ངོ་བོ་མཆོག 	_། 	ཡེ 	ཤེས 	རྫུ་འཕྲུལ 	bstod tshogs ka_.txt	     གི  ངོ་བོ་མཆོག  _།  ཡེ  ཤེས  རྫུ་འཕྲུལ 
 གི ས 						གི	ས 	སྲིན་བུ 	-འི 	སྟོབས་ཀྱིས་ནི 	།_། 	bstod tshogs ka_.txt	     གི ས  སྲིན་བུ  -འི  སྟོབས་ཀྱིས་ནི  །_། 
 གི ས 						གི	ས 	སྣང་བ 	-ས 	མུན་བསལ་བ 	།_། 	bstod tshogs ka_.txt	     གི ས  སྣང་བ  -ས  མུན་བསལ་བ  །_། 
 གི ས་ལམ 						གི	ས་ལམ 	གཟིགས་ལམ 	མཁྱེན་པ 	།_། 	བླ 	bstod tshogs ka_.txt	     གི ས་ལམ  གཟིགས་ལམ  མཁྱེན་པ  །_།  བླ 
 གི ས་ནི 						གི	ས་ནི 	ཆ་ཤས་དང 	།_། 	དོན 	སྟོང 	bstod tshogs ka_.txt	     གི ས་ནི  ཆ་ཤས་དང  །_།  དོན  སྟོང 
 གི ས 						གི	ས 	གུས་པ 	-ས 	བླ་མ་བསྟོད 	།_། 	bstod tshogs ka_.txt	     གི ས  གུས་པ  -ས  བླ་མ་བསྟོད  །_། 
 གི  །_། 						གི 	།_། 	གཞན་དུ 	ཁྱོད་ལ 	ཇི་ལྟར་བསྟོད 	།_། 	bstod tshogs ka_.txt	     གི  །_།  གཞན་དུ  ཁྱོད་ལ  ཇི་ལྟར་བསྟོད  །_། 
 གི ་པདྨ 						གི	་པདྨ 	རིང་དུ 	རྟག 	རྐྱོང་ཡང 	།_། 	bstod tshogs ka_.txt	     གི ་པདྨ  རིང་དུ  རྟག  རྐྱོང་ཡང  །_། 
 གི  དམན་པ 						གི 	དམན་པ 	ཅི་ཕྱིར 	གསན 	མ་གྱུར 	།_། 	bstod tshogs ka_.txt	     གི  དམན་པ  ཅི་ཕྱིར  གསན  མ་གྱུར  །_། 
 གི ས 						གི	ས 	ཕུན་ཚོགས 	ཟད 	གྱུར་ཅེས 	།_། 	bstod tshogs ka_.txt	     གི ས  ཕུན་ཚོགས  ཟད  གྱུར་ཅེས  །_། 
 གི ས 						གི	ས 	གཞན་སུ་ལ 	།_། 	སྐྱབས་སུ 	མཆི་བ 	bstod tshogs ka_.txt	     གི ས  གཞན་སུ་ལ  །_།  སྐྱབས་སུ  མཆི་བ 
 གི ་ཕྱོགས 						གི	་ཕྱོགས 	།_། 	རྣམ་པ 	ཀུན་དུ 	ཕྱི་བཤོལ 	bstod tshogs ka_.txt	     གི ་ཕྱོགས  །_།  རྣམ་པ  ཀུན་དུ  ཕྱི་བཤོལ 
 གི ས་དགེ 						གི	ས་དགེ 	བསགས་པ 	།_། 	གང་ཡིན 	དེ 	bstod tshogs ka_.txt	     གི ས་དགེ  བསགས་པ  །_།  གང་ཡིན  དེ 
 གི ་ཚལ 						གི	་ཚལ 	།_། 	མཆོད 	རྟེན 	མྱ་ངན 	bstod tshogs ka_.txt	     གི ་ཚལ  །_།  མཆོད  རྟེན  མྱ་ངན 
 གི  རྒྱུད་ལ་གང 						གི 	རྒྱུད་ལ་གང 	བསགས་པ 	།_། 	དེས་ནི 	སེམས་ཅན 	bstod tshogs ka_.txt	     གི  རྒྱུད་ལ་གང  བསགས་པ  །_།  དེས་ནི  སེམས་ཅན 
 གི  སོར་མོ 						གི 	སོར་མོ 	-འི 	སྟོབས་ཀྱིས 	བཏུལ་ནས་ཀྱང 	_།_། 	bstod tshogs ka_.txt	     གི  སོར་མོ  -འི  སྟོབས་ཀྱིས  བཏུལ་ནས་ཀྱང  _།_། 
 གི ས 						གི	ས 	དང་པོ 	-ར 	བྱང་ཆུབ 	ཐུགས་བསྐྱེད་ནས 	bstod tshogs ka_.txt	     གི ས  དང་པོ  -ར  བྱང་ཆུབ  ཐུགས་བསྐྱེད་ནས 
 གི ས 						གི	ས 	བསྟོད་པ 	-ར་བགྱི 	།_། 	ལྷ 	bstod tshogs ka_.txt	     གི ས  བསྟོད་པ  -ར་བགྱི  །_།  ལྷ 
 གི  ཡུལ་དུ 						གི 	ཡུལ་དུ 	བདུད 	རྣམས་བཏུལ 	།_། 	ཐུབ་པ 	bstod tshogs ka_.txt	     གི  ཡུལ་དུ  བདུད  རྣམས་བཏུལ  །_།  ཐུབ་པ 
 གི  ས་གཞི 						གི 	ས་གཞི 	གཙང་མ་རུ 	།_། 	འཆི 	མེད 	bstod tshogs ka_.txt	     གི  ས་གཞི  གཙང་མ་རུ  །_།  འཆི  མེད 
 གི ས 						གི	ས 	སྟོབས་ནི 	བརྒྱན 	གྱུར་པ 	།_། 	bstod tshogs ka_.txt	     གི ས  སྟོབས་ནི  བརྒྱན  གྱུར་པ  །_། 
 གི ས 						གི	ས 	རྒྱལ་བ 	བསྟོད་པ་ལས 	།_། 	བསོད 	bstod tshogs ka_.txt	     གི ས  རྒྱལ་བ  བསྟོད་པ་ལས  །_།  བསོད 
 གི ས་གང 						གི	ས་གང 	བསགས་པ 	།_། 	དེས་ནི 	སེམས་ཅན 	bstod tshogs ka_.txt	     གི ས་གང  བསགས་པ  །_།  དེས་ནི  སེམས་ཅན 
 གི ས་འཁུམས 						གི	ས་འཁུམས 	།_། 	དེ 	བཞིན 	གཤེགས 	bstod tshogs ka_.txt	     གི ས་འཁུམས  །_།  དེ  བཞིན  གཤེགས 
 གི ས་ཀྱང་ནི 						གི	ས་ཀྱང་ནི 	རྒལ 	དཀའ 	-ར་འཁུམས 	།_། 	bstod tshogs ka_.txt	     གི ས་ཀྱང་ནི  རྒལ  དཀའ  -ར་འཁུམས  །_། 
 གི ས 						གི	ས 	མཆོད་རྟེན 	འཇིག་པ 	-ར་བགྱིས 	།_། 	bstod tshogs ka_.txt	     གི ས  མཆོད་རྟེན  འཇིག་པ  -ར་བགྱིས  །_། 
 གི ས 						གི	ས 	སེམས་ཅན 	འཚེ་བ 	-ར་བགྱིས 	།_། 	bstod tshogs ka_.txt	     གི ས  སེམས་ཅན  འཚེ་བ  -ར་བགྱིས  །_། 
 གི ས 						གི	ས 	བཏབ་ནས 	འཕྱན་པ་བཞིན 	།_། 	དེ 	bstod tshogs ka_.txt	     གི ས  བཏབ་ནས  འཕྱན་པ་བཞིན  །_།  དེ 
 གི ས་ལམ 						གི	ས་ལམ 	མ་མཐོང 	།_། 	དེ 	བཞིན 	bstod tshogs ka_.txt	     གི ས་ལམ  མ་མཐོང  །_།  དེ  བཞིན 
 གི  བསྟན་ལ 						གི 	བསྟན་ལ 	གནས་པ་དང 	།_། 	གང 	བསྟོད་གང་ལ 	bstod tshogs ka_.txt	     གི  བསྟན་ལ  གནས་པ་དང  །_།  གང  བསྟོད་གང་ལ 
 གི  ཉེས་པ 						གི 	ཉེས་པ 	ཟད 	གྱུར་པ 	།_། 	གཞན 	bstod tshogs ka_.txt	     གི  ཉེས་པ  ཟད  གྱུར་པ  །_།  གཞན 
 གི ་མིན 						གི	་མིན 	།_། 	གལ་ཏེ 	སེམས་ཤིག 	ཡོད་ན་ནི 	bstod tshogs ka_.txt	     གི ་མིན  །_།  གལ་ཏེ  སེམས་ཤིག  ཡོད་ན་ནི 
 གི  ཉེས 						གི 	ཉེས 	བཅོམ་པ 	།_། 	འཚོ་བ 	རང་དོན 	bstod tshogs ka_.txt	     གི  ཉེས  བཅོམ་པ  །_།  འཚོ་བ  རང་དོན 
 གི ས་ཀྱང 						གི	ས་ཀྱང 	།_། 	ཆོས་དང 	ལྡན་པ 	-ར 	bstod tshogs ka_.txt	     གི ས་ཀྱང  །_།  ཆོས་དང  ལྡན་པ  -ར 
 གི ས 						གི	ས 	ཐོབ་ནས་ནི 	།_། 	མང་དུ 	བཅད་པ 	bstod tshogs ka_.txt	     གི ས  ཐོབ་ནས་ནི  །_།  མང་དུ  བཅད་པ 
 གི  ལྕེ 						གི 	ལྕེ 	འདི་ཉིད་ཀྱིས་གོ 	།_། 	སྙིང་པོ 	ཅི་ཕྱིར 	bstod tshogs ka_.txt	     གི  ལྕེ  འདི་ཉིད་ཀྱིས་གོ  །_།  སྙིང་པོ  ཅི་ཕྱིར 
 གི  དོན་ལ 						གི 	དོན་ལ 	གུས་པ་ཡིས 	།_། 	དེ་ཡི 	ཕྱོགས 	bstod tshogs ka_.txt	     གི  དོན་ལ  གུས་པ་ཡིས  །_།  དེ་ཡི  ཕྱོགས 
 གི  ཡོན་ཏན་གྲངས 						གི 	ཡོན་ཏན་གྲངས 	དག་དང 	།_། 	མཐུ་ལ 	ཐུག་པ 	bstod tshogs ka_.txt	     གི  ཡོན་ཏན་གྲངས  དག་དང  །_།  མཐུ་ལ  ཐུག་པ 
 གི  བདེ་བ 						གི 	བདེ་བ 	-ས 	གཞན་དབང་ཕྱིར 	།_། 	དེ 	bstod tshogs ka_.txt	     གི  བདེ་བ  -ས  གཞན་དབང་ཕྱིར  །_།  དེ 
 གི ་བདེ 						གི	་བདེ 	ཕྱིར 	རབ་ཏུ་འཇུག 	_། 	ཁྱོད་ནི 	bstod tshogs ka_.txt	     གི ་བདེ  ཕྱིར  རབ་ཏུ་འཇུག  _།  ཁྱོད་ནི 
 གི ས 						གི	ས 	།_། 	ལུས 	ཅན 	གཤེད་མ 	bstod tshogs ka_.txt	     གི ས  །_།  ལུས  ཅན  གཤེད་མ 
 གི ས 						གི	ས 	།_། 	ཁྱོད་ཀྱིས 	ཚུལ་ཁྲིམས 	གོམས་པ 	bstod tshogs ka_.txt	     གི ས  །_།  ཁྱོད་ཀྱིས  ཚུལ་ཁྲིམས  གོམས་པ 
 གི ས 						གི	ས 	མཆོད 	བྱ་ཡང 	།_། 	མ 	bstod tshogs ka_.txt	     གི ས  མཆོད  བྱ་ཡང  །_།  མ 
 གི ་དེ་ནི 						གི	་དེ་ནི 	ངོ་མཚར་དགོངས 	།_། 	ཁྱོད་ནི 	ལན་འགའ 	bstod tshogs ka_.txt	     གི ་དེ་ནི  ངོ་མཚར་དགོངས  །_།  ཁྱོད་ནི  ལན་འགའ 
 གི  ཤེས་རབ་ཀྱིས་ནི་བསལ 						གི 	ཤེས་རབ་ཀྱིས་ནི་བསལ 	།_། 	ཐུགས་ནི 	ཐུགས་རྗེ 	ཆེན་པོ་དང 	bstod tshogs ka_.txt	     གི  ཤེས་རབ་ཀྱིས་ནི་བསལ  །_།  ཐུགས་ནི  ཐུགས་རྗེ  ཆེན་པོ་དང 
 གི ས 						གི	ས 	།_། 	ཚིགས་སུ 	བཅད་པ 	-འི 	bstod tshogs ka_.txt	     གི ས  །_།  ཚིགས་སུ  བཅད་པ  -འི 
 གི ས 						གི	ས 	མཇལ་བ་ན 	།_། 	སྐྱེ་བ་དེ་དང 	དེ་དག་ཏུ 	bstod tshogs ka_.txt	     གི ས  མཇལ་བ་ན  །_།  སྐྱེ་བ་དེ་དང  དེ་དག་ཏུ 
 གི  རྒྱུད་ལ་དེ 						གི 	རྒྱུད་ལ་དེ 	།_། 	བག 	ཆགས 	ལྷག་མ 	bstod tshogs ka_.txt	     གི  རྒྱུད་ལ་དེ  །_།  བག  ཆགས  ལྷག་མ 
 གི  ཡོན་ཏན 						གི 	ཡོན་ཏན 	དམན་པ 	-འི་ཕྱིར 	།_། 	གཞན 	bstod tshogs ka_.txt	     གི  ཡོན་ཏན  དམན་པ  -འི་ཕྱིར  །_།  གཞན 
 གི ས 						གི	ས 	སྐྱོན་མིན 	།_། 	ཁྱོད་ཀྱི 	བཀའ་ནི 	bstod tshogs ka_.txt	     གི ས  སྐྱོན་མིན  །_།  ཁྱོད་ཀྱི  བཀའ་ནི 
 གི ས་ནི 						གི	ས་ནི 	མཇལ་བ 	-ར་ནུས 	།_། 	ཆོས 	bstod tshogs ka_.txt	     གི ས་ནི  མཇལ་བ  -ར་ནུས  །_།  ཆོས 
 གི ་ནི 						གི	་ནི 	དབྱེ་བ 	-ར་བརྗོད 	།_། 	ཐུབ་པ 	bstod tshogs ka_.txt	     གི ་ནི  དབྱེ་བ  -ར་བརྗོད  །_།  ཐུབ་པ 
 གི  ཆོས་ཉིད 						གི 	ཆོས་ཉིད 	རྗེས 	བསམས་ནས 	།_། 	ཆེན་པོ 	bstod tshogs ka_.txt	     གི  ཆོས་ཉིད  རྗེས  བསམས་ནས  །_།  ཆེན་པོ 
 གི ས 						གི	ས 	རྒྱལ་བ 	-ར 	བྱ་བ 	-འི་རིགས 	bstod tshogs ka_.txt	     གི ས  རྒྱལ་བ  -ར  བྱ་བ  -འི་རིགས 
 གི  དེ་ལྟར 						གི 	དེ་ལྟར 	བསམ 	མིན་ཡང 	།_། 	ལྷག 	bstod tshogs ka_.txt	     གི  དེ་ལྟར  བསམ  མིན་ཡང  །_།  ལྷག 
 གི  _། 						གི 	_། 	མྱ་ངན 	དགའ 	སོགས 	གནས་སྐབས་ནི 	bstod tshogs ka_.txt	     གི  _།  མྱ་ངན  དགའ  སོགས  གནས་སྐབས་ནི 
 གི ས 						གི	ས 	ཁྱོད་ཀྱི 	སྐུ 	མཐོང་བས 	།_། 	bstod tshogs ka_.txt	     གི ས  ཁྱོད་ཀྱི  སྐུ  མཐོང་བས  །_། 
 གི ས་ནི 						གི	ས་ནི 	།_། 	ལན 	བརྒྱ 	མཐོང་དང 	bstod tshogs ka_.txt	     གི ས་ནི  །_།  ལན  བརྒྱ  མཐོང་དང 
 གི ས 						གི	ས 	།_། 	དང་པོ 	-ར 	མཐོང་བ་དེ་གཉིས་ཀ 	bstod tshogs ka_.txt	     གི ས  །_།  དང་པོ  -ར  མཐོང་བ་དེ་གཉིས་ཀ 
 གི  འབད་པ 						གི 	འབད་པ 	མེད་པ 	-ར་འཕྲུལ 	།_། 	རྟེན་གྱི 	bstod tshogs ka_.txt	     གི  འབད་པ  མེད་པ  -ར་འཕྲུལ  །_།  རྟེན་གྱི 
 གི ་ནི 						གི	་ནི 	སྡུག་བསྔལ་ཡང 	།_། 	འགྲོ་བ 	འདི་དག 	bstod tshogs ka_.txt	     གི ་ནི  སྡུག་བསྔལ་ཡང  །_།  འགྲོ་བ  འདི་དག 
 གི ས 						གི	ས 	འཁོར་བ 	-ར་ཁྱོད 	།_། 	སྐྱོན 	bstod tshogs ka_.txt	     གི ས  འཁོར་བ  -ར་ཁྱོད  །_།  སྐྱོན 
 གི ་མཐར 						གི	་མཐར 	།_། 	གདུལ 	བ 	-འི 	bstod tshogs ka_.txt	     གི ་མཐར  །_།  གདུལ  བ  -འི 
 གི  _། 						གི 	_། 	ཉིད་ཀྱི 	དོན་ལ 	བརྩེ 	མེད་པས 	bstod tshogs ka_.txt	     གི  _།  ཉིད་ཀྱི  དོན་ལ  བརྩེ  མེད་པས 
 གི  སྨྲ་བ 						གི 	སྨྲ་བ 	-ར 	བྱེད་པ 	-ར་ནུས 	།_། 	bstod tshogs ka_.txt	     གི  སྨྲ་བ  -ར  བྱེད་པ  -ར་ནུས  །_། 
བདག  གི  -ར 	བསྟན་པ་ཡིས 	།_། 	དེ 	བཞིན་ལས 	བདག 	གི 	-ར 	བྱ་བ 	།_། 	བདག 	མེད་པ་གང 	bstod tshogs ka_.txt	བསྟན་པ་ཡིས  །_།  དེ  བཞིན་ལས  བདག  གི  -ར  བྱ་བ  །_།  བདག  མེད་པ་གང 
 གི ས 						གི	ས 	ཤེས་རབ་ནི 	།_། 	སྒོམ་པ 	-འི 	bstod tshogs ka_.txt	     གི ས  ཤེས་རབ་ནི  །_།  སྒོམ་པ  -འི 
 གི ས 						གི	ས 	བསྟོད་པ 	-ར 	ནུས 	མ་ཡིན 	bstod tshogs ka_.txt	     གི ས  བསྟོད་པ  -ར  ནུས  མ་ཡིན 
 གི ས 						གི	ས 	ཁྱོད་ཀྱང 	འདོད་ཆུང་བའི 	།_། 	རབ་ཏུ 	bstod tshogs ka_.txt	     གི ས  ཁྱོད་ཀྱང  འདོད་ཆུང་བའི  །_།  རབ་ཏུ 
 གི ས 						གི	ས 	།_། 	དམྱལ་བ་ཡི་ཡང་ལས 	རྣམས་ལའང 	།_། 	bstod tshogs ka_.txt	     གི ས  །_།  དམྱལ་བ་ཡི་ཡང་ལས  རྣམས་ལའང  །_། 
 གི ས་ནི 						གི	ས་ནི 	འཚེ་བ 	-ར་འགྱུར 	།_། 	འཆི 	bstod tshogs ka_.txt	     གི ས་ནི  འཚེ་བ  -ར་འགྱུར  །_།  འཆི 
 གི  དོན་ནི 						གི 	དོན་ནི 	བསམས་པ་དང 	།_། 	བསྒོམས་དང 	གུས་པ 	bstod tshogs ka_.txt	     གི  དོན་ནི  བསམས་པ་དང  །_།  བསྒོམས་དང  གུས་པ 
 གི ས 						གི	ས 	ཁྱོད 	མཐོང 	ཙམ་གྱིས 	།_། 	bstod tshogs ka_.txt	     གི ས  ཁྱོད  མཐོང  ཙམ་གྱིས  །_། 
 གི ་ནི 						གི	་ནི 	སྡུག་བསྔལ་ཡང 	།_། 	ཉེ 	བར 	bstod tshogs ka_.txt	     གི ་ནི  སྡུག་བསྔལ་ཡང  །_།  ཉེ  བར 
 གི  ཆོག་ཤེས 						གི 	ཆོག་ཤེས 	སྤངས་པ 	-འི་ཕྱིར 	།_། 	ཁྱོད་ནི 	bstod tshogs ka_.txt	     གི  ཆོག་ཤེས  སྤངས་པ  -འི་ཕྱིར  །_།  ཁྱོད་ནི 
 གི ས་ནི 						གི	ས་ནི 	།_། 	ལུས 	ཙམ་ལ་ནི 	ཕན 	bstod tshogs ka_.txt	     གི ས་ནི  །_།  ལུས  ཙམ་ལ་ནི  ཕན 
 གི  དོན་ལ 						གི 	དོན་ལ 	མི 	ལྟ་བས 	།_། 	ཉིད་ཀྱི 	bstod tshogs ka_.txt	     གི  དོན་ལ  མི  ལྟ་བས  །_།  ཉིད་ཀྱི 
 གི  བདུད་རྩི་ཡིས 						གི 	བདུད་རྩི་ཡིས 	།_། 	གཞན 	རྣམས་ལ་ནི 	ཕན་པ་མཛད 	bstod tshogs ka_.txt	     གི  བདུད་རྩི་ཡིས  །_།  གཞན  རྣམས་ལ་ནི  ཕན་པ་མཛད 
 གི ས 						གི	ས 	གདུངས་དང 	།_། 	དེ 	བཞིན 	bstod tshogs ka_.txt	     གི ས  གདུངས་དང  །_།  དེ  བཞིན 
 གི ས 						གི	ས 	།_། 	ཁྱོད་ནི 	ཕྱག 	འཚལ 	bstod tshogs ka_.txt	     གི ས  །_།  ཁྱོད་ནི  ཕྱག  འཚལ 
 གི ས་ནི 						གི	ས་ནི 	འཕེལ 	མཛད་པ 	།_། 	སྨན་པ 	bstod tshogs ka_.txt	     གི ས་ནི  འཕེལ  མཛད་པ  །_།  སྨན་པ 
 གི ས 						གི	ས 	ལུས 	ཙམ་ནི 	།_། 	ཤིན་ཏུ 	bstod tshogs ka_.txt	     གི ས  ལུས  ཙམ་ནི  །_།  ཤིན་ཏུ 
 གི ས 						གི	ས 	།_། 	སེམས་ལ 	སྤྲོ་བ 	བསྐྱེད་ནས་ནི 	bstod tshogs ka_.txt	     གི ས  །_།  སེམས་ལ  སྤྲོ་བ  བསྐྱེད་ནས་ནི 
 གི ས 						གི	ས 	སེམས་ནི 	འགུག 	མི་འགྱུར 	།_། 	bstod tshogs ka_.txt	     གི ས  སེམས་ནི  འགུག  མི་འགྱུར  །_། 
 གི ས་སོ་སོ 						གི	ས་སོ་སོ 	-འི 	སྐད 	བཞིན་དུ 	།_། 	bstod tshogs ka_.txt	     གི ས་སོ་སོ  -འི  སྐད  བཞིན་དུ  །_། 
 གི ས 						གི	ས 	།_། 	ཁྱོད་ཀྱིས 	འགྲོ་བ 	-འི 	bstod tshogs ka_.txt	     གི ས  །_།  ཁྱོད་ཀྱིས  འགྲོ་བ  -འི 
 གི  ཁྱོད 						གི 	ཁྱོད 	དྲིན་ལན 	ལོན་པའི 	།_། 	སྒྲུབ་དེ 	bstod tshogs ka_.txt	     གི  ཁྱོད  དྲིན་ལན  ལོན་པའི  །_།  སྒྲུབ་དེ 
 གི ས་ཀྱང 						གི	ས་ཀྱང 	ལན 	མ་ལོན 	།_། 	རང 	bstod tshogs ka_.txt	     གི ས་ཀྱང  ལན  མ་ལོན  །_།  རང 
 གི ས 						གི	ས 	རྨད་བྱུང་གསུངས 	།_། 	ཐོག 	མར 	bstod tshogs ka_.txt	     གི ས  རྨད་བྱུང་གསུངས  །_།  ཐོག  མར 
 གི  ཞོ་ཤ 						གི 	ཞོ་ཤ 	བས 	འཚལ་བས 	།_། 	དེས་ན 	bstod tshogs ka_.txt	     གི  ཞོ་ཤ  བས  འཚལ་བས  །_།  དེས་ན 
 གི  ངོ་བོ་ཉིད 						གི 	ངོ་བོ་ཉིད 	།_། 	ཚད 	མ 	མཆིས་ལ 	bstod tshogs ka_.txt	     གི  ངོ་བོ་ཉིད  །_།  ཚད  མ  མཆིས་ལ 
 གི ས 						གི	ས 	ཐུབ་ལ 	དད་པ 	-ས་སྤོབས 	སྐྱེས་པའི 	bstod tshogs ka_.txt	     གི ས  ཐུབ་ལ  དད་པ  -ས་སྤོབས  སྐྱེས་པའི 
 གི  ཞལ་སྔ་ནས 						གི 	ཞལ་སྔ་ནས 	མཛད་པ 	རྫོགས་སོ 	།།_།། 	རྒྱ 	bstod tshogs ka_.txt	     གི  ཞལ་སྔ་ནས  མཛད་པ  རྫོགས་སོ  །།_།།  རྒྱ 
 གི ས 						གི	ས 	།_། 	བྱང 	ཆུབ 	སེམས་ནི 	bstod tshogs ka_.txt	     གི ས  །_།  བྱང  ཆུབ  སེམས་ནི 
 གི ས་ནི 						གི	ས་ནི 	སྦྱིན་པ 	-འི 	ཕ་རོལ་ཏུ 	ཕྱིན་པ 	bstod tshogs ka_.txt	     གི ས་ནི  སྦྱིན་པ  -འི  ཕ་རོལ་ཏུ  ཕྱིན་པ 
 གི ས་ནི 						གི	ས་ནི 	ཚུལ་ཁྲིམས་ཀྱི 	ཕ་རོལ་ཏུ 	ཕྱིན་པ 	བསྟན་ཏོ 	bstod tshogs ka_.txt	     གི ས་ནི  ཚུལ་ཁྲིམས་ཀྱི  ཕ་རོལ་ཏུ  ཕྱིན་པ  བསྟན་ཏོ 
 གི ས་ནི 						གི	ས་ནི 	མི་མཐུན་པ 	-འི 	ཕྱོགས 	སྤངས་པ 	bstod tshogs ka_.txt	     གི ས་ནི  མི་མཐུན་པ  -འི  ཕྱོགས  སྤངས་པ 
 གི ས་ནི 						གི	ས་ནི 	བརྩོན་འགྲུས་ཀྱི 	ཕ་རོལ་ཏུ 	ཕྱིན་པ 	བསྟན་ཏོ 	bstod tshogs ka_.txt	     གི ས་ནི  བརྩོན་འགྲུས་ཀྱི  ཕ་རོལ་ཏུ  ཕྱིན་པ  བསྟན་ཏོ 
 གི ས་ནི 						གི	ས་ནི 	མི་མཐུན་པ 	-འི 	ཕྱོགས 	སྤངས་པ 	bstod tshogs ka_.txt	     གི ས་ནི  མི་མཐུན་པ  -འི  ཕྱོགས  སྤངས་པ 
 གི ས་ནི 						གི	ས་ནི 	མི་མཐུན་པ 	-འི 	ཕྱོགས 	སྤངས་པ 	bstod tshogs ka_.txt	     གི ས་ནི  མི་མཐུན་པ  -འི  ཕྱོགས  སྤངས་པ 
 གི ས་ནི 						གི	ས་ནི 	ཕུན 	སུམ 	ཚོགས་པ 	རྫོགས་པ 	bstod tshogs ka_.txt	     གི ས་ནི  ཕུན  སུམ  ཚོགས་པ  རྫོགས་པ 
 གི ས་ནི 						གི	ས་ནི 	སྟོབས་ཀྱི 	ཕ་རོལ་ཏུ 	ཕྱིན་པ 	བསྟན་ཏོ 	bstod tshogs ka_.txt	     གི ས་ནི  སྟོབས་ཀྱི  ཕ་རོལ་ཏུ  ཕྱིན་པ  བསྟན་ཏོ 
 གི ས 						གི	ས 	སྨ 	-ས 	ཚེ་ཞེས 	བྱ་བ 	bstod tshogs ka_.txt	     གི ས  སྨ  -ས  ཚེ་ཞེས  བྱ་བ 
 གི ས་ནི 						གི	ས་ནི 	ཡེ་ཤེས་ཀྱི 	ཕ་རོལ་ཏུ 	ཕྱིན་པ 	བསྟན་ཏོ 	bstod tshogs ka_.txt	     གི ས་ནི  ཡེ་ཤེས་ཀྱི  ཕ་རོལ་ཏུ  ཕྱིན་པ  བསྟན་ཏོ 
 གི ས་ནི 						གི	ས་ནི 	བསམ་པ 	ཕུན 	སུམ 	ཚོགས་པ 	bstod tshogs ka_.txt	     གི ས་ནི  བསམ་པ  ཕུན  སུམ  ཚོགས་པ 
 གི ས་ནི 						གི	ས་ནི 	སྦྱོར་བ 	ཕུན 	སུམ 	ཚོགས་པའོ 	bstod tshogs ka_.txt	     གི ས་ནི  སྦྱོར་བ  ཕུན  སུམ  ཚོགས་པའོ 
 གི ས་ནི 						གི	ས་ནི 	ལེན་པ་པོ 	ཕུན 	སུམ 	ཚོགས་པའོ 	bstod tshogs ka_.txt	     གི ས་ནི  ལེན་པ་པོ  ཕུན  སུམ  ཚོགས་པའོ 
 གི ས་ནི 						གི	ས་ནི 	སྦྱིན་པ 	-ར 	བྱ་བ 	ཕུན 	bstod tshogs ka_.txt	     གི ས་ནི  སྦྱིན་པ  -ར  བྱ་བ  ཕུན 
 གི ས་ནི 						གི	ས་ནི 	རང་བཞིན 	ཡོངས་སུ 	དག་པ 	-འི 	bstod tshogs ka_.txt	     གི ས་ནི  རང་བཞིན  ཡོངས་སུ  དག་པ  -འི 
 གི ས་ནི 						གི	ས་ནི 	རྣམ་པ 	-ར 	རྟོག་པ་དང 	བྲལ་བ 	bstod tshogs ka_.txt	     གི ས་ནི  རྣམ་པ  -ར  རྟོག་པ་དང  བྲལ་བ 
 གི ས་ནི 						གི	ས་ནི 	ཐབས་ཀྱིས 	རྒྱས་པ 	-འི 	བརྩོན་འགྲུས་ཀྱི 	bstod tshogs ka_.txt	     གི ས་ནི  ཐབས་ཀྱིས  རྒྱས་པ  -འི  བརྩོན་འགྲུས་ཀྱི 
 གི ས་ནི 						གི	ས་ནི 	སྐྱེ་བ 	-ས 	སྟོང་པ 	-འི 	bstod tshogs ka_.txt	     གི ས་ནི  སྐྱེ་བ  -ས  སྟོང་པ  -འི 
 གི ས་ནི 						གི	ས་ནི 	ཐབས 	དང་བཅས་པ 	-འི 	བརྩོན་པ 	bstod tshogs ka_.txt	     གི ས་ནི  ཐབས  དང་བཅས་པ  -འི  བརྩོན་པ 
 གི ས 						གི	ས 	ས 	ཐོབ་པ 	རྣམས་ཀྱི 	ཕ་རོལ་ཏུ 	bstod tshogs ka_.txt	     གི ས  ས  ཐོབ་པ  རྣམས་ཀྱི  ཕ་རོལ་ཏུ 
 གི ས་ནི 						གི	ས་ནི 	ཉོན་མོངས་པ་ལ 	མངའ་དབང 	མཛད་པ 	བསྟན་ཏོ 	bstod tshogs ka_.txt	     གི ས་ནི  ཉོན་མོངས་པ་ལ  མངའ་དབང  མཛད་པ  བསྟན་ཏོ 
 གི ས་ནི 						གི	ས་ནི 	དེ 	-འི 	དགོས་པའོ 	།_། 	bstod tshogs ka_.txt	     གི ས་ནི  དེ  -འི  དགོས་པའོ  །_། 
 གི ས་ནི 						གི	ས་ནི 	སྐྱེ་བ་ལ 	མངའ་དབང 	མཛད་པའོ 	།_། 	bstod tshogs ka_.txt	     གི ས་ནི  སྐྱེ་བ་ལ  མངའ་དབང  མཛད་པའོ  །_། 
 གི ས་ནི 						གི	ས་ནི 	དེ 	-འི 	དགོས་པའོ 	།_། 	bstod tshogs ka_.txt	     གི ས་ནི  དེ  -འི  དགོས་པའོ  །_། 
 གི ས 						གི	ས 	ནི་ལ 	-ས་ལ 	མངའ་དབང 	མཛད་པའོ 	bstod tshogs ka_.txt	     གི ས  ནི་ལ  -ས་ལ  མངའ་དབང  མཛད་པའོ 
 གི ས་ནི 						གི	ས་ནི 	དེ 	-འི 	དགོས་པའོ 	།_། 	bstod tshogs ka_.txt	     གི ས་ནི  དེ  -འི  དགོས་པའོ  །_། 
 གི ས་ནི 						གི	ས་ནི 	ཐབས་ལ 	མངའ་དབང 	མཛད་པའོ 	།_། 	bstod tshogs ka_.txt	     གི ས་ནི  ཐབས་ལ  མངའ་དབང  མཛད་པའོ  །_། 
 གི ས་ནི 						གི	ས་ནི 	དེ 	-འི 	དགོས་པའོ 	།_། 	bstod tshogs ka_.txt	     གི ས་ནི  དེ  -འི  དགོས་པའོ  །_། 
 གི ས་ནི 						གི	ས་ནི 	སེམས་ཅན 	ཡོངས་སུ 	སྨིན་པ 	-ར 	bstod tshogs ka_.txt	     གི ས་ནི  སེམས་ཅན  ཡོངས་སུ  སྨིན་པ  -ར 
 གི ས་ནི 						གི	ས་ནི 	དེ 	-འི 	དགོས་པའོ 	།_། 	bstod tshogs ka_.txt	     གི ས་ནི  དེ  -འི  དགོས་པའོ  །_། 
 གི ས་ནི 						གི	ས་ནི 	རྒྱུ 	ཡོངས་སུ 	རྫོགས་པའོ 	།_། 	bstod tshogs ka_.txt	     གི ས་ནི  རྒྱུ  ཡོངས་སུ  རྫོགས་པའོ  །_། 
 གི ས་ནི་ལམ་གྱི 						གི	ས་ནི་ལམ་གྱི 	ཡེ་ཤེས 	བསྐྱེད་པ 	བསྟན་ཏོ 	།_། 	bstod tshogs ka_.txt	     གི ས་ནི་ལམ་གྱི  ཡེ་ཤེས  བསྐྱེད་པ  བསྟན་ཏོ  །_། 
 གི ས་ནི 						གི	ས་ནི 	ཉོན་མོངས་པ 	སྤངས་པའོ 	།_། 	ལྷན་ཅིག 	bstod tshogs ka_.txt	     གི ས་ནི  ཉོན་མོངས་པ  སྤངས་པའོ  །_།  ལྷན་ཅིག 
 གི ས་ནི 						གི	ས་ནི 	ཡོན་ཏན 	བརྙེས་པ 	བསྟན་ཏོ 	།_། 	bstod tshogs ka_.txt	     གི ས་ནི  ཡོན་ཏན  བརྙེས་པ  བསྟན་ཏོ  །_། 
 གི ས་ནི 						གི	ས་ནི 	ཆོས་ཀྱི 	འཁོར་ལོ 	བསྐོར་བ 	ཡང་དག 	bstod tshogs ka_.txt	     གི ས་ནི  ཆོས་ཀྱི  འཁོར་ལོ  བསྐོར་བ  ཡང་དག 
 གི ས་ནི 						གི	ས་ནི 	ཆོས་སྟོན་པ 	-འི 	རང་བཞིན 	བསྟན་ཏོ 	bstod tshogs ka_.txt	     གི ས་ནི  ཆོས་སྟོན་པ  -འི  རང་བཞིན  བསྟན་ཏོ 
 གི ས་ནི 						གི	ས་ནི 	ཡུན་དུ 	གནས་པ 	ཡང་དག 	པར 	bstod tshogs ka_.txt	     གི ས་ནི  ཡུན་དུ  གནས་པ  ཡང་དག  པར 
 གི ས་དྲུག 						གི	ས་དྲུག 	རྣམས་སྟོན 	།_། 	གཉིས་ཀྱིས 	གཅིག་ཡིན་གསུམ་གྱིས་གཞན 	bstod tshogs ka_.txt	     གི ས་དྲུག  རྣམས་སྟོན  །_།  གཉིས་ཀྱིས  གཅིག་ཡིན་གསུམ་གྱིས་གཞན 
 གི ས་བསྒྱུར 						གི	ས་བསྒྱུར 	།_ 	ཞུ་ཆེན་གྱི 	ལོ་ཙཱ་བ་བནྡེ 	དཔལ 	bstod tshogs ka_.txt	     གི ས་བསྒྱུར  །_  ཞུ་ཆེན་གྱི  ལོ་ཙཱ་བ་བནྡེ  དཔལ 
 གི ས 						གི	ས 	མཉམ 	དགར 	བྱང་ཆུབ 	དམ་པ 	bstod tshogs ka_.txt	     གི ས  མཉམ  དགར  བྱང་ཆུབ  དམ་པ 
 གི ས་ཝཱ་རཱ་ཎ་སཱིར 						གི	ས་ཝཱ་རཱ་ཎ་སཱིར 	ཆོས་ཀྱི 	འཁོར་ལོ་བསྐོར 	།_། 	སཱ 	bstod tshogs ka_.txt	     གི ས་ཝཱ་རཱ་ཎ་སཱིར  ཆོས་ཀྱི  འཁོར་ལོ་བསྐོར  །_།  སཱ 
 གི ས 						གི	ས 	བསྒྲིབས 	མིག་ཅན 	འཇིག་རྟེན་སྤྱན 	།_། 	bstod tshogs ka_.txt	     གི ས  བསྒྲིབས  མིག་ཅན  འཇིག་རྟེན་སྤྱན  །_། 
 གི ས 						གི	ས 	ཟད་མཐའ 	-ར་གྱུར 	།_། 	དག་པ 	bstod tshogs ka_.txt	     གི ས  ཟད་མཐའ  -ར་གྱུར  །_།  དག་པ 
 གི ་པདྨ 						གི	་པདྨ 	ཁ 	འབྱེད་ཅིང 	།_། 	ལྟ་བ་དྲུག 	bstod tshogs ka_.txt	     གི ་པདྨ  ཁ  འབྱེད་ཅིང  །_།  ལྟ་བ་དྲུག 
 གི ས 						གི	ས 	གནས་མཆོག 	དམ་པ 	ཐོབ 	གྱུར་ནས 	bstod tshogs ka_.txt	     གི ས  གནས་མཆོག  དམ་པ  ཐོབ  གྱུར་ནས 
 གི ས 						གི	ས 	འདོད་པ 	-འི 	འབྲས་ལྡན 	འཇུག་པ 	bstod tshogs ka_.txt	     གི ས  འདོད་པ  -འི  འབྲས་ལྡན  འཇུག་པ 
 གི  དངོས་གྲུབ 						གི 	དངོས་གྲུབ 	གསོལ་བ 	གདབ་པ 	-ར 	འོས་པ 	bstod tshogs ka_.txt	     གི  དངོས་གྲུབ  གསོལ་བ  གདབ་པ  -ར  འོས་པ 
 གི  རྒྱུད 						གི 	རྒྱུད 	ཁོ་ན་ལ 	གསལ་བ 	-འི 	ཕྱིར་ཏེ 	bstod tshogs ka_.txt	     གི  རྒྱུད  ཁོ་ན་ལ  གསལ་བ  -འི  ཕྱིར་ཏེ 
 གི ་དེ་ནི 						གི	་དེ་ནི 	བསྐལ་བ་གྲངས 	མེད་པ 	མི 	ཉུང་བ 	bstod tshogs ka_.txt	     གི ་དེ་ནི  བསྐལ་བ་གྲངས  མེད་པ  མི  ཉུང་བ 
 གི ས 						གི	ས 	བསྟན་པ 	-འི 	བསྒོམས་པ 	-ས 	bstod tshogs ka_.txt	     གི ས  བསྟན་པ  -འི  བསྒོམས་པ  -ས 
 གི ས 						གི	ས 	བསྟན་པ་ལ 	ནན་ཏན 	བྱས་པ 	-ས 	bstod tshogs ka_.txt	     གི ས  བསྟན་པ་ལ  ནན་ཏན  བྱས་པ  -ས 
 གི  མདོ་ནི 						གི 	མདོ་ནི 	དེ་ལྟ 	བུ 	-འི 	བདེ་བ 	bstod tshogs ka_.txt	     གི  མདོ་ནི  དེ་ལྟ  བུ  -འི  བདེ་བ 
 གི  གྲུབ་པ 						གི 	གྲུབ་པ 	བདག་ལ 	སྩོལ་ཅིག 	ཅེས་བྱ་བ་ཡིན་ཏེ 	།_ 	bstod tshogs ka_.txt	     གི  གྲུབ་པ  བདག་ལ  སྩོལ་ཅིག  ཅེས་བྱ་བ་ཡིན་ཏེ  །_ 
 གི  དཔེ 						གི 	དཔེ 	-ར 	བྱས་ཏེ 	།_ 	ཇི 	bstod tshogs ka_.txt	     གི  དཔེ  -ར  བྱས་ཏེ  །_  ཇི 
 གི  ངོ་བོ་ནི 						གི 	ངོ་བོ་ནི 	མཉམ་པ 	-འི 	དཔེ 	ཉིད་དོ 	bstod tshogs ka_.txt	     གི  ངོ་བོ་ནི  མཉམ་པ  -འི  དཔེ  ཉིད་དོ 
 གི  གྲུབ་པ 						གི 	གྲུབ་པ 	སྩོལ་བ་སྟེ 	།_ 	མཆོག་ནི 	སྟོབས་དང 	bstod tshogs ka_.txt	     གི  གྲུབ་པ  སྩོལ་བ་སྟེ  །_  མཆོག་ནི  སྟོབས་དང 
 གི  གྲུབ་པ་ནི 						གི 	གྲུབ་པ་ནི 	ཡོངས་སུ 	གྲུབ་པ་སྟེ 	།_ 	གང 	bstod tshogs ka_.txt	     གི  གྲུབ་པ་ནི  ཡོངས་སུ  གྲུབ་པ་སྟེ  །_  གང 
 གི  ཡོན་ཏན 						གི 	ཡོན་ཏན 	ཡོངས་སུ 	གྲུབ་པ 	མཉམ་པ 	མེད་པ 	bstod tshogs ka_.txt	     གི  ཡོན་ཏན  ཡོངས་སུ  གྲུབ་པ  མཉམ་པ  མེད་པ 
 གི  ཆ་ཤས་དང 						གི 	ཆ་ཤས་དང 	ཆ་ཤས་ཀྱིས་ཀྱང 	རྟག་ཏུ 	སེམས་ཅན་གྱི 	ཁམས་ལ 	bstod tshogs ka_.txt	     གི  ཆ་ཤས་དང  ཆ་ཤས་ཀྱིས་ཀྱང  རྟག་ཏུ  སེམས་ཅན་གྱི  ཁམས་ལ 
 གི  དངོས་གྲུབ 						གི 	དངོས་གྲུབ 	སྩོལ་བ 	-ར 	འགྱུར་བ 	ཉིད་ན 	bstod tshogs ka_.txt	     གི  དངོས་གྲུབ  སྩོལ་བ  -ར  འགྱུར་བ  ཉིད་ན 
 གི ས་ན 						གི	ས་ན 	བཅོམ་ལྡན 	འདས་ཀྱི 	དཔེ 	-ར 	bstod tshogs ka_.txt	     གི ས་ན  བཅོམ་ལྡན  འདས་ཀྱི  དཔེ  -ར 
 གི  རྣམ་པ་ལ 						གི 	རྣམ་པ་ལ 	ཕྱི་རོལ་གྱི 	ངོ་བོ 	-ར 	ཞེན་ནས 	bstod tshogs ka_.txt	     གི  རྣམ་པ་ལ  ཕྱི་རོལ་གྱི  ངོ་བོ  -ར  ཞེན་ནས 
 གི ས 						གི	ས 	གོམས་པ་དང 	ལྡན་པ 	-ས 	འབྲས་བུ 	bstod tshogs ka_.txt	     གི ས  གོམས་པ་དང  ལྡན་པ  -ས  འབྲས་བུ 
 གི  སྙིང་རྗེ་དེ་ནི 						གི 	སྙིང་རྗེ་དེ་ནི 	དམིགས་པ 	མེད་པ 	།_ 	ཕྱིན་ཅི 	bstod tshogs ka_.txt	     གི  སྙིང་རྗེ་དེ་ནི  དམིགས་པ  མེད་པ  །_  ཕྱིན་ཅི 
 གི  ངང་གིས 						གི 	ངང་གིས 	འབྱུང་བ 	།_ 	ངང་དུ 	འགྱུར་བ་ཡིན་པས 	bstod tshogs ka_.txt	     གི  ངང་གིས  འབྱུང་བ  །_  ངང་དུ  འགྱུར་བ་ཡིན་པས 
 གི  དོན 						གི 	དོན 	མཛད་ཅིང 	།_ 	ཆོས་ཀྱི 	འཁོར་ལོ 	bstod tshogs ka_.txt	     གི  དོན  མཛད་ཅིང  །_  ཆོས་ཀྱི  འཁོར་ལོ 
 གི ས་ཀྱང 						གི	ས་ཀྱང 	མི 	དཔོག་པ་སྟེ 	།_ 	དཔག་ཏུ 	bstod tshogs ka_.txt	     གི ས་ཀྱང  མི  དཔོག་པ་སྟེ  །_  དཔག་ཏུ 
 གི  དོན 						གི 	དོན 	ཉིད་ཀྱི 	རྐྱེན་ཡིན་ནོ 	།_། 	དེ 	bstod tshogs ka_.txt	     གི  དོན  ཉིད་ཀྱི  རྐྱེན་ཡིན་ནོ  །_།  དེ 
 གི  བསམ་པ 						གི 	བསམ་པ 	-འི 	ངོ 	-ར 	ཨེ 	bstod tshogs ka_.txt	     གི  བསམ་པ  -འི  ངོ  -ར  ཨེ 
 གི  །_ 						གི 	།_ 	འབྱོར་པ 	བདོག་ཀྱང 	འཇུངས་པ 	རྣམས་ལ་ནི 	bstod tshogs ka_.txt	     གི  །_  འབྱོར་པ  བདོག་ཀྱང  འཇུངས་པ  རྣམས་ལ་ནི 
 གི  ངོ་བོ 						གི 	ངོ་བོ 	ཉིད་ནི 	སྦྱིན 	མཆོག་ཉིད་དོ 	།_། 	bstod tshogs ka_.txt	     གི  ངོ་བོ  ཉིད་ནི  སྦྱིན  མཆོག་ཉིད་དོ  །_། 
 གི  ངོ་བོ་ནི 						གི 	ངོ་བོ་ནི 	གནས་མཆོག 	ཉིད་དོ 	།_། 	དེ 	bstod tshogs ka_.txt	     གི  ངོ་བོ་ནི  གནས་མཆོག  ཉིད་དོ  །_།  དེ 
 གི  སྦྱིན་པ 						གི 	སྦྱིན་པ 	སེམས་ཅན 	རྣམས་ལ 	སྦྱིན་པ 	-ས་ན 	bstod tshogs ka_.txt	     གི  སྦྱིན་པ  སེམས་ཅན  རྣམས་ལ  སྦྱིན་པ  -ས་ན 
 གི  དོན་གྱི 						གི 	དོན་གྱི 	རྐྱེན་ཡིན་ནོ 	།_། 	དེས 	གནས་མཆོག 	bstod tshogs ka_.txt	     གི  དོན་གྱི  རྐྱེན་ཡིན་ནོ  །_།  དེས  གནས་མཆོག 
 གི  དངོས་གྲུབ 						གི 	དངོས་གྲུབ 	སྩོལ་ཞེས 	འབྱུང་སྟེ 	།_ 	དེར་ནི 	bstod tshogs ka_.txt	     གི  དངོས་གྲུབ  སྩོལ་ཞེས  འབྱུང་སྟེ  །_  དེར་ནི 
 གི  བདེ་བ 						གི 	བདེ་བ 	-ར 	གཤེགས་ཞེས 	མི 	འབྱུང་ངོ 	bstod tshogs ka_.txt	     གི  བདེ་བ  -ར  གཤེགས་ཞེས  མི  འབྱུང་ངོ 
 གི  དངོས་གྲུབ་བམ 						གི 	དངོས་གྲུབ་བམ 	།_ 	དེ 	རྟོགས་པ 	-འི 	bstod tshogs ka_.txt	     གི  དངོས་གྲུབ་བམ  །_  དེ  རྟོགས་པ  -འི 
 གི  བྱང་ཆུབ 						གི 	བྱང་ཆུབ 	སེམས 	བརྟན་ཞིང 	།_། 	བློ 	bstod tshogs ka_.txt	     གི  བྱང་ཆུབ  སེམས  བརྟན་ཞིང  །_།  བློ 
 གི  དངོས་གྲུབ་སྟེ 						གི 	དངོས་གྲུབ་སྟེ 	།_ 	དེ 	ཉིད 	ཐམས་ཅད 	bstod tshogs ka_.txt	     གི  དངོས་གྲུབ་སྟེ  །_  དེ  ཉིད  ཐམས་ཅད 
 གི  ཞབས་ཀྱི་པདྨའི 						གི 	ཞབས་ཀྱི་པདྨའི 	རྡུལ་ལ 	བརྟེན་པ 	-ས 	མཛད་པ 	bstod tshogs ka_.txt	     གི  ཞབས་ཀྱི་པདྨའི  རྡུལ་ལ  བརྟེན་པ  -ས  མཛད་པ 
 གི ས 						གི	ས 	མཐོང་ཐོས 	དྲན་ཡང 	དཔལ 	གྱུར་པ 	bstod tshogs ka_.txt	     གི ས  མཐོང་ཐོས  དྲན་ཡང  དཔལ  གྱུར་པ 
 གི  ཕ་རོལ་བྱོན 						གི 	ཕ་རོལ་བྱོན 	།_། 	ཐམས་ཅད 	མཁྱེན་པ 	ལྷ་ཡི 	bstod tshogs ka_.txt	     གི  ཕ་རོལ་བྱོན  །_།  ཐམས་ཅད  མཁྱེན་པ  ལྷ་ཡི 