 དོན ་ལ 						དོན	་ལ 	མུ་སྟེགས་གཞན 	།_། 	མི 	ཚུགས 	bstod tshogs ka_.txt	     དོན ་ལ  མུ་སྟེགས་གཞན  །_།  མི  ཚུགས 
ཡང་དག  དོན ་དུ་ན 	སྤྱོད 	མི་མངའ 	།_། 	ཁྱོད་ནི 	ཡང་དག 	དོན	་དུ་ན 	།_། 	ཀུན 	མཁྱེན 	ཁྱོད་ལ 	bstod tshogs ka_.txt	སྤྱོད  མི་མངའ  །_།  ཁྱོད་ནི  ཡང་དག  དོན ་དུ་ན  །_།  ཀུན  མཁྱེན  ཁྱོད་ལ 
ཀུན་གྱི  དོན  མཛད་པ 	འཚལ་ལོ 	།_། 	སེམས 	ཅན 	ཀུན་གྱི 	དོན 	མཛད་པ 	།_། 	ཁྱོན་ནི 	དུས་ལས 	ཡོང 	bstod tshogs ka_.txt	འཚལ་ལོ  །_།  སེམས  ཅན  ཀུན་གྱི  དོན  མཛད་པ  །_།  ཁྱོན་ནི  དུས་ལས  ཡོང 
རབ  དོན ་དུ 	-འི 	བྱེ་བྲག་གིས 	།_། 	ཤེས 	རབ 	དོན	་དུ 	རབ་ཏུ་འཇུག 	_། 	བྱང 	ཆུབ 	bstod tshogs ka_.txt	-འི  བྱེ་བྲག་གིས  །_།  ཤེས  རབ  དོན ་དུ  རབ་ཏུ་འཇུག  _།  བྱང  ཆུབ 
སེམས་ཅན  དོན  སྡུད 	སྣ་ཚོགས 	སྦྱིན་པ་དང 	_།_། 	ཚུལ་ཁྲིམས 	སེམས་ཅན 	དོན 	སྡུད 	དང 	།_། 	སེམས 	ཅན 	bstod tshogs ka_.txt	སྣ་ཚོགས  སྦྱིན་པ་དང  _།_།  ཚུལ་ཁྲིམས  སེམས་ཅན  དོན  སྡུད  དང  །_།  སེམས  ཅན 
སེམས་ཅན  དོན  རབ་མཛད 	ནོར་བུ 	ཇི་བཞིན་དུ 	།_། 	དེ་ལས 	སེམས་ཅན 	དོན 	རབ་མཛད 	།_། 	ཆོས་ཀྱི 	དབྱིངས་སུ 	བསྟོད་པ 	bstod tshogs ka_.txt	ནོར་བུ  ཇི་བཞིན་དུ  །_།  དེ་ལས  སེམས་ཅན  དོན  རབ་མཛད  །_།  ཆོས་ཀྱི  དབྱིངས་སུ  བསྟོད་པ 
-འི  དོན  རིག་པས 	བརྩོན་ཁྱོད 	།_། 	དངོས་པོ 	མེད་པ 	-འི 	དོན 	རིག་པས 	།_། 	དཔེ 	མེད 	ཁྱོད་ལ 	bstod tshogs ka_.txt	བརྩོན་ཁྱོད  །_།  དངོས་པོ  མེད་པ  -འི  དོན  རིག་པས  །_།  དཔེ  མེད  ཁྱོད་ལ 
ཉིད  དོན ་ནི 	གཟིགས་པ 	བླ་མེད་དེ 	།_། 	དེ 	ཉིད 	དོན	་ནི 	རིག་པ་ལགས 	།_། 	དོན 	དམ་པ་ཡི 	bstod tshogs ka_.txt	གཟིགས་པ  བླ་མེད་དེ  །_།  དེ  ཉིད  དོན ་ནི  རིག་པ་ལགས  །_།  དོན  དམ་པ་ཡི 
ཕྱིར  དོན ་དམ 	མ 	མཆིས་པ 	།_། 	དེ 	ཕྱིར 	དོན	་དམ 	རིག་པ 	-འང་ལགས 	།_། 	ཀུན་གྱི 	bstod tshogs ka_.txt	མ  མཆིས་པ  །_།  དེ  ཕྱིར  དོན ་དམ  རིག་པ  -འང་ལགས  །_།  ཀུན་གྱི 
མིང་དང  དོན ་དག 	-ར 	ཁྱོད 	ཉིད་བཞེད 	།_། 	མིང་དང 	དོན	་དག 	ཐ 	དད་མིན 	།_། 	མེ་ཡིས 	bstod tshogs ka_.txt	-ར  ཁྱོད  ཉིད་བཞེད  །_།  མིང་དང  དོན ་དག  ཐ  དད་མིན  །_།  མེ་ཡིས 
།།_༄༅།_།  དོན  དམ་པ 	སློབ་དཔོན 	ཀླུ་སྒྲུབ་ཀྱིས 	མཛད་པ 	རྫོགས་སོ 	།།_༄༅།_། 	དོན 	དམ་པ 	-ར 	བསྟོད་པ 	།༄༅༅།_། 	རྒྱ 	bstod tshogs ka_.txt	སློབ་དཔོན  ཀླུ་སྒྲུབ་ཀྱིས  མཛད་པ  རྫོགས་སོ  །།_༄༅།_།  དོན  དམ་པ  -ར  བསྟོད་པ  །༄༅༅།_།  རྒྱ 
།_  དོན  དམ་པ 	ར་མ་ཨརྠ་སྟ་བཾ 	།_ 	བོད 	སྐད་དུ 	།_ 	དོན 	དམ་པ 	-ར 	བསྟོད་པ 	།_ 	འཇམ 	bstod tshogs ka_.txt	ར་མ་ཨརྠ་སྟ་བཾ  །_  བོད  སྐད་དུ  །_  དོན  དམ་པ  -ར  བསྟོད་པ  །_  འཇམ 
ཉིད  དོན  སྤྱོད་ཡུལ་གྱི 	གང་འདྲ་བས 	།_། 	དེ 	བཞིན 	ཉིད 	དོན 	སྤྱོད་ཡུལ་གྱི 	།_། 	འཇིག 	རྟེན 	བཏགས་པ་ལ 	bstod tshogs ka_.txt	གང་འདྲ་བས  །_།  དེ  བཞིན  ཉིད  དོན  སྤྱོད་ཡུལ་གྱི  །_།  འཇིག  རྟེན  བཏགས་པ་ལ 
_།  དོན  དམ་པ 	གཤེགས 	གནས་སུ 	འགྲོ་བ 	-ར་ཤོག 	_། 	དོན 	དམ་པ 	-ར 	བསྟོད་པ 	།_ 	སློབ་དཔོན 	bstod tshogs ka_.txt	གཤེགས  གནས་སུ  འགྲོ་བ  -ར་ཤོག  _།  དོན  དམ་པ  -ར  བསྟོད་པ  །_  སློབ་དཔོན 
སྤྲུལ་སྐུ  དོན ་ཆེན 	ཆུབ 	མཛད 	ཐུབ་པ 	རྣམས་ཀྱི 	སྤྲུལ་སྐུ 	དོན	་ཆེན 	གང་ཡིན་དེ་ལ 	ཕྱག 	འཚལ་ལོ 	།_། 	bstod tshogs ka_.txt	ཆུབ  མཛད  ཐུབ་པ  རྣམས་ཀྱི  སྤྲུལ་སྐུ  དོན ་ཆེན  གང་ཡིན་དེ་ལ  ཕྱག  འཚལ་ལོ  །_། 
 དོན  གཅིག 	སེམས 	ཅན 				དོན 	གཅིག 	རྒྱུན་དུ 	མཛད་ཅིང 	བསོད་ནམས 	ཡེ་ཤེས 	bstod tshogs ka_.txt	སེམས  ཅན     དོན  གཅིག  རྒྱུན་དུ  མཛད་ཅིང  བསོད་ནམས  ཡེ་ཤེས 
བཤད་པ  དོན ་མེད 	-ར 	བྱ་བ 	བཤད་དོ 	།_། 	བཤད་པ 	དོན	་མེད 	པར 	རྟོག་པ 	དག 	ངེས་པ 	bstod tshogs ka_.txt	-ར  བྱ་བ  བཤད་དོ  །_།  བཤད་པ  དོན ་མེད  པར  རྟོག་པ  དག  ངེས་པ 
སྐུ་གསུམ་གྱི  དོན ་དང 	བརྩོན་འགྲུས་དང 	ལྡན་པ 	-ར 	རང་ཉིད་ཀྱིས 	སྐུ་གསུམ་གྱི 	དོན	་དང 	བྱ་བ 	མཐའ 	-ར 	ཕྱིན་པ་ནི 	bstod tshogs ka_.txt	བརྩོན་འགྲུས་དང  ལྡན་པ  -ར  རང་ཉིད་ཀྱིས  སྐུ་གསུམ་གྱི  དོན ་དང  བྱ་བ  མཐའ  -ར  ཕྱིན་པ་ནི 
རེ་ཞིག  དོན ་གྱི 	-ར 	བྱ་སྟེ 	།_ 	འདི་ནི 	རེ་ཞིག 	དོན	་གྱི 	སྤྱི་ཡིན 	ནོ 	།_། 	ད་ནི 	bstod tshogs ka_.txt	-ར  བྱ་སྟེ  །_  འདི་ནི  རེ་ཞིག  དོན ་གྱི  སྤྱི་ཡིན  ནོ  །_།  ད་ནི 
ཡན་ལག་གི  དོན  བརྗོད་པ 					ཡན་ལག་གི 	དོན 	བརྗོད་པ 	-ར 	བྱ་སྟེ 	།_ 	གཅིག 	bstod tshogs ka_.txt	    ཡན་ལག་གི  དོན  བརྗོད་པ  -ར  བྱ་སྟེ  །_  གཅིག 
-འི  དོན ་ཏོ 	གཞི 	-ར 	གྱུར་པ་ཞེས 	བྱ་བ 	-འི 	དོན	་ཏོ 	།_། 	གང་གི 	ཕྱིར 	ཆོས་ཀྱི 	bstod tshogs ka_.txt	གཞི  -ར  གྱུར་པ་ཞེས  བྱ་བ  -འི  དོན ་ཏོ  །_།  གང་གི  ཕྱིར  ཆོས་ཀྱི 
-འི  དོན  རྟོགས་པ 	ཞེ་ན 	།_། 	ཡང 	དག་པ 	-འི 	དོན 	རྟོགས་པ 	ཁོ་ན 	ཙམ་དུ 	ཟད་དེ 	།_ 	bstod tshogs ka_.txt	ཞེ་ན  །_།  ཡང  དག་པ  -འི  དོན  རྟོགས་པ  ཁོ་ན  ཙམ་དུ  ཟད་དེ  །_ 
-འི  དོན ་ཏོ 	ལུས་དང་ཡིད་ཀྱིས 	ཕྱག 	འཚལ་ལོ་ཞེས 	བྱ་བ 	-འི 	དོན	་ཏོ 	།_། 	རང་གི 	འབྱོར་བ་ནི 	ཁམས་གསུམ་པ 	bstod tshogs ka_.txt	ལུས་དང་ཡིད་ཀྱིས  ཕྱག  འཚལ་ལོ་ཞེས  བྱ་བ  -འི  དོན ་ཏོ  །_།  རང་གི  འབྱོར་བ་ནི  ཁམས་གསུམ་པ 
མཐོང་བ  དོན ་ཡོད་དང 	རྣམས་ཀྱི་སྟེ 	།_ 	བྱམས་པ་དང 	།_ 	མཐོང་བ 	དོན	་ཡོད་དང 	།_ 	ངན 	སོང 	ཐམས་ཅད 	bstod tshogs ka_.txt	རྣམས་ཀྱི་སྟེ  །_  བྱམས་པ་དང  །_  མཐོང་བ  དོན ་ཡོད་དང  །_  ངན  སོང  ཐམས་ཅད 
-འི  དོན ་དུའོ 	-འི 	ཕྱིར་ཏེ 	ཡོངས་སུ 	སྨིན་པ 	-འི 	དོན	་དུའོ 	།_། 	གང་གིས 	དུས 	ལ་ལ 	bstod tshogs ka_.txt	-འི  ཕྱིར་ཏེ  ཡོངས་སུ  སྨིན་པ  -འི  དོན ་དུའོ  །_།  གང་གིས  དུས  ལ་ལ 
སྤྲུལ་སྐུ  དོན ་ཆེན་ཞེས 	ཆུབ 	མཛད 	ཐུབ་པ 	རྣམས་ཀྱི 	སྤྲུལ་སྐུ 	དོན	་ཆེན་ཞེས 	བྱ་སྟེ 	།_ 	ཕྱོགས 	བཅུར 	bstod tshogs ka_.txt	ཆུབ  མཛད  ཐུབ་པ  རྣམས་ཀྱི  སྤྲུལ་སྐུ  དོན ་ཆེན་ཞེས  བྱ་སྟེ  །_  ཕྱོགས  བཅུར 
།_།  དོན ་ཆེན་ནི 	ཐུབ་པ་སྟེ 	སངས་རྒྱས 	བཅོམ་ལྡན 	འདས་སོ 	།_། 	དོན	་ཆེན་ནི 	མངོན་པ 	-ར 	མཐོ་བ་དང 	ངེས་པ 	bstod tshogs ka_.txt	ཐུབ་པ་སྟེ  སངས་རྒྱས  བཅོམ་ལྡན  འདས་སོ  །_།  དོན ་ཆེན་ནི  མངོན་པ  -ར  མཐོ་བ་དང  ངེས་པ 
-འི  དོན  མཛད་པ 	-འི 	བར་གྱིས 	འགྲོ་བ 	མ་ལུས་པ 	-འི 	དོན 	མཛད་པ 	-ར 	རབ་ཏུ 	སྟོན་པ 	-འི 	bstod tshogs ka_.txt	-འི  བར་གྱིས  འགྲོ་བ  མ་ལུས་པ  -འི  དོན  མཛད་པ  -ར  རབ་ཏུ  སྟོན་པ  -འི 
-འི  དོན ་ཏོ 	ངག་དང་ཡིད་ཀྱིས 	ཕྱག 	འཚལ་ལོ་ཞེས 	བྱ་བ 	-འི 	དོན	་ཏོ 	།_། 	དེ 	ཉིད་ཀྱི 	ཕྱིར་ན 	bstod tshogs ka_.txt	ངག་དང་ཡིད་ཀྱིས  ཕྱག  འཚལ་ལོ་ཞེས  བྱ་བ  -འི  དོན ་ཏོ  །_།  དེ  ཉིད་ཀྱི  ཕྱིར་ན 
སེམས་ཅན  དོན  གཅིག 	-ར 	འདོད་པ 	-འི 	ཕྱིར 	སེམས་ཅན 	དོན 	གཅིག 	རྒྱུན་དུ 	མཛད་ཅིང་ཞེས 	བྱ་བ་ལ 	སོགས་པ 	bstod tshogs ka_.txt	-ར  འདོད་པ  -འི  ཕྱིར  སེམས་ཅན  དོན  གཅིག  རྒྱུན་དུ  མཛད་ཅིང་ཞེས  བྱ་བ་ལ  སོགས་པ 
 དོན ་ནི 	སྨོས་ཏེ 	།_ 	སེམས 	ཅན་གྱི 		དོན	་ནི 	སྲོག་ཆགས 	རྣམས་ཀྱི 	འདོད་པ 	-འི 	bstod tshogs ka_.txt	སྨོས་ཏེ  །_  སེམས  ཅན་གྱི   དོན ་ནི  སྲོག་ཆགས  རྣམས་ཀྱི  འདོད་པ  -འི 
-འི  དོན  ཡིན་པ 	དོན 	རབ་ཏུ 	སྒྲུབ 	ཅེས་བྱ་བ 	-འི 	དོན 	ཡིན་པ 	-ས་ན 	།_ 	འགྲོ 	བ 	bstod tshogs ka_.txt	དོན  རབ་ཏུ  སྒྲུབ  ཅེས་བྱ་བ  -འི  དོན  ཡིན་པ  -ས་ན  །_  འགྲོ  བ 
-འི  དོན  གཅིག 					-འི 	དོན 	གཅིག 	རྒྱུན་དུ 	མཛད་པ 	གང་ཡིན་པ་དེ་ནི 	སེམས་ཅན་གྱི 	bstod tshogs ka_.txt	    -འི  དོན  གཅིག  རྒྱུན་དུ  མཛད་པ  གང་ཡིན་པ་དེ་ནི  སེམས་ཅན་གྱི 
 དོན  གཅིག 						དོན 	གཅིག 	རྒྱུན་དུ 	མཛད་པ་སྟེ 	།_ 	དེ 	bstod tshogs ka_.txt	     དོན  གཅིག  རྒྱུན་དུ  མཛད་པ་སྟེ  །_  དེ 
 དོན  མཛད་པ་དེ་ལ 	ལྟ་བུ 	-འི 	སེམས་ཅན་གྱི 			དོན 	མཛད་པ་དེ་ལ 	ཕྱག 	བྱས་པ 	-ས་ཞེས 	བྱ་བ 	bstod tshogs ka_.txt	ལྟ་བུ  -འི  སེམས་ཅན་གྱི    དོན  མཛད་པ་དེ་ལ  ཕྱག  བྱས་པ  -ས་ཞེས  བྱ་བ 
ཉིད་ཀྱི  དོན  མཐའ 	-ར 	གཤེགས་པའོ 	།_། 	ཡང་ན 	ཉིད་ཀྱི 	དོན 	མཐའ 	-ར 	ཕྱིན་པ 	-ས་ན 	བདེ་བ 	bstod tshogs ka_.txt	-ར  གཤེགས་པའོ  །_།  ཡང་ན  ཉིད་ཀྱི  དོན  མཐའ  -ར  ཕྱིན་པ  -ས་ན  བདེ་བ 
-འི  དོན ་ཏོ 	-འི་ཡིད་ཀྱི 	ཡུལ་ལས 	ཤིན་ཏུ 	འདས་པ 	-འི 	དོན	་ཏོ 	།_། 	དེ 	ལྟ་བུ 	-ར 	bstod tshogs ka_.txt	-འི་ཡིད་ཀྱི  ཡུལ་ལས  ཤིན་ཏུ  འདས་པ  -འི  དོན ་ཏོ  །_།  དེ  ལྟ་བུ  -ར 
-འི  དོན ་ཏོ 	ས་བོན་ནི 	བྱང་ཆུབ་ཀྱི 	སེམས་ཞེས 	བྱ་བ 	-འི 	དོན	་ཏོ 	།_། 	དེ 	བསྒྲུབས་ཤིང 	བསགས་པའོ 	bstod tshogs ka_.txt	ས་བོན་ནི  བྱང་ཆུབ་ཀྱི  སེམས་ཞེས  བྱ་བ  -འི  དོན ་ཏོ  །_།  དེ  བསྒྲུབས་ཤིང  བསགས་པའོ 
-འི  དོན ་ཏོ 	འགོད་པ 	-ར 	ཤོག་ཅིག 	ཅེས་བྱ་བ 	-འི 	དོན	་ཏོ 	།_། 	བསྟོད་པ 	-འི 	རྒྱལ་པོ 	bstod tshogs ka_.txt	འགོད་པ  -ར  ཤོག་ཅིག  ཅེས་བྱ་བ  -འི  དོན ་ཏོ  །_།  བསྟོད་པ  -འི  རྒྱལ་པོ 
སྙིང་པོ  དོན ་གྱི 	ཤིན་ཏུ 	ཉམས 	མེད 	རྒྱ་ཆེན 	སྙིང་པོ 	དོན	་གྱི 	ཚོགས 	སྦས་པ 	།_། 	བདག་གིས 	bstod tshogs ka_.txt	ཤིན་ཏུ  ཉམས  མེད  རྒྱ་ཆེན  སྙིང་པོ  དོན ་གྱི  ཚོགས  སྦས་པ  །_།  བདག་གིས 
མཁས་ཤིང  དོན ་གྱི 	བླངས་ནས 	རྣམ་བཤད་ཀྱིས 	།_། 	མཆོག་ཏུ 	མཁས་ཤིང 	དོན	་གྱི 	རྗེས 	འབྲང 	འདི 	-ར་ནི 	bstod tshogs ka_.txt	བླངས་ནས  རྣམ་བཤད་ཀྱིས  །_།  མཆོག་ཏུ  མཁས་ཤིང  དོན ་གྱི  རྗེས  འབྲང  འདི  -ར་ནི 
སེམས་ཅན  དོན ་ཏེ 	ལོ 	།_། 	ང་ལ 	གུས་པ 	སེམས་ཅན 	དོན	་ཏེ 	གུས་པ 	གཞན་དག་མིན 	།_། 	གང་གིས 	bstod tshogs ka_.txt	ལོ  །_།  ང་ལ  གུས་པ  སེམས་ཅན  དོན ་ཏེ  གུས་པ  གཞན་དག་མིན  །_།  གང་གིས 
-འི  དོན ་དུ 	།_། 	སེམས 	ཅན 	ཁོ་ན 	-འི 	དོན	་དུ 	ང་ཡིས 	སྐུ 	འདི 	ཡང་དག་བཟུང 	bstod tshogs ka_.txt	།_།  སེམས  ཅན  ཁོ་ན  -འི  དོན ་དུ  ང་ཡིས  སྐུ  འདི  ཡང་དག་བཟུང 
-འི  དོན  སྟོན་པ 	མི 	ལྟོས་པ 	-ས་ན 	དེ 	-འི 	དོན 	སྟོན་པ 	-ར 	མི 	འགྱུར་རོ 	།_། 	bstod tshogs ka_.txt	མི  ལྟོས་པ  -ས་ན  དེ  -འི  དོན  སྟོན་པ  -ར  མི  འགྱུར་རོ  །_། 
-འི  དོན ་ལ 	།_། 	སེམས 	ཅན 	མང་པོ 	-འི 	དོན	་ལ 	རབ་གནས 	ཕ་རོལ 	ཕྱིན་པ་ཐོབ 	།_། 	bstod tshogs ka_.txt	།_།  སེམས  ཅན  མང་པོ  -འི  དོན ་ལ  རབ་གནས  ཕ་རོལ  ཕྱིན་པ་ཐོབ  །_། 
 དོན ་ལ 	སེམས 	ཅན 				དོན	་ལ 	བརྩོན་པ 	-འི་ཡིད་ཀྱིས 	བདུད་ཀྱི 	སྟོབས་ཀྱང་བཅོམ 	bstod tshogs ka_.txt	སེམས  ཅན     དོན ་ལ  བརྩོན་པ  -འི་ཡིད་ཀྱིས  བདུད་ཀྱི  སྟོབས་ཀྱང་བཅོམ 
གང་གི  དོན ་དུ 	-ར 	ཐར་ལ 	སོགས་གང་ལ 	།_། 	གང་གི 	དོན	་དུ 	སྙིང་རྗེ་དེ་ལ 	འབད་པ 	-འི་ཡིད་ཀྱིས 	བཟོད་པ 	bstod tshogs ka_.txt	-ར  ཐར་ལ  སོགས་གང་ལ  །_།  གང་གི  དོན ་དུ  སྙིང་རྗེ་དེ་ལ  འབད་པ  -འི་ཡིད་ཀྱིས  བཟོད་པ 
བྱས་ན་གང་གི  དོན ་དུ 	རྣམས 	ཉིད 	བསྲུང 	མ 	བྱས་ན་གང་གི 	དོན	་དུ 	དོན 	འདི་བསྒྲུབས 	།_། 	གལ་ཏེ 	bstod tshogs ka_.txt	རྣམས  ཉིད  བསྲུང  མ  བྱས་ན་གང་གི  དོན ་དུ  དོན  འདི་བསྒྲུབས  །_།  གལ་ཏེ 
གྱུར་ན་གང་གི  དོན ་དུ 	སེམས་ཅན 	རྣམས་ལ 	བརྩེ 	མེད 	གྱུར་ན་གང་གི 	དོན	་དུ 	ཉེ་བ 	-ར་བསྒྲུབས 	།_། 	ཇི 	bstod tshogs ka_.txt	སེམས་ཅན  རྣམས་ལ  བརྩེ  མེད  གྱུར་ན་གང་གི  དོན ་དུ  ཉེ་བ  -ར་བསྒྲུབས  །_།  ཇི 
སེམས་ཅན  དོན ་ལ 	ང་ཡིས 	ལེགས་པ 	-ར 	སྤྱད་པ 	སེམས་ཅན 	དོན	་ལ 	མི 	སྐྱོ 	ཐོས 	བགྱིད་ལ 	bstod tshogs ka_.txt	ང་ཡིས  ལེགས་པ  -ར  སྤྱད་པ  སེམས་ཅན  དོན ་ལ  མི  སྐྱོ  ཐོས  བགྱིད་ལ 
མཐོང་བ  དོན ་ཡོད་ཀྱི 	ཚུལ་བཞིན 	བལྟ་བ་དང 	།_། 	དེས་ཀྱང 	མཐོང་བ 	དོན	་ཡོད་ཀྱི 	།_། 	དངོས 	གྲུབ 	ངེས་པ 	bstod tshogs ka_.txt	ཚུལ་བཞིན  བལྟ་བ་དང  །_།  དེས་ཀྱང  མཐོང་བ  དོན ་ཡོད་ཀྱི  །_།  དངོས  གྲུབ  ངེས་པ 
གཞན  དོན  མངོན་དགའ 	-ར 	ཐོབ་པ 	-ར་འགྱུར 	།_། 	གཞན 	དོན 	མངོན་དགའ 	-འི 	བདག་ཉིད་ཅན 	།_། 	དཔའ་བོ 	bstod tshogs ka_.txt	-ར  ཐོབ་པ  -ར་འགྱུར  །_།  གཞན  དོན  མངོན་དགའ  -འི  བདག་ཉིད་ཅན  །_།  དཔའ་བོ 
 དོན ་དུ 						དོན	་དུ 	།_། 	ཐ 	སྙད 	མདུན་དུ 	bstod tshogs ka_.txt	     དོན ་དུ  །_།  ཐ  སྙད  མདུན་དུ 
།_།  དོན  བཞིན 	།_། 	ཆད་པ 	སྟོང་པ 	འདྲ་བ་ལགས 	།_། 	དོན 	བཞིན 	མ 	ལགས 	རབ་ཏུ་བསྟན 	།_། 	bstod tshogs ka_.txt	།_།  ཆད་པ  སྟོང་པ  འདྲ་བ་ལགས  །_།  དོན  བཞིན  མ  ལགས  རབ་ཏུ་བསྟན  །_། 
།_།  དོན ་གྱི 	ཚེ 	གཞན 	དངོས 	དངོས་འཛིན་པ 	།_། 	དོན	་གྱི 	ཐེག་པ་ཅི་ཞིག་མཆིས 	།_། 	གདོད 	མ 	bstod tshogs ka_.txt	ཚེ  གཞན  དངོས  དངོས་འཛིན་པ  །_།  དོན ་གྱི  ཐེག་པ་ཅི་ཞིག་མཆིས  །_།  གདོད  མ 
།_།  དོན ་དུ་གཟོད་ནས 	-འི 	གླང་པོ 	འདྲ་བ 	-ས་ན 	།_། 	དོན	་དུ་གཟོད་ནས 	ཞི་བ་ཉིད 	།_། 	སྐྱེས་པ 	ཉིད 	bstod tshogs ka_.txt	-འི  གླང་པོ  འདྲ་བ  -ས་ན  །_།  དོན ་དུ་གཟོད་ནས  ཞི་བ་ཉིད  །_།  སྐྱེས་པ  ཉིད 
དེ་ཉིད  དོན ་དང་ནི 	གཤེགས་པ 	-འང་དེ་དང་མཚུངས 	།_། 	དེ་ནི 	དེ་ཉིད 	དོན	་དང་ནི 	།_། 	དེ 	བཞིན 	ཉིད་དང 	bstod tshogs ka_.txt	གཤེགས་པ  -འང་དེ་དང་མཚུངས  །_།  དེ་ནི  དེ་ཉིད  དོན ་དང་ནི  །_།  དེ  བཞིན  ཉིད་དང 
དེས་ན  དོན ་དུ 	རྒྱས 	རྣམས་དང 	ཆོས་དབྱིངས་དང 	_།_། 	དེས་ན 	དོན	་དུ 	ཐ 	མི་དད 	།_། 	བདག 	bstod tshogs ka_.txt	རྒྱས  རྣམས་དང  ཆོས་དབྱིངས་དང  _།_།  དེས་ན  དོན ་དུ  ཐ  མི་དད  །_།  བདག 
-འི  དོན ་ནི 	དབང་ཞེས 	རབ་ཏུ་གསུངས 	།_། 	དམ་པ 	-འི 	དོན	་ནི 	བཅོས་མ་ཡིན 	།_། 	ངོ་བོ 	ཉིད་དང 	bstod tshogs ka_.txt	དབང་ཞེས  རབ་ཏུ་གསུངས  །_།  དམ་པ  -འི  དོན ་ནི  བཅོས་མ་ཡིན  །_།  ངོ་བོ  ཉིད་དང 
 དོན ་གྱིས 						དོན	་གྱིས 	ཟིན 	རྣམས་ཀྱིས 	།_། 	གསོ་བ་དེ་ནི 	bstod tshogs ka_.txt	     དོན ་གྱིས  ཟིན  རྣམས་ཀྱིས  །_།  གསོ་བ་དེ་ནི 
-འི  དོན ་ཏོ་ཞེས་ཀྱང་བསྟན 	ཀུན་གྱི 	ངོ་བོ་ཉིད 	།_། 	ངེས་པ 	-འི 	དོན	་ཏོ་ཞེས་ཀྱང་བསྟན 	།_། 	གང་ཡང 	སྐྱེ་དང 	འགག་ལ་སོགས 	bstod tshogs ka_.txt	ཀུན་གྱི  ངོ་བོ་ཉིད  །_།  ངེས་པ  -འི  དོན ་ཏོ་ཞེས་ཀྱང་བསྟན  །_།  གང་ཡང  སྐྱེ་དང  འགག་ལ་སོགས 
 དོན  ཀུན་རྫོབ་ཏུ 						དོན 	ཀུན་རྫོབ་ཏུ 	།_། 	མགོན་པོ 	ཁྱོད་ཀྱིས 	བསྟན་པ་ལགས 	bstod tshogs ka_.txt	     དོན  ཀུན་རྫོབ་ཏུ  །_།  མགོན་པོ  ཁྱོད་ཀྱིས  བསྟན་པ་ལགས 
།_།  དོན  སྟོང 	འཚལ་ལོ 	།_། 	གང་ཞིག་གིས་ནི 	ཆ་ཤས་དང 	།_། 	དོན 	སྟོང 	མིན་ཏེ་གཉིས 	ཀ་སྤངས 	།_། 	ཐམས་ཅད 	bstod tshogs ka_.txt	འཚལ་ལོ  །_།  གང་ཞིག་གིས་ནི  ཆ་ཤས་དང  །_།  དོན  སྟོང  མིན་ཏེ་གཉིས  ཀ་སྤངས  །_།  ཐམས་ཅད 
འཇམ་དཔལ་གྱི  དོན ་དམ་པ 	རྫོགས་སོ 	།།_།།༄༅།_། 	འཕགས་པ 	རྗེ་བཙུན 	འཇམ་དཔལ་གྱི 	དོན	་དམ་པ 	-འི 	བསྟོད་པ 	།༄༅༅།_། 	རྒྱ 	bstod tshogs ka_.txt	རྫོགས་སོ  །།_།།༄༅།_།  འཕགས་པ  རྗེ་བཙུན  འཇམ་དཔལ་གྱི  དོན ་དམ་པ  -འི  བསྟོད་པ  །༄༅༅།_།  རྒྱ 
འཇམ་དཔལ་གྱི  དོན ་དམ་པ 	སྐད་དུ 	།_ 	འཕགས་པ 	རྗེ་བཙུན 	འཇམ་དཔལ་གྱི 	དོན	་དམ་པ 	-འི 	བསྟོད་པ་ཞེས 	བྱ་བ 	།_ 	bstod tshogs ka_.txt	སྐད་དུ  །_  འཕགས་པ  རྗེ་བཙུན  འཇམ་དཔལ་གྱི  དོན ་དམ་པ  -འི  བསྟོད་པ་ཞེས  བྱ་བ  །_ 
།_།  དོན ་དམ 	བླ 	མ 	མགོན་པོ 	འཇམ་དབྱངས་ཀྱི 	།_། 	དོན	་དམ 	ཡང་དག 	མཚན 	བརྗོད་པའི 	།_། 	bstod tshogs ka_.txt	བླ  མ  མགོན་པོ  འཇམ་དབྱངས་ཀྱི  །_།  དོན ་དམ  ཡང་དག  མཚན  བརྗོད་པའི  །_། 
འཇམ་དཔལ་གྱི  དོན ་དམ་པ 	-ར་ཤོག 	_། 	འཕགས་པ 	རྗེ་བཙུན 	འཇམ་དཔལ་གྱི 	དོན	་དམ་པ 	-འི 	བསྟོད་པ་ཞེས 	བྱ་བ 	སློབ་དཔོན 	bstod tshogs ka_.txt	-ར་ཤོག  _།  འཕགས་པ  རྗེ་བཙུན  འཇམ་དཔལ་གྱི  དོན ་དམ་པ  -འི  བསྟོད་པ་ཞེས  བྱ་བ  སློབ་དཔོན 
འབད་པ  དོན ་ཡོད་ཕྱིར 	།_། 	ཐོག 	མ 	མེད་ནས 	འབད་པ 	དོན	་ཡོད་ཕྱིར 	།_། 	མ 	ག་དྷྭ་ཡི 	བྱང་ཆུབ་ཤིང 	bstod tshogs ka_.txt	།_།  ཐོག  མ  མེད་ནས  འབད་པ  དོན ་ཡོད་ཕྱིར  །_།  མ  ག་དྷྭ་ཡི  བྱང་ཆུབ་ཤིང 
-འི  དོན  ཕྱིར 	མཛད་ཅིང 	།_། 	བདེ 	བ 	-འི 	དོན 	ཕྱིར 	སྙིང་རྗེ 	-ས་འཇུག 	_། 	ཡང 	bstod tshogs ka_.txt	མཛད་ཅིང  །_།  བདེ  བ  -འི  དོན  ཕྱིར  སྙིང་རྗེ  -ས་འཇུག  _།  ཡང 
དག  དོན ་ལ 					དག 	དོན	་ལ 	ཞུགས 	གྱུར་པས 	།_། 	མྱ་ངན 	bstod tshogs ka_.txt	    དག  དོན ་ལ  ཞུགས  གྱུར་པས  །_།  མྱ་ངན 
 དོན ་པ་ཞེས 						དོན	་པ་ཞེས 	བྱ 	བ 	།༄༅༅།_། 	རྒྱ 	bstod tshogs ka_.txt	     དོན ་པ་ཞེས  བྱ  བ  །༄༅༅།_།  རྒྱ 
 དོན ་པ་ཞེས 						དོན	་པ་ཞེས 	བྱ་བ 	།_ 	འཇིག 	རྟེན 	bstod tshogs ka_.txt	     དོན ་པ་ཞེས  བྱ་བ  །_  འཇིག  རྟེན 
 དོན ་པ་ཞེས 						དོན	་པ་ཞེས 	བྱ་བ 	སློབ་དཔོན 	ཆེན་པོ 	ཀླུ་སྒྲུབ་ཀྱིས 	bstod tshogs ka_.txt	     དོན ་པ་ཞེས  བྱ་བ  སློབ་དཔོན  ཆེན་པོ  ཀླུ་སྒྲུབ་ཀྱིས 
 དོན  ཡོན་ཏན་ནོ 						དོན 	ཡོན་ཏན་ནོ 	།_། 	ཐམས་ཅད 	མཁྱེན་ལ 	ཡོན་ཏན་ཀུན 	bstod tshogs ka_.txt	     དོན  ཡོན་ཏན་ནོ  །_།  ཐམས་ཅད  མཁྱེན་ལ  ཡོན་ཏན་ཀུན 
ལྕེ་ནི  དོན  ཅན 	བསྐལ་པ 	-འི 	སྐྱོན་གྱིས་གནས 	།_། 	ལྕེ་ནི 	དོན 	ཅན 	མ 	གྱུར་ཏེ 	།_། 	གཞན་དུ 	bstod tshogs ka_.txt	བསྐལ་པ  -འི  སྐྱོན་གྱིས་གནས  །_།  ལྕེ་ནི  དོན  ཅན  མ  གྱུར་ཏེ  །_།  གཞན་དུ 
རང་གི  དོན ་ལ 	མེད 	ཤེས 	མོད་ཀྱིས 	།_། 	རང་གི 	དོན	་ལ 	གུས་པ་ཡིས 	།_། 	དེ་ཡི 	ཕྱོགས 	bstod tshogs ka_.txt	མེད  ཤེས  མོད་ཀྱིས  །_།  རང་གི  དོན ་ལ  གུས་པ་ཡིས  །_།  དེ་ཡི  ཕྱོགས 
ཕྱིར  དོན ་གྱིས 	ཟད་ཀྱང་དེ 	སློབ་ཅིང 	།_། 	གང 	ཕྱིར 	དོན	་གྱིས 	ཁྱོད 	མི་སློབ 	།_། 	གང་གི 	bstod tshogs ka_.txt	ཟད་ཀྱང་དེ  སློབ་ཅིང  །_།  གང  ཕྱིར  དོན ་གྱིས  ཁྱོད  མི་སློབ  །_།  གང་གི 
གཞན་གྱི  དོན  སླད་དུ 	རྗེས 	ལྟ་བས 	།_། 	ཁྱོད་ཀྱིས 	གཞན་གྱི 	དོན 	སླད་དུ 	།_། 	སྐུ 	སྲོག 	བཏང་ནས 	bstod tshogs ka_.txt	རྗེས  ལྟ་བས  །_།  ཁྱོད་ཀྱིས  གཞན་གྱི  དོན  སླད་དུ  །_།  སྐུ  སྲོག  བཏང་ནས 
ཅན  དོན ་དུ 	-ར 	སྤངས་པ་དང 	།_། 	སེམས 	ཅན 	དོན	་དུ 	ཁུར 	ཁྱེར་ཡང 	།_། 	ཐུགས་ནི 	bstod tshogs ka_.txt	-ར  སྤངས་པ་དང  །_།  སེམས  ཅན  དོན ་དུ  ཁུར  ཁྱེར་ཡང  །_།  ཐུགས་ནི 
གཞན  དོན ་གྱིས་ནི 	ཤིན་ཏུ 	མ 	ལུས་པས 	།_། 	གཞན 	དོན	་གྱིས་ནི 	དྲངས་པ 	-ས་ན 	།_། 	རང 	bstod tshogs ka_.txt	ཤིན་ཏུ  མ  ལུས་པས  །_།  གཞན  དོན ་གྱིས་ནི  དྲངས་པ  -ས་ན  །_།  རང 
ཡོད་ཀྱང  དོན ་མེད་པའོ 	མིག་ནི 	མེད་པ་སྟེ 	།_། 	ཡང་ན 	ཡོད་ཀྱང 	དོན	་མེད་པའོ 	།_། 	ཉེ 	བར 	ཞི་ལ་ཡིད་དུ་འོང 	bstod tshogs ka_.txt	མིག་ནི  མེད་པ་སྟེ  །_།  ཡང་ན  ཡོད་ཀྱང  དོན ་མེད་པའོ  །_།  ཉེ  བར  ཞི་ལ་ཡིད་དུ་འོང 
-འི  དོན  མཛད་ཅིང 	ངོ་མཚར་ཏེ 	།_། 	རྗེས་སུ 	མཐུན་པ 	-འི 	དོན 	མཛད་ཅིང 	།_། 	ཕྲིན་ལས 	གསལ་བ 	-ར 	bstod tshogs ka_.txt	ངོ་མཚར་ཏེ  །_།  རྗེས་སུ  མཐུན་པ  -འི  དོན  མཛད་ཅིང  །_།  ཕྲིན་ལས  གསལ་བ  -ར 
-འི  དོན ་གྱི 	གྲོང་གི་མཐར 	།_། 	གདུལ 	བ 	-འི 	དོན	་གྱི 	སླད་དུ་དྲངས 	།_། 	གཞན་ལ 	ཆགས་ཤིང 	bstod tshogs ka_.txt	གྲོང་གི་མཐར  །_།  གདུལ  བ  -འི  དོན ་གྱི  སླད་དུ་དྲངས  །_།  གཞན་ལ  ཆགས་ཤིང 
།_།  དོན  དམ་པ་ནི 	ཁྱོད་ཀྱི 	ཞབས་ཀྱིས 	འདོར་བ 	-ར་མཛད 	།_། 	དོན 	དམ་པ་ནི 	མ 	བརྙེས་པས 	།_། 	སྔོན་ནི 	bstod tshogs ka_.txt	ཁྱོད་ཀྱི  ཞབས་ཀྱིས  འདོར་བ  -ར་མཛད  །_།  དོན  དམ་པ་ནི  མ  བརྙེས་པས  །_།  སྔོན་ནི 
སེམས་ཅན  དོན  མཛད་འདི 	ཐུགས་རྗེ 	བསྟན་པ་ལགས 	།_། 	གལ་ཏེ 	སེམས་ཅན 	དོན 	མཛད་འདི 	།_། 	སེམས 	ཅན 	ཡོད་ན 	bstod tshogs ka_.txt	ཐུགས་རྗེ  བསྟན་པ་ལགས  །_།  གལ་ཏེ  སེམས་ཅན  དོན  མཛད་འདི  །_།  སེམས  ཅན  ཡོད་ན 
གཞན་གྱི  དོན ་དུ 	མི་བཟད 	ལྟར 	བརྩེ་མེད 	།_། 	གཞན་གྱི 	དོན	་དུ 	རབ 	བཟང་གི 	_། 	ཉིད་ཀྱི 	bstod tshogs ka_.txt	མི་བཟད  ལྟར  བརྩེ་མེད  །_།  གཞན་གྱི  དོན ་དུ  རབ  བཟང་གི  _།  ཉིད་ཀྱི 
 དོན ་ལ 						དོན	་ལ 	བརྩེ 	མེད་པས 	།_། 	མགོན་པོ 	bstod tshogs ka_.txt	     དོན ་ལ  བརྩེ  མེད་པས  །_།  མགོན་པོ 
ཉིད  དོན ་ལས 	དེ 	-ས་ནི་མཛད 	།_། 	ཁྱོད་ཀྱིས 	ཉིད 	དོན	་ལས 	ལྷག་པར 	།_། 	གཞན 	དོན 	bstod tshogs ka_.txt	དེ  -ས་ནི་མཛད  །_།  ཁྱོད་ཀྱིས  ཉིད  དོན ་ལས  ལྷག་པར  །_།  གཞན  དོན 
གཞན  དོན ་གྲུབ 	རེས་འགའ 	བསྟན་པ 	-ས་གང 	།_། 	གཞན 	དོན	་གྲུབ 	པར 	མཛད 	སླད་དུ 	།_། 	bstod tshogs ka_.txt	རེས་འགའ  བསྟན་པ  -ས་གང  །_།  གཞན  དོན ་གྲུབ  པར  མཛད  སླད་དུ  །_། 
བཟང་བ་དང  དོན ་ཆེ་དང 	བྱ་བ་སྟེ 	ལེའུ་དྲུག་པའོ 	།།_།། 	ཚིག 	བཟང་བ་དང 	དོན	་ཆེ་དང 	།_། 	བདེན་པ་དང་ནི 	སྙན་པ་དང 	།_། 	bstod tshogs ka_.txt	བྱ་བ་སྟེ  ལེའུ་དྲུག་པའོ  །།_།།  ཚིག  བཟང་བ་དང  དོན ་ཆེ་དང  །_།  བདེན་པ་དང་ནི  སྙན་པ་དང  །_། 
 དོན ་ལྡན་དང 	རབ 	གསལ་གཉིས 	ཀ 	-འི 		དོན	་ལྡན་དང 	།_། 	བསྡུས་དང 	སྤྲོས་པ་དང 	ལྡན་པ 	bstod tshogs ka_.txt	རབ  གསལ་གཉིས  ཀ  -འི   དོན ་ལྡན་དང  །_།  བསྡུས་དང  སྤྲོས་པ་དང  ལྡན་པ 
ཚོགས  དོན ་ནི 	བདེ་བླག 	རྟོགས་པ་དང 	།_། 	སྣ 	ཚོགས 	དོན	་ནི 	མ 	འཁྲུགས་དང 	།_། 	སྙིང་པོ 	bstod tshogs ka_.txt	བདེ་བླག  རྟོགས་པ་དང  །_།  སྣ  ཚོགས  དོན ་ནི  མ  འཁྲུགས་དང  །_།  སྙིང་པོ 
གསུང་ནི  དོན ་གྲུབ་པས 	འགའ་ཙམ 	སྙན་པ་ལགས 	།_། 	ཁྱོད་ཀྱི 	གསུང་ནི 	དོན	་གྲུབ་པས 	།_། 	ཐམས་ཅད 	ལེགས་གསུང 	ཁོ་ན་ལགས 	bstod tshogs ka_.txt	འགའ་ཙམ  སྙན་པ་ལགས  །_།  ཁྱོད་ཀྱི  གསུང་ནི  དོན ་གྲུབ་པས  །_།  ཐམས་ཅད  ལེགས་གསུང  ཁོ་ན་ལགས 
 དོན ་པ 						དོན	་པ 	-འི་ཕྱིར 	།_། 	ནམ 	མཁའ་ལྡིང་དང 	bstod tshogs ka_.txt	     དོན ་པ  -འི་ཕྱིར  །_།  ནམ  མཁའ་ལྡིང་དང 
།_།  དོན  གཟིགས་པ 	གསུང 	སུ 	-ས 	རྟོགས་འགྱུར 	།_། 	དོན 	གཟིགས་པ 	-ས་ན 	མི 	སླུ་བ 	།_། 	bstod tshogs ka_.txt	གསུང  སུ  -ས  རྟོགས་འགྱུར  །_།  དོན  གཟིགས་པ  -ས་ན  མི  སླུ་བ  །_། 
གདུག་པ་ལ་ཡང་བདེན  དོན ་ཕྱིར 	གདུལ 	བྱ་དང་ནི 	རྗེས་སུ་མཐུན 	།_། 	གདུག་པ་ལ་ཡང་བདེན 	དོན	་ཕྱིར 	།_། 	རེ་ཞིག 	དང་པོ 	-ར 	bstod tshogs ka_.txt	གདུལ  བྱ་དང་ནི  རྗེས་སུ་མཐུན  །_།  གདུག་པ་ལ་ཡང་བདེན  དོན ་ཕྱིར  །_།  རེ་ཞིག  དང་པོ  -ར 
 དོན ་དམ་པ 						དོན	་དམ་པ 	།_། 	ཤིན་ཏུ 	མ 	འདས་པ་ཡིས་ཀྱང 	bstod tshogs ka_.txt	     དོན ་དམ་པ  །_།  ཤིན་ཏུ  མ  འདས་པ་ཡིས་ཀྱང 
གསུང  དོན  མཆིས་ཏེ 	།_། 	དེ 	སླད 	ཁྱོད 	གསུང 	དོན 	མཆིས་ཏེ 	།_། 	བརྩོན 	འགྲུས 	ལེགས་པ 	bstod tshogs ka_.txt	།_།  དེ  སླད  ཁྱོད  གསུང  དོན  མཆིས་ཏེ  །_།  བརྩོན  འགྲུས  ལེགས་པ 
ཐར  དོན ་མིན 	གཞན་ལ་མེད 	།_། 	གཞན 	རྣམས་ཀྱང་ནི 	ཐར 	དོན	་མིན 	།_། 	དཀའ 	བས 	ཐོབ་ཅིང 	bstod tshogs ka_.txt	གཞན་ལ་མེད  །_།  གཞན  རྣམས་ཀྱང་ནི  ཐར  དོན ་མིན  །_།  དཀའ  བས  ཐོབ་ཅིང 
གཞན  དོན ་ལ 	སེམས་ནི 	ཉེར 	བླངས་ནས 	།_། 	གཞན 	དོན	་ལ 	ཆགས 	ཐུགས 	མངའ་བས 	།_། 	bstod tshogs ka_.txt	སེམས་ནི  ཉེར  བླངས་ནས  །_།  གཞན  དོན ་ལ  ཆགས  ཐུགས  མངའ་བས  །_། 
འགྲོ་བ་ཡི་ནི  དོན  སླད་དུ 	དམྱལ 	བར་ཡང་ནི 	དེ་བཞིན་བཞུགས 	།_། 	འགྲོ་བ་ཡི་ནི 	དོན 	སླད་དུ 	།_། 	སྡུག 	བསྔལ་མང 	ལྟར་གང 	bstod tshogs ka_.txt	དམྱལ  བར་ཡང་ནི  དེ་བཞིན་བཞུགས  །_།  འགྲོ་བ་ཡི་ནི  དོན  སླད་དུ  །_།  སྡུག  བསྔལ་མང  ལྟར་གང 
ལུང་གི  དོན ་ནི 	གཞག་དང 	སྡང་བ་ཞེས 	བྱ་འདིས 	།_། 	ལུང་གི 	དོན	་ནི 	བསམས་པ་དང 	།_། 	བསྒོམས་དང 	གུས་པ 	bstod tshogs ka_.txt	གཞག་དང  སྡང་བ་ཞེས  བྱ་འདིས  །_།  ལུང་གི  དོན ་ནི  བསམས་པ་དང  །_།  བསྒོམས་དང  གུས་པ 
 དོན ་གྱིས་དཀྲུགས 						དོན	་གྱིས་དཀྲུགས 	།_། 	དྲང 	སྲོང 	སྐྱེས་མཆོག 	bstod tshogs ka_.txt	     དོན ་གྱིས་དཀྲུགས  །_།  དྲང  སྲོང  སྐྱེས་མཆོག 
ལྟར་ཡང་ནི  དོན ་ལྡན་འཁུམས 	སྨོན 	མཛད་པ 	།_། 	དེ 	ལྟར་ཡང་ནི 	དོན	་ལྡན་འཁུམས 	།_། 	ཁྱོད 	ཐོས་པ 	-ས་ནི 	bstod tshogs ka_.txt	སྨོན  མཛད་པ  །_།  དེ  ལྟར་ཡང་ནི  དོན ་ལྡན་འཁུམས  །_།  ཁྱོད  ཐོས་པ  -ས་ནི 
།_།  དོན  ཀུན 	བཟང་བ 	-ས 	དགའ་བ 	-ར་མཛད 	།_། 	དོན 	ཀུན 	འགྲུབ 	ཕྱིར 	དཔལ 	ཡང 	bstod tshogs ka_.txt	བཟང་བ  -ས  དགའ་བ  -ར་མཛད  །_།  དོན  ཀུན  འགྲུབ  ཕྱིར  དཔལ  ཡང 
ཞི  དོན ་དུ 	།_། 	ཕྱི 	རོལ 	གཡེང་བ 	ཞི 	དོན	་དུ 	།_། 	ནང་གི 	ཆོག་ཤེས 	སྤངས་པ 	bstod tshogs ka_.txt	།_།  ཕྱི  རོལ  གཡེང་བ  ཞི  དོན ་དུ  །_།  ནང་གི  ཆོག་ཤེས  སྤངས་པ 
རང་གི  དོན ་ལ 	ཀུན་དུ 	འདའ་བ 	-ར་མཛད 	།_། 	རང་གི 	དོན	་ལ 	མི 	ལྟ་བས 	།_། 	ཉིད་ཀྱི 	bstod tshogs ka_.txt	ཀུན་དུ  འདའ་བ  -ར་མཛད  །_།  རང་གི  དོན ་ལ  མི  ལྟ་བས  །_།  ཉིད་ཀྱི 
-འི  དོན  སླད་མ 	དགོངས་སོ 	།_། 	འགྲོ 	བ 	-འི 	དོན 	སླད་མ 	ཆགས་པའི 	།_། 	ཐུགས་ཀྱིས 	བརྩོན་པ 	bstod tshogs ka_.txt	དགོངས་སོ  །_།  འགྲོ  བ  -འི  དོན  སླད་མ  ཆགས་པའི  །_།  ཐུགས་ཀྱིས  བརྩོན་པ 
 དོན  མཐར་ཐུག་དང 						དོན 	མཐར་ཐུག་དང 	།_། 	དེ་ནི 	ཁྱོད་ཀྱི 	ཆེ་བ་ལགས 	bstod tshogs ka_.txt	     དོན  མཐར་ཐུག་དང  །_།  དེ་ནི  ཁྱོད་ཀྱི  ཆེ་བ་ལགས 
 དོན ་ལ་ཡང 	།_། 	དེ་ལ 	མངོན་འདོད 			དོན	་ལ་ཡང 	།_། 	དེ 	ལྟ 	-འི 	bstod tshogs ka_.txt	།_།  དེ་ལ  མངོན་འདོད    དོན ་ལ་ཡང  །_།  དེ  ལྟ  -འི 
 དོན ་ཕྱིར 						དོན	་ཕྱིར 	།_། 	བྲན 	བཞིན 	བསྐོས་པ 	bstod tshogs ka_.txt	     དོན ་ཕྱིར  །_།  བྲན  བཞིན  བསྐོས་པ 
 དོན ་གྱིས 						དོན	་གྱིས 	ཟོས་པ་ནི 	།_། 	ཕྱིར་ཞིང 	ཤིན་ཏུ 	bstod tshogs ka_.txt	     དོན ་གྱིས  ཟོས་པ་ནི  །_།  ཕྱིར་ཞིང  ཤིན་ཏུ 
མཆོག  དོན  མཛད 	སྐྱེ 	མི་བགྱིད 	།_། 	ཤིན་ཏུ 	མཆོག 	དོན 	མཛད 	སླད་དུ 	།_། 	དམུ 	རྒོད 	bstod tshogs ka_.txt	སྐྱེ  མི་བགྱིད  །_།  ཤིན་ཏུ  མཆོག  དོན  མཛད  སླད་དུ  །_།  དམུ  རྒོད 
།_།  དོན  མེད་ཡང་ན 	།_། 	གཞན་གྱི 	ཆ་ལུགས 	སྣ་ཚོགས་ནི 	།_། 	དོན 	མེད་ཡང་ན 	གཞན 	གསོད་ཕྱིར 	།_། 	དོན 	bstod tshogs ka_.txt	།_།  གཞན་གྱི  ཆ་ལུགས  སྣ་ཚོགས་ནི  །_།  དོན  མེད་ཡང་ན  གཞན  གསོད་ཕྱིར  །_།  དོན 
 དོན  ཀུན 	ལྡན 	སྐུ་ནི 	སྣ་ཚོགས་པའི 	།_། 		དོན 	ཀུན 	མཛད་ལ 	ཕྱག 	འཚལ་ལོ 	།_། 	bstod tshogs ka_.txt	ལྡན  སྐུ་ནི  སྣ་ཚོགས་པའི  །_།   དོན  ཀུན  མཛད་ལ  ཕྱག  འཚལ་ལོ  །_། 
 དོན ་དུ 						དོན	་དུ 	ལྡན་པའི 	།_། 	སྤྱོད་པ 	མངའ 	bstod tshogs ka_.txt	     དོན ་དུ  ལྡན་པའི  །_།  སྤྱོད་པ  མངའ 
སྤྱོད་པ་དང་ནི  དོན ་མཐུན་པའི 	ཉོན་མོངས 	ཕལ་ཆེར 	འཁྲུགས་པ་ཡང 	།_། 	སྤྱོད་པ་དང་ནི 	དོན	་མཐུན་པའི 	།_། 	ལེགས 	གསུང 	ཁྱོད་ལ 	bstod tshogs ka_.txt	ཉོན་མོངས  ཕལ་ཆེར  འཁྲུགས་པ་ཡང  །_།  སྤྱོད་པ་དང་ནི  དོན ་མཐུན་པའི  །_།  ལེགས  གསུང  ཁྱོད་ལ 
རང  དོན  བྱེད་པ 	དག་གིས་ཀྱང 	ལན 	མ་ལོན 	།_། 	རང 	དོན 	བྱེད་པ 	-ར 	བདག 	མཆོག་ཅིང 	།_། 	bstod tshogs ka_.txt	དག་གིས་ཀྱང  ལན  མ་ལོན  །_།  རང  དོན  བྱེད་པ  -ར  བདག  མཆོག་ཅིང  །_། 
རང  དོན  ཁོ་ན 	ཁྱོད་ཀྱི 	ཆོས་ལ 	གནས་དེ་དག 	_། 	རང 	དོན 	ཁོ་ན 	བགྱིད་པ 	-ར་བས 	།_། 	དེ་ཡི 	bstod tshogs ka_.txt	ཁྱོད་ཀྱི  ཆོས་ལ  གནས་དེ་དག  _།  རང  དོན  ཁོ་ན  བགྱིད་པ  -ར་བས  །_།  དེ་ཡི 
 དོན  མི 						དོན 	མི 	འཚལ་བ 	-ར 	ཁྱོད་ཀྱི་ནི 	།_། 	bstod tshogs ka_.txt	     དོན  མི  འཚལ་བ  -ར  ཁྱོད་ཀྱི་ནི  །_། 
ཅན  དོན  མཛད 	མཐའ 	-ར་ཡང་ནི 	།_། 	སེམས 	ཅན 	དོན 	མཛད 	ཉིད 	གཟིགས་ནས 	།_། 	ཉིད་ཀྱི་བདེ་ལ 	bstod tshogs ka_.txt	མཐའ  -ར་ཡང་ནི  །_།  སེམས  ཅན  དོན  མཛད  ཉིད  གཟིགས་ནས  །_།  ཉིད་ཀྱི་བདེ་ལ 
གཞན  དོན  ཁོ་ན 	སྐུ་དང 	ཆོས 	འདི་དག 	_། 	གཞན 	དོན 	ཁོ་ན 	-ར 	མཛད་དོ་ཞེས 	།_། 	འཇིག 	bstod tshogs ka_.txt	སྐུ་དང  ཆོས  འདི་དག  _།  གཞན  དོན  ཁོ་ན  -ར  མཛད་དོ་ཞེས  །_།  འཇིག 
 དོན  མཛད་པ་ཉིད 						དོན 	མཛད་པ་ཉིད 	།_། 	གང་ཞིག 	ཐོག་མ 	དབུས 	bstod tshogs ka_.txt	     དོན  མཛད་པ་ཉིད  །_།  གང་ཞིག  ཐོག་མ  དབུས 
ཅན  དོན ་ལ 	གཟུགས་སྐུ་གཉིས 	བདག་ཉིད་ཀྱིས 	།_། 	སེམས 	ཅན 	དོན	་ལ 	ཕན 	མཛད་ཕྱིར 	།_། 	བུ 	bstod tshogs ka_.txt	གཟུགས་སྐུ་གཉིས  བདག་ཉིད་ཀྱིས  །_།  སེམས  ཅན  དོན ་ལ  ཕན  མཛད་ཕྱིར  །_།  བུ 
གཞན  དོན  སྤྱོད་པ 	སུམ 	ཚོགས 	ཐོབ་པ 	།_། 	གཞན 	དོན 	སྤྱོད་པ 	ངོ་མཚར 	དགེ་ལས་ཀྱི 	།_། 	ཡོན་ཏན 	bstod tshogs ka_.txt	སུམ  ཚོགས  ཐོབ་པ  །_།  གཞན  དོན  སྤྱོད་པ  ངོ་མཚར  དགེ་ལས་ཀྱི  །_།  ཡོན་ཏན 
རང  དོན  དགོངས་པ 	-ར 	བདག 	རྨོངས་པས 	།_། 	རང 	དོན 	དགོངས་པ 	-ས 	མི 	ནུས་པ 	-ར་ཡང་བྱས 	bstod tshogs ka_.txt	-ར  བདག  རྨོངས་པས  །_།  རང  དོན  དགོངས་པ  -ས  མི  ནུས་པ  -ར་ཡང་བྱས 
-འི  དོན  བཞི་པོ 	བཅད་པ 	འདི 	-ས་ནི 	བསྡུས་པ 	-འི 	དོན 	བཞི་པོ 	འདི 	ལྟ་སྟེ 	།_ 	ཡོན་ཏན 	bstod tshogs ka_.txt	བཅད་པ  འདི  -ས་ནི  བསྡུས་པ  -འི  དོན  བཞི་པོ  འདི  ལྟ་སྟེ  །_  ཡོན་ཏན 
-འི  དོན  བསྒྲུབ་པ 	-ར 	བྱ་བ་དང 	།_ 	འདོད་པ 	-འི 	དོན 	བསྒྲུབ་པ 	-ར 	བྱ་བ 	རྣམས 	བསྟན་ཏོ 	bstod tshogs ka_.txt	-ར  བྱ་བ་དང  །_  འདོད་པ  -འི  དོན  བསྒྲུབ་པ  -ར  བྱ་བ  རྣམས  བསྟན་ཏོ 
།_།  དོན  འདི 	-ས་ནི 	ང་རྒྱལ 	མེད་པ 	ཉིད་དོ 	།_། 	དོན 	འདི 	-ར 	བདག་ནི 	བློ་གྲོས 	རབ་ཏུ་ཆུང་ཡང 	bstod tshogs ka_.txt	-ས་ནི  ང་རྒྱལ  མེད་པ  ཉིད་དོ  །_།  དོན  འདི  -ར  བདག་ནི  བློ་གྲོས  རབ་ཏུ་ཆུང་ཡང 
-འི  དོན  བསྒྲུབ་པ 	བྱ་བ 	འདི 	-ས་ནི 	འདོད་པ 	-འི 	དོན 	བསྒྲུབ་པ 	-ར 	བྱ་བ 	བསྟན་ཏོ 	།_། 	bstod tshogs ka_.txt	བྱ་བ  འདི  -ས་ནི  འདོད་པ  -འི  དོན  བསྒྲུབ་པ  -ར  བྱ་བ  བསྟན་ཏོ  །_། 
ཅན་གྱི  དོན  བྱེད་པ 	-འི 	གནས་སྐབས་དང 	།_ 	སེམས 	ཅན་གྱི 	དོན 	བྱེད་པ 	-འི 	གནས་སྐབས 	རྣམས་དང 	ལྡན་པ་ཡིན་ནོ 	bstod tshogs ka_.txt	-འི  གནས་སྐབས་དང  །_  སེམས  ཅན་གྱི  དོན  བྱེད་པ  -འི  གནས་སྐབས  རྣམས་དང  ལྡན་པ་ཡིན་ནོ 
ཅན་གྱི  དོན  བྱ་བ 	-འི 	གནས་སྐབས་ཡིན་ནོ 	།_། 	སེམས 	ཅན་གྱི 	དོན 	བྱ་བ 	-འི 	གནས་སྐབས་ནི 	ཆོས་ཀྱི 	འཁོར་ལོ 	bstod tshogs ka_.txt	-འི  གནས་སྐབས་ཡིན་ནོ  །_།  སེམས  ཅན་གྱི  དོན  བྱ་བ  -འི  གནས་སྐབས་ནི  ཆོས་ཀྱི  འཁོར་ལོ 
གཞན་གྱི  དོན ་ལ 	།_། 	བསམ་པ 	-འི 	གནས་སྐབས་ནི 	གཞན་གྱི 	དོན	་ལ 	འཇུག་པ 	-ར 	འགྱུར་བ 	-འི 	bstod tshogs ka_.txt	།_།  བསམ་པ  -འི  གནས་སྐབས་ནི  གཞན་གྱི  དོན ་ལ  འཇུག་པ  -ར  འགྱུར་བ  -འི 
ལྟར་ན  དོན  བཅུས་ནི 	གསུངས་པ 	དག་སྟེ 	།_ 	དེ 	ལྟར་ན 	དོན 	བཅུས་ནི 	བསམ་པ 	བསྟན་ཏོ 	།_། 	དེ་ལ 	bstod tshogs ka_.txt	གསུངས་པ  དག་སྟེ  །_  དེ  ལྟར་ན  དོན  བཅུས་ནི  བསམ་པ  བསྟན་ཏོ  །_།  དེ་ལ 
གཞན་གྱི  དོན ་ལ 	-འང་ཞེས 	བྱ་བ 	འདི 	-ས་ནི 	གཞན་གྱི 	དོན	་ལ 	འགྱུར་བ 	-འི 	སྨོན་ལམ 	བསྟན་ཏོ 	bstod tshogs ka_.txt	-འང་ཞེས  བྱ་བ  འདི  -ས་ནི  གཞན་གྱི  དོན ་ལ  འགྱུར་བ  -འི  སྨོན་ལམ  བསྟན་ཏོ 
བཅུས  དོན  བཅུ 	དེ 	ལྟར 	ཚིགས་སུ 	བཅད་པ 	བཅུས 	དོན 	བཅུ 	བསྟན་པ་ཡིན་ནོ 	།_། 	བསམ་པ 	-འི 	bstod tshogs ka_.txt	དེ  ལྟར  ཚིགས་སུ  བཅད་པ  བཅུས  དོན  བཅུ  བསྟན་པ་ཡིན་ནོ  །_།  བསམ་པ  -འི 
 དོན ་གྱིས 						དོན	་གྱིས 	ཟིན་ལ་ཞེས 	བྱ་བ 	འདི་དག་གིས་ནི 	རྣམ་པ 	bstod tshogs ka_.txt	     དོན ་གྱིས  ཟིན་ལ་ཞེས  བྱ་བ  འདི་དག་གིས་ནི  རྣམ་པ 
ཤེས་རབ  དོན ་དམ་ཞེས 	བཞེད 	ཅེས་བྱ་བ 	འདི་དག་དང་གང 	སླད 	ཤེས་རབ 	དོན	་དམ་ཞེས 	བྱ་བ 	-འི 	ཚིགས་སུ 	བཅད་པ 	bstod tshogs ka_.txt	བཞེད  ཅེས་བྱ་བ  འདི་དག་དང་གང  སླད  ཤེས་རབ  དོན ་དམ་ཞེས  བྱ་བ  -འི  ཚིགས་སུ  བཅད་པ 
ལྟར་ན་ངོན  དོན ་གསུམ་དང 	པར 	བསྟན་ཏོ 	།_། 	དེ 	ལྟར་ན་ངོན 	དོན	་གསུམ་དང 	ལྡན་པ 	-ས་ནི 	སེམས་ཅན་གྱི 	དོན 	bstod tshogs ka_.txt	པར  བསྟན་ཏོ  །_།  དེ  ལྟར་ན་ངོན  དོན ་གསུམ་དང  ལྡན་པ  -ས་ནི  སེམས་ཅན་གྱི  དོན 
ཅན་གྱི  དོན  མཛད་པ 	གནས་སྐབས 	བསྟན་པ་ཡིན་ནོ 	།_། 	སེམས 	ཅན་གྱི 	དོན 	མཛད་པ 	-འི 	གནས་སྐབས་ཀྱི 	ལེའུ་སྟེ་དྲུག་པའོ 	།།_།། 	bstod tshogs ka_.txt	གནས་སྐབས  བསྟན་པ་ཡིན་ནོ  །_།  སེམས  ཅན་གྱི  དོན  མཛད་པ  -འི  གནས་སྐབས་ཀྱི  ལེའུ་སྟེ་དྲུག་པའོ  །།_།། 
ཅན་གྱི  དོན  མཛད་པ 	རྒྱུ་དང 	འབྲས་བུ་དང 	།_ 	སེམས 	ཅན་གྱི 	དོན 	མཛད་པ 	-འི 	གནས་སྐབས་ཀྱི 	སྨོན་ལམ 	ཇི་སྲིད 	bstod tshogs ka_.txt	རྒྱུ་དང  འབྲས་བུ་དང  །_  སེམས  ཅན་གྱི  དོན  མཛད་པ  -འི  གནས་སྐབས་ཀྱི  སྨོན་ལམ  ཇི་སྲིད 
-འི  དོན ་གྱི 	ཡོན་ཏན 	མཐའ་ཡས་པ 	-ར 	བསྟོད་པ 	-འི 	དོན	་གྱི 	ཚིག་ལེའུ 	-ར 	བྱས་པ 	།༄༅༅།_། 	bstod tshogs ka_.txt	ཡོན་ཏན  མཐའ་ཡས་པ  -ར  བསྟོད་པ  -འི  དོན ་གྱི  ཚིག་ལེའུ  -ར  བྱས་པ  །༄༅༅།_། 
-འི  དོན ་གྱི 	ཡོན་ཏན 	མཐའ་ཡས་པ 	-ར 	བསྟོད་པ 	-འི 	དོན	་གྱི 	ཚིག་ལེའུ 	-ར 	བྱས་པ 	།_ 	bstod tshogs ka_.txt	ཡོན་ཏན  མཐའ་ཡས་པ  -ར  བསྟོད་པ  -འི  དོན ་གྱི  ཚིག་ལེའུ  -ར  བྱས་པ  །_ 
བཅད  དོན  བཞི 	མེད་དང 	འདོད་དོན་བསྒྲུབ 	།_། 	ཚིགས 	བཅད 	དོན 	བཞི 	ལྡན་པ་ཡིས 	།_། 	བསྟོད་པ 	-འི 	bstod tshogs ka_.txt	མེད་དང  འདོད་དོན་བསྒྲུབ  །_།  ཚིགས  བཅད  དོན  བཞི  ལྡན་པ་ཡིས  །_།  བསྟོད་པ  -འི 
-འི  དོན  རྣམས 	འབྲས་བུ 	གཞན་དོན་གྱིས 	།_། 	བསྟོད་པ 	-འི 	དོན 	རྣམས 	ཐམས་ཅད་བསྡུས 	།_། 	དེ་ལ 	དང་པོ 	bstod tshogs ka_.txt	འབྲས་བུ  གཞན་དོན་གྱིས  །_།  བསྟོད་པ  -འི  དོན  རྣམས  ཐམས་ཅད་བསྡུས  །_།  དེ་ལ  དང་པོ 
སེམས་ཅན  དོན  ཉིད་བསྟན 	བྱང་ཆུབ་རྒྱུ 	།_། 	འབྲས 	བུ 	སེམས་ཅན 	དོན 	ཉིད་བསྟན 	།_། 	བསྟན་པ 	སྦྱོར་བ 	དབང 	bstod tshogs ka_.txt	བྱང་ཆུབ་རྒྱུ  །_།  འབྲས  བུ  སེམས་ཅན  དོན  ཉིད་བསྟན  །_།  བསྟན་པ  སྦྱོར་བ  དབང 
གཞན  དོན  བྱང་ཆུབ 	སྐབས་གསུམ་གྱིས 	རྒྱུ 	བསྟན་ཏོ 	།_། 	གཞན 	དོན 	བྱང་ཆུབ 	སྨོན་ལམ་གྱི 	།_། 	རང 	བཞིན་གྱིས་ནི 	bstod tshogs ka_.txt	སྐབས་གསུམ་གྱིས  རྒྱུ  བསྟན་ཏོ  །_།  གཞན  དོན  བྱང་ཆུབ  སྨོན་ལམ་གྱི  །_།  རང  བཞིན་གྱིས་ནི 
གཞན  དོན ་གསུམ་སྟེ 	ཡོན་ཏན 	སྤངས 	འབྱོར་བའོ 	།_། 	གཞན 	དོན	་གསུམ་སྟེ 	ཆོས 	བསྟན་དང 	།_། 	དམ 	bstod tshogs ka_.txt	ཡོན་ཏན  སྤངས  འབྱོར་བའོ  །_།  གཞན  དོན ་གསུམ་སྟེ  ཆོས  བསྟན་དང  །_།  དམ 
-འི  དོན ་ནི 	ཡོངས་སུ 	བསྔོ་བ་སྟེ 	།_། 	བསྟོད་པ 	-འི 	དོན	་ནི 	བསྡུས་པ་བསྟན 	།_། 	ཡོན་ཏན 	མཐའ་ཡས་པ 	bstod tshogs ka_.txt	ཡོངས་སུ  བསྔོ་བ་སྟེ  །_།  བསྟོད་པ  -འི  དོན ་ནི  བསྡུས་པ་བསྟན  །_།  ཡོན་ཏན  མཐའ་ཡས་པ 
 དོན ་གྱི 	-ར 	བསྟོད་པ 	-འི 			དོན	་གྱི 	ཚིག་ལེའུ 	-ར 	བྱས་པ 	སློབ་དཔོན 	bstod tshogs ka_.txt	-ར  བསྟོད་པ  -འི    དོན ་གྱི  ཚིག་ལེའུ  -ར  བྱས་པ  སློབ་དཔོན 
ཉིད་ཀྱི  དོན ་དང 	རང་བཞིན 	གཟིངས 	བཅས་ཏེ 	།_། 	ཉིད་ཀྱི 	དོན	་དང 	འགྲོ་བ 	ཆེན་པོ 	-འི 	གཞན་དོན་མཛད 	bstod tshogs ka_.txt	རང་བཞིན  གཟིངས  བཅས་ཏེ  །_།  ཉིད་ཀྱི  དོན ་དང  འགྲོ་བ  ཆེན་པོ  -འི  གཞན་དོན་མཛད 
གཞན་གྱི  དོན  ཆེན་པོ 	ཡིན་ཡང 	སྙིང་རྗེ 	ཆེན་པོ་དང 	བྲལ་ན 	གཞན་གྱི 	དོན 	ཆེན་པོ 	མཚར་ཅིག 	མི 	བྱེད་དེ 	།_ 	bstod tshogs ka_.txt	ཡིན་ཡང  སྙིང་རྗེ  ཆེན་པོ་དང  བྲལ་ན  གཞན་གྱི  དོན  ཆེན་པོ  མཚར་ཅིག  མི  བྱེད་དེ  །_ 
-འི  དོན ་ཡིན་ནོ 	གསུངས་ཏེ 	།_ 	འདི་ནི 	བསྡུས་པ 	-འི 	དོན	་ཡིན་ནོ 	།_། 	ཚིག 	རྣམ་པ 	-ར 	bstod tshogs ka_.txt	གསུངས་ཏེ  །_  འདི་ནི  བསྡུས་པ  -འི  དོན ་ཡིན་ནོ  །_།  ཚིག  རྣམ་པ  -ར 
-འི  དོན ་ཏོ 	དག་པ 	ལས་མི 	འདའ་བ་ཞེས 	བྱ་བ 	-འི 	དོན	་ཏོ 	།_། 	འདིས་ནི 	མི་འགྱུར་བ 	-ས 	bstod tshogs ka_.txt	དག་པ  ལས་མི  འདའ་བ་ཞེས  བྱ་བ  -འི  དོན ་ཏོ  །_།  འདིས་ནི  མི་འགྱུར་བ  -ས 
 དོན ་ཏོ 						དོན	་ཏོ 	།_། 	ཁ་ཅིག་ནི 	།_ 	ཡོན་ཏན 	bstod tshogs ka_.txt	     དོན ་ཏོ  །_།  ཁ་ཅིག་ནི  །_  ཡོན་ཏན 
 དོན ་ཏོ 						དོན	་ཏོ 	།_། 	འདི་ནི 	གཞན 	བསྒྲིམ 	bstod tshogs ka_.txt	     དོན ་ཏོ  །_།  འདི་ནི  གཞན  བསྒྲིམ 
མཆོག་ནི  དོན ་དུ 	།_། 	གཞན 	དག 	ན་རེ 	མཆོག་ནི 	དོན	་དུ 	གཉེར་བ 	-ར 	བྱ་བའོ 	།_། 	bstod tshogs ka_.txt	།_།  གཞན  དག  ན་རེ  མཆོག་ནི  དོན ་དུ  གཉེར་བ  -ར  བྱ་བའོ  །_། 
-འི  དོན ་གྱི་དེ 	-ར 	མངོན་པ 	-ར 	འདོད་པ 	-འི 	དོན	་གྱི་དེ 	ཁོ་ན་ཉིད 	ཐམས་ཅད 	རྫོགས་པ 	ཉིད་དུ 	bstod tshogs ka_.txt	-ར  མངོན་པ  -ར  འདོད་པ  -འི  དོན ་གྱི་དེ  ཁོ་ན་ཉིད  ཐམས་ཅད  རྫོགས་པ  ཉིད་དུ 
-འི  དོན ་ནི 	གསུངས་སོ 	།_། 	འགྲོ 	བ 	-འི 	དོན	་ནི 	ཕན་པ་སྟེ 	།_ 	བདེ 	འགྲོ་གཉིས 	bstod tshogs ka_.txt	གསུངས་སོ  །_།  འགྲོ  བ  -འི  དོན ་ནི  ཕན་པ་སྟེ  །_  བདེ  འགྲོ་གཉིས 
-འི  དོན  མཛད་པ 	ཡས་པའོ 	།_། 	འགྲོ 	བ 	-འི 	དོན 	མཛད་པ 	-འི 	ཡུལ་དང 	དུས་མཐའ 	ཡས་ཤིང 	bstod tshogs ka_.txt	ཡས་པའོ  །_།  འགྲོ  བ  -འི  དོན  མཛད་པ  -འི  ཡུལ་དང  དུས་མཐའ  ཡས་ཤིང 
-འི  དོན ་གྱི་དེ 	དེ་སྐད་ཅེས་བྱའོ 	།_། 	འདིར 	བསྡུས་པ 	-འི 	དོན	་གྱི་དེ 	ཁོ་ན་ཉིད་ནི 	འདི་ཡིན་ཏེ 	།_ 	བྱང 	bstod tshogs ka_.txt	དེ་སྐད་ཅེས་བྱའོ  །_།  འདིར  བསྡུས་པ  -འི  དོན ་གྱི་དེ  ཁོ་ན་ཉིད་ནི  འདི་ཡིན་ཏེ  །_  བྱང 
-ས  དོན ་དམ་པ་བ 	།_ 	ཕྱིན་ཅི 	མ 	ལོག་པ 	-ས 	དོན	་དམ་པ་བ 	།_ 	རང་གི 	ངང་གིས 	འབྱུང་བ 	bstod tshogs ka_.txt	།_  ཕྱིན་ཅི  མ  ལོག་པ  -ས  དོན ་དམ་པ་བ  །_  རང་གི  ངང་གིས  འབྱུང་བ 
མཐའ་དག་གི  དོན  མཛད་ཅིང 	ཐམས་ཅད་དུ 	མེད་པ 	ཐམས་ཅད 	དུ་འགྲོ་བ 	མཐའ་དག་གི 	དོན 	མཛད་ཅིང 	།_ 	ཆོས་ཀྱི 	འཁོར་ལོ 	བསྐོར་བ 	bstod tshogs ka_.txt	ཐམས་ཅད་དུ  མེད་པ  ཐམས་ཅད  དུ་འགྲོ་བ  མཐའ་དག་གི  དོན  མཛད་ཅིང  །_  ཆོས་ཀྱི  འཁོར་ལོ  བསྐོར་བ 
-འི  དོན ་ཏོ 	འགྱུར་བ་ནི 	འགྲོ་བ་སྟེ 	འགྱུར་བ་ཞེས 	བྱ་བ 	-འི 	དོན	་ཏོ 	།_། 	གང་ཞིག་ཅེ་ན 	།_ 	ཐུགས 	bstod tshogs ka_.txt	འགྱུར་བ་ནི  འགྲོ་བ་སྟེ  འགྱུར་བ་ཞེས  བྱ་བ  -འི  དོན ་ཏོ  །_།  གང་ཞིག་ཅེ་ན  །_  ཐུགས 
-འི  དོན ་ཏོ 	ཇི་སྲིད 	པར 	འབྱུང་ངོ་ཞེས 	བྱ་བ 	-འི 	དོན	་ཏོ 	།_། 	དེ 	ལྟ 	ཡིན་པ 	bstod tshogs ka_.txt	ཇི་སྲིད  པར  འབྱུང་ངོ་ཞེས  བྱ་བ  -འི  དོན ་ཏོ  །_།  དེ  ལྟ  ཡིན་པ 
རང་གི  དོན  ཉིད་ཀྱི 	-འི 	གནས་སྐབས་སོ 	།_། 	འདིར་ཡང 	རང་གི 	དོན 	ཉིད་ཀྱི 	རྐྱེན་ཡིན་ནོ 	།_། 	དེ 	ཉིད་བདེ 	bstod tshogs ka_.txt	-འི  གནས་སྐབས་སོ  །_།  འདིར་ཡང  རང་གི  དོན  ཉིད་ཀྱི  རྐྱེན་ཡིན་ནོ  །_།  དེ  ཉིད་བདེ 
-འི  དོན ་ལ 	-འི 	ཕྱིར 	བརྡར 	བཏགས་པ 	-འི 	དོན	་ལ 	མངོན་པ 	-ར 	ཞེན་པ 	-ར 	bstod tshogs ka_.txt	-འི  ཕྱིར  བརྡར  བཏགས་པ  -འི  དོན ་ལ  མངོན་པ  -ར  ཞེན་པ  -ར 
སྙད  དོན ་དུ 	རྒྱུ 	-འི་བྱུང 	།_། 	ཐ 	སྙད 	དོན	་དུ 	བྱེད་པ་སྟེ 	།_། 	སྡེབ 	སྦྱོར 	bstod tshogs ka_.txt	རྒྱུ  -འི་བྱུང  །_།  ཐ  སྙད  དོན ་དུ  བྱེད་པ་སྟེ  །_།  སྡེབ  སྦྱོར 
-འི  དོན ་ཏོ 	ཉིད 	བསྒྲུབས་པ་དང 	ལྡན་པ་ཞེས 	བྱ་བ 	-འི 	དོན	་ཏོ 	།_། 	ཡང་ན 	མཆོག་གི 	སྦྱིན་པ 	bstod tshogs ka_.txt	ཉིད  བསྒྲུབས་པ་དང  ལྡན་པ་ཞེས  བྱ་བ  -འི  དོན ་ཏོ  །_།  ཡང་ན  མཆོག་གི  སྦྱིན་པ 
རང་གི  དོན ་གྱི 	སྦྱིན་པ 	མཆོག་གོ 	།_། 	དེས་ན 	རང་གི 	དོན	་གྱི 	རྐྱེན་ཡིན་ནོ 	།_། 	དེས 	གནས་མཆོག 	bstod tshogs ka_.txt	སྦྱིན་པ  མཆོག་གོ  །_།  དེས་ན  རང་གི  དོན ་གྱི  རྐྱེན་ཡིན་ནོ  །_།  དེས  གནས་མཆོག 
-འི  དོན ་ཏོ 	-འི 	ཡེ་ཤེས 	གཟིགས་པ་ཞེས 	བྱ་བ 	-འི 	དོན	་ཏོ 	།_། 	དེ་འང 	ཅི 	-འི 	bstod tshogs ka_.txt	-འི  ཡེ་ཤེས  གཟིགས་པ་ཞེས  བྱ་བ  -འི  དོན ་ཏོ  །_།  དེ་འང  ཅི  -འི 
།_  དོན  ཀུན་གྲུབ 	དམ་ཚིག་གསུམ་པའོ 	།_། 	ཡང་ན 	དམ་ཚིག་གསུམ་ནི 	།_ 	དོན 	ཀུན་གྲུབ 	པར 	བྱ་བ 	-འི་ཕྱིར 	།_། 	bstod tshogs ka_.txt	དམ་ཚིག་གསུམ་པའོ  །_།  ཡང་ན  དམ་ཚིག་གསུམ་ནི  །_  དོན  ཀུན་གྲུབ  པར  བྱ་བ  -འི་ཕྱིར  །_། 
 དོན ་མཛད 						དོན	་མཛད 	།_། 	དུག་གསུམ 	ནད 	སེལ 	bstod tshogs ka_.txt	     དོན ་མཛད  །_།  དུག་གསུམ  ནད  སེལ 