 ཏུ ་ཡང 						ཏུ	་ཡང 	།_། 	མཉམ 	པར 	གཞག་ཅིང 	bstod tshogs ka_.txt	     ཏུ ་ཡང  །_།  མཉམ  པར  གཞག་ཅིང 
 ཏུ  བློ་གྲོས 						ཏུ 	བློ་གྲོས 	མི 	ཐོགས་པ 	།_། 	སྟོན 	bstod tshogs ka_.txt	     ཏུ  བློ་གྲོས  མི  ཐོགས་པ  །_།  སྟོན 
 ཏུ  རྟོགས་པ 						ཏུ 	རྟོགས་པ 	-ར་འགྱུར 	།_། 	མཐོང་བ 	ཙམ་གྱིས 	bstod tshogs ka_.txt	     ཏུ  རྟོགས་པ  -ར་འགྱུར  །_།  མཐོང་བ  ཙམ་གྱིས 
 ཏུ  འབྲས་བུ 						ཏུ 	འབྲས་བུ 	ཡོད 	མཛད་པ 	།_། 	མི 	bstod tshogs ka_.txt	     ཏུ  འབྲས་བུ  ཡོད  མཛད་པ  །_།  མི 
 ཏུ ་ནི 						ཏུ	་ནི 	གཟིགས 	མཛད་པ 	།_། 	ཐུགས 	bstod tshogs ka_.txt	     ཏུ ་ནི  གཟིགས  མཛད་པ  །_།  ཐུགས 
 ཏུ ་སྟ་བཾ 						ཏུ	་སྟ་བཾ 	།_ 	བོད 	སྐད་དུ 	།_ 	bstod tshogs ka_.txt	     ཏུ ་སྟ་བཾ  །_  བོད  སྐད་དུ  །_ 
 ཏུ  དྲི་མེད་འགྱུར 						ཏུ 	དྲི་མེད་འགྱུར 	།_། 	ཇི 	ལྟར 	མར་མེ་བུམ 	bstod tshogs ka_.txt	     ཏུ  དྲི་མེད་འགྱུར  །_།  ཇི  ལྟར  མར་མེ་བུམ 
 ཏུ  དྲི་མེད་པ 						ཏུ 	དྲི་མེད་པ 	-འང 	_།_། 	འཁོར་བ 	-ར 	bstod tshogs ka_.txt	     ཏུ  དྲི་མེད་པ  -འང  _།_།  འཁོར་བ  -ར 
 ཏུ ་གསལ 						ཏུ	་གསལ 	།_། 	ཆུ་ཤིང 	སྙིང་པོ 	མེད་དོ་ཞེས 	bstod tshogs ka_.txt	     ཏུ ་གསལ  །_།  ཆུ་ཤིང  སྙིང་པོ  མེད་དོ་ཞེས 
 ཏུ  སེམས་ནི 						ཏུ 	སེམས་ནི 	སྦྱོང་བྱེད་པའི 	།_། 	ཆོས་ནི 	རང་བཞིན 	bstod tshogs ka_.txt	     ཏུ  སེམས་ནི  སྦྱོང་བྱེད་པའི  །_།  ཆོས་ནི  རང་བཞིན 
 ཏུ ་ཤེས 						ཏུ	་ཤེས 	།_། 	སྒྲ་དང 	རྣ་བ་ལ 	བརྟེན་ནས 	bstod tshogs ka_.txt	     ཏུ ་ཤེས  །_།  སྒྲ་དང  རྣ་བ་ལ  བརྟེན་ནས 
 ཏུ  འཛིན་ལས 						ཏུ 	འཛིན་ལས 	འཁོར་བ་སྟེ 	།_། 	སོ་སོ 	-ར 	bstod tshogs ka_.txt	     ཏུ  འཛིན་ལས  འཁོར་བ་སྟེ  །_།  སོ་སོ  -ར 
 ཏུ  ཞི་བ 						ཏུ 	ཞི་བ 	-ར 	གྱུར་པ་ཡིས 	།_། 	བདག་ལ 	bstod tshogs ka_.txt	     ཏུ  ཞི་བ  -ར  གྱུར་པ་ཡིས  །_།  བདག་ལ 
 ཏུ  མེད་པ 						ཏུ 	མེད་པ 	-འི 	བསྐལ་པ 	-ར་ནི 	།_། 	bstod tshogs ka_.txt	     ཏུ  མེད་པ  -འི  བསྐལ་པ  -ར་ནི  །_། 
 ཏུ ་འཇུག 						ཏུ	་འཇུག 	_། 	བྱང 	ཆུབ 	རིང་བ 	bstod tshogs ka_.txt	     ཏུ ་འཇུག  _།  བྱང  ཆུབ  རིང་བ 
 ཏུ  ཤེས་རབ 						ཏུ 	ཤེས་རབ 	བསྟེན་པ་སྟེ 	།_། 	འདི་ཡང 	བྱང་ཆུབ 	bstod tshogs ka_.txt	     ཏུ  ཤེས་རབ  བསྟེན་པ་སྟེ  །_།  འདི་ཡང  བྱང་ཆུབ 
 ཏུ  མོས་པ 						ཏུ 	མོས་པ 	བརྟན་པོ་ཡིས 	།_། 	སེམས 	དེ་ཡང 	bstod tshogs ka_.txt	     ཏུ  མོས་པ  བརྟན་པོ་ཡིས  །_།  སེམས  དེ་ཡང 
 ཏུ  དྲི་མ་ཅན 						ཏུ 	དྲི་མ་ཅན 	།_། 	དྲི 	མ 	མེད་པ 	bstod tshogs ka_.txt	     ཏུ  དྲི་མ་ཅན  །_།  དྲི  མ  མེད་པ 
 ཏུ  དག་པ 						ཏུ 	དག་པ 	-འི 	འོད་ཀྱིས་གསལ 	།_། 	འདུ 	bstod tshogs ka_.txt	     ཏུ  དག་པ  -འི  འོད་ཀྱིས་གསལ  །_།  འདུ 
 ཏུ  སྦྱང 						ཏུ 	སྦྱང 	དཀའ་ལས 	།_། 	རྣམ 	པར 	bstod tshogs ka_.txt	     ཏུ  སྦྱང  དཀའ་ལས  །_།  རྣམ  པར 
 ཏུ  དྲི་མེད 						ཏུ 	དྲི་མེད 	ཆོས་ཀྱི་སྐུ 	།_། 	དྲི 	མ 	bstod tshogs ka_.txt	     ཏུ  དྲི་མེད  ཆོས་ཀྱི་སྐུ  །_།  དྲི  མ 
 ཏུ  རྟོགས་དཀའ་བའི 						ཏུ 	རྟོགས་དཀའ་བའི 	།_། 	ཆོས 	ཉིད 	སངས་རྒྱས 	bstod tshogs ka_.txt	     ཏུ  རྟོགས་དཀའ་བའི  །_།  ཆོས  ཉིད  སངས་རྒྱས 
 ཏུ  །_། 						ཏུ 	།_། 	ཡི་གེ 	གཅིག་ཀྱང 	མ 	གསུངས་ལ 	bstod tshogs ka_.txt	     ཏུ  །_།  ཡི་གེ  གཅིག་ཀྱང  མ  གསུངས་ལ 
 ཏུ ་མཐོང 						ཏུ	་མཐོང 	།_། 	ཆོས 	ཉིད 	མཐོང་བ 	bstod tshogs ka_.txt	     ཏུ ་མཐོང  །_།  ཆོས  ཉིད  མཐོང་བ 
 ཏུ ་བསྟན 						ཏུ	་བསྟན 	།_། 	ཆོས་ཀྱི 	དབྱིངས་ལ 	དབྱེ 	bstod tshogs ka_.txt	     ཏུ ་བསྟན  །_།  ཆོས་ཀྱི  དབྱིངས་ལ  དབྱེ 
 ཏུ  རྟོགས་དཀའ 						ཏུ 	རྟོགས་དཀའ 	ཐུབ་པ 	-འི 	ཆོས་ཀྱི 	སྣོད 	bstod tshogs ka_.txt	     ཏུ  རྟོགས་དཀའ  ཐུབ་པ  -འི  ཆོས་ཀྱི  སྣོད 
 ཏུ ་བསྟན 						ཏུ	་བསྟན 	།_། 	གང 	དག 	རྒྱུ་ལ 	bstod tshogs ka_.txt	     ཏུ ་བསྟན  །_།  གང  དག  རྒྱུ་ལ 
 ཏུ ་སྨད 						ཏུ	་སྨད 	།_། 	བེམས་པོ 	གཞན་དབང 	སྟོང་པ་ཉིད 	bstod tshogs ka_.txt	     ཏུ ་སྨད  །_།  བེམས་པོ  གཞན་དབང  སྟོང་པ་ཉིད 
 ཏུ  ཡོད 						ཏུ 	ཡོད 	མ་ཡིན 	།_། 	སེམས 	ཐོབ་པ་ནི 	bstod tshogs ka_.txt	     ཏུ  ཡོད  མ་ཡིན  །_།  སེམས  ཐོབ་པ་ནི 
 ཏུ ་འདས 						ཏུ	་འདས 	།_། 	ངག་གིས 	བརྗོད་པ 	-འི 	bstod tshogs ka_.txt	     ཏུ ་འདས  །_།  ངག་གིས  བརྗོད་པ  -འི 
 ཏུ  ཟབ་པ་གཉིས 						ཏུ 	ཟབ་པ་གཉིས 	བརྙེས་པ 	།_། 	ཟབ་མོ 	ཁྱོད་ལ 	bstod tshogs ka_.txt	     ཏུ  ཟབ་པ་གཉིས  བརྙེས་པ  །_།  ཟབ་མོ  ཁྱོད་ལ 
 ཏུ  དམ་པ 						ཏུ 	དམ་པ 	-འི 	ཆོས་ཀྱི 	སྒྲ 	སྐད 	bstod tshogs ka_.txt	     ཏུ  དམ་པ  -འི  ཆོས་ཀྱི  སྒྲ  སྐད 
 ཏུ  མེ 						ཏུ 	མེ 	འབར 	བཞིན་དུ་གང 	སྣང་ཞིང 	།_། 	bstod tshogs ka_.txt	     ཏུ  མེ  འབར  བཞིན་དུ་གང  སྣང་ཞིང  །_། 
 ཏུ  ཞི་བ 						ཏུ 	ཞི་བ 	-ར་གང 	སྣང་ལ 	།_། 	སྣ 	bstod tshogs ka_.txt	     ཏུ  ཞི་བ  -ར་གང  སྣང་ལ  །_།  སྣ 
 ཏུ  འདས་པ་ལ 						ཏུ 	འདས་པ་ལ 	།_། 	བདག་གིས 	དད་པ 	-ས 	bstod tshogs ka_.txt	     ཏུ  འདས་པ་ལ  །_།  བདག་གིས  དད་པ  -ས 
 ཏུ  ཕྱིན་པ 						ཏུ 	ཕྱིན་པ 	རྣམས 	ཡུན་རིང་པོ 	-ར 	ཉེ་བ 	bstod tshogs ka_.txt	     ཏུ  ཕྱིན་པ  རྣམས  ཡུན་རིང་པོ  -ར  ཉེ་བ 
 ཏུ  མགུ་བ 						ཏུ 	མགུ་བ 	-འི 	རྒྱུ 	-ར་རོ 	།_། 	bstod tshogs ka_.txt	     ཏུ  མགུ་བ  -འི  རྒྱུ  -ར་རོ  །_། 
 ཏུ  དམ་པ 						ཏུ 	དམ་པ 	-འི 	ཆོས་ཀྱི 	སྒྲ 	སྐད 	bstod tshogs ka_.txt	     ཏུ  དམ་པ  -འི  ཆོས་ཀྱི  སྒྲ  སྐད 
 ཏུ  རྒྱ་ཆེ་བ 						ཏུ 	རྒྱ་ཆེ་བ 	-འི 	དམ་པ 	-འི 	ཆོས་ཀྱི 	bstod tshogs ka_.txt	     ཏུ  རྒྱ་ཆེ་བ  -འི  དམ་པ  -འི  ཆོས་ཀྱི 
 ཏུ ་མང་ཞིང 						ཏུ	་མང་ཞིང 	རྒྱ་ཆེ་བ་ལ 	སོགས་པ 	-འི 	དམ་པ 	bstod tshogs ka_.txt	     ཏུ ་མང་ཞིང  རྒྱ་ཆེ་བ་ལ  སོགས་པ  -འི  དམ་པ 
 ཏུ  མེ 						ཏུ 	མེ 	འབར 	བཞིན་དུ་གང 	སྣང་ཞིང 	།_། 	bstod tshogs ka_.txt	     ཏུ  མེ  འབར  བཞིན་དུ་གང  སྣང་ཞིང  །_། 
 ཏུ  མེ་དང 						ཏུ 	མེ་དང 	འདྲ་ཞིང 	བྱིན་ཟ 	བཞིན་དུ 	ཀུན་ནས 	bstod tshogs ka_.txt	     ཏུ  མེ་དང  འདྲ་ཞིང  བྱིན་ཟ  བཞིན་དུ  ཀུན་ནས 
 ཏུ  འབར་བ 						ཏུ 	འབར་བ 	-ར 	སྣང་བའོ 	།_། 	གནས་གང་དུ 	bstod tshogs ka_.txt	     ཏུ  འབར་བ  -ར  སྣང་བའོ  །_།  གནས་གང་དུ 
 ཏུ  ཞི་བ 						ཏུ 	ཞི་བ 	-ར་གང 	སྣང་ལ 	།_། 	ཞེས་པ་ནི 	bstod tshogs ka_.txt	     ཏུ  ཞི་བ  -ར་གང  སྣང་ལ  །_།  ཞེས་པ་ནི 
 ཏུ  བཞུགས་པ 						ཏུ 	བཞུགས་པ 	-འི 	དམ་པ 	ཏོག 	དཀར་པོ་དང 	bstod tshogs ka_.txt	     ཏུ  བཞུགས་པ  -འི  དམ་པ  ཏོག  དཀར་པོ་དང 
 ཏུ  གྱུར་ནས 						ཏུ 	གྱུར་ནས 	ལྷུམས་སུ 	འཇུག་པ་དང 	།_ 	བལྟམས་པ་དང 	bstod tshogs ka_.txt	     ཏུ  གྱུར་ནས  ལྷུམས་སུ  འཇུག་པ་དང  །_  བལྟམས་པ་དང 
 ཏུ ལ་བ་དང 						ཏུ	ལ་བ་དང 	།_ 	མངོན 	པར་བྱང 	ཆུབ་པ་དང 	bstod tshogs ka_.txt	     ཏུ ལ་བ་དང  །_  མངོན  པར་བྱང  ཆུབ་པ་དང 
 ཏུ  སྟོན་པ 						ཏུ 	སྟོན་པ 	-འི 	སྤྲུལ་པ 	-འི 	སྐུ་ལ 	bstod tshogs ka_.txt	     ཏུ  སྟོན་པ  -འི  སྤྲུལ་པ  -འི  སྐུ་ལ 
 ཏུ  སྒྲུབ 						ཏུ 	སྒྲུབ 	ཅེས་བྱ་བ 	-འི 	དོན 	ཡིན་པ 	bstod tshogs ka_.txt	     ཏུ  སྒྲུབ  ཅེས་བྱ་བ  -འི  དོན  ཡིན་པ 
 ཏུ  ཕྱིན་པ་དྲུག་དང 						ཏུ 	ཕྱིན་པ་དྲུག་དང 	ལྡན་པའོ 	།_། 	དེ 	ཡོངས་སུ 	bstod tshogs ka_.txt	     ཏུ  ཕྱིན་པ་དྲུག་དང  ལྡན་པའོ  །_།  དེ  ཡོངས་སུ 
 ཏུ  མེད་པ་སྟེ 						ཏུ 	མེད་པ་སྟེ 	།_ 	བསོད 	ནམ 	-ས་དང 	bstod tshogs ka_.txt	     ཏུ  མེད་པ་སྟེ  །_  བསོད  ནམ  -ས་དང 
 ཏུ  མེད་པ་ལས 						ཏུ 	མེད་པ་ལས 	བྱུང་བ་ནི 	དེ་ལས 	སྐྱེས་པའོ 	།_། 	bstod tshogs ka_.txt	     ཏུ  མེད་པ་ལས  བྱུང་བ་ནི  དེ་ལས  སྐྱེས་པའོ  །_། 
 ཏུ  འདས་པ་ཞེས 						ཏུ 	འདས་པ་ཞེས 	བྱ་བ་སྟེ 	།_ 	དམིགས་སུ 	ཡོད་པ 	bstod tshogs ka_.txt	     ཏུ  འདས་པ་ཞེས  བྱ་བ་སྟེ  །_  དམིགས་སུ  ཡོད་པ 
 ཏུ  འདས་པ 						ཏུ 	འདས་པ 	-འི 	དོན་ཏོ 	།_། 	དེ 	bstod tshogs ka_.txt	     ཏུ  འདས་པ  -འི  དོན་ཏོ  །_།  དེ 
 ཏུ  འཛུད་ཅིང 						ཏུ 	འཛུད་ཅིང 	འགོད་པ 	-ར 	ཤོག་ཅིག 	ཅེས་བྱ་བ 	bstod tshogs ka_.txt	     ཏུ  འཛུད་ཅིང  འགོད་པ  -ར  ཤོག་ཅིག  ཅེས་བྱ་བ 
 ཏུ  ཉམས 						ཏུ 	ཉམས 	མེད 	རྒྱ་ཆེན 	སྙིང་པོ 	དོན་གྱི 	bstod tshogs ka_.txt	     ཏུ  ཉམས  མེད  རྒྱ་ཆེན  སྙིང་པོ  དོན་གྱི 
 ཏུ  མཁས་ཤིང 						ཏུ 	མཁས་ཤིང 	དོན་གྱི 	རྗེས 	འབྲང 	འདི 	bstod tshogs ka_.txt	     ཏུ  མཁས་ཤིང  དོན་གྱི  རྗེས  འབྲང  འདི 
 ཏུ  བདེ་བ 						ཏུ 	བདེ་བ 	-ར 	གཤེགས་པ་མཆོད 	།_། 	ང 	bstod tshogs ka_.txt	     ཏུ  བདེ་བ  -ར  གཤེགས་པ་མཆོད  །_།  ང 
 ཏུ  གནོད་པ 						ཏུ 	གནོད་པ 	-འི་མཆོག 	_། 	བདེ་དང 	སྡུག་བསྔལ 	bstod tshogs ka_.txt	     ཏུ  གནོད་པ  -འི་མཆོག  _།  བདེ་དང  སྡུག་བསྔལ 
 ཏུ  མང་པོ་ལས 						ཏུ 	མང་པོ་ལས 	།_། 	སྐྱེ་བ 	བརྒྱུད་པ 	-ར 	bstod tshogs ka_.txt	     ཏུ  མང་པོ་ལས  །_།  སྐྱེ་བ  བརྒྱུད་པ  -ར 
 ཏུ  ཕན་པ 						ཏུ 	ཕན་པ 	-ར 	འདོད་པ 	ཁྱེད་ཀྱིས 	གནས་པ 	bstod tshogs ka_.txt	     ཏུ  ཕན་པ  -ར  འདོད་པ  ཁྱེད་ཀྱིས  གནས་པ 
 ཏུ  ཕྱིན 						ཏུ 	ཕྱིན 	མ 	-འི 	བསྟོད་པ 	།_༄༅༅།_། 	bstod tshogs ka_.txt	     ཏུ  ཕྱིན  མ  -འི  བསྟོད་པ  །_༄༅༅།_། 
 ཏུ  ཕྱིན 						ཏུ 	ཕྱིན 	མ 	-འི 	བསྟོད་པ 	།_ 	bstod tshogs ka_.txt	     ཏུ  ཕྱིན  མ  -འི  བསྟོད་པ  །_ 
 ཏུ  ཕྱིན 						ཏུ 	ཕྱིན 	མ་ལ 	ཕྱག 	འཚལ་ལོ 	།_། 	bstod tshogs ka_.txt	     ཏུ  ཕྱིན  མ་ལ  ཕྱག  འཚལ་ལོ  །_། 
 ཏུ ་ཡང 						ཏུ	་ཡང 	།_། 	མཁས་པ 	རྣམས་ཀྱིས 	དམིགས 	bstod tshogs ka_.txt	     ཏུ ་ཡང  །_།  མཁས་པ  རྣམས་ཀྱིས  དམིགས 
 ཏུ  རྟོགས་དཀའ 						ཏུ 	རྟོགས་དཀའ 	སྒྱུ་མ་བཞིན 	།_། 	སྣང་ཞིང 	མི་སྣང་བ་ཡང་ལགས 	bstod tshogs ka_.txt	     ཏུ  རྟོགས་དཀའ  སྒྱུ་མ་བཞིན  །_།  སྣང་ཞིང  མི་སྣང་བ་ཡང་ལགས 
 ཏུ  །_། 						ཏུ 	།_། 	བདག 	ཅག 	ངག་ལམ 	འདི 	bstod tshogs ka_.txt	     ཏུ  །_།  བདག  ཅག  ངག་ལམ  འདི 
 ཏུ  མྱ་ངན་འདས 						ཏུ 	མྱ་ངན་འདས 	།_། 	ཤེས 	རབ 	ཕ་རོལ 	bstod tshogs ka_.txt	     ཏུ  མྱ་ངན་འདས  །_།  ཤེས  རབ  ཕ་རོལ 
 ཏུ  ཕྱིན 						ཏུ 	ཕྱིན 	མ 	-འི 	བསྟོད་པ 	སློབ་དཔོན 	bstod tshogs ka_.txt	     ཏུ  ཕྱིན  མ  -འི  བསྟོད་པ  སློབ་དཔོན 
 ཏུ ་བསྟན 						ཏུ	་བསྟན 	།_། 	ཇི 	ལྟར 	འདི་ན 	bstod tshogs ka_.txt	     ཏུ ་བསྟན  །_།  ཇི  ལྟར  འདི་ན 
 ཏུ ་བསྟན 						ཏུ	་བསྟན 	།_། 	གང 	ཚེ 	བྱས་པ 	bstod tshogs ka_.txt	     ཏུ ་བསྟན  །_།  གང  ཚེ  བྱས་པ 
 ཏུ  མ 						ཏུ 	མ 	མཆིས་པ 	།_། 	སོ་སོ 	-ར 	bstod tshogs ka_.txt	     ཏུ  མ  མཆིས་པ  །_།  སོ་སོ  -ར 
 ཏུ ་གསུངས 						ཏུ	་གསུངས 	།_། 	དམ་པ 	-འི 	དོན་ནི 	bstod tshogs ka_.txt	     ཏུ ་གསུངས  །_།  དམ་པ  -འི  དོན་ནི 
 ཏུ  །_། 						ཏུ 	།_། 	མགོན་པོ 	ཁྱོད་ཀྱིས 	བསྟན་པ་ལགས 	།_། 	bstod tshogs ka_.txt	     ཏུ  །_།  མགོན་པོ  ཁྱོད་ཀྱིས  བསྟན་པ་ལགས  །_། 
 ཏུ  གཟིགས་པ་ལགས 						ཏུ 	གཟིགས་པ་ལགས 	།_། 	དངོས་པོ 	རྐྱེན་ལ 	བརྟེན 	bstod tshogs ka_.txt	     ཏུ  གཟིགས་པ་ལགས  །_།  དངོས་པོ  རྐྱེན་ལ  བརྟེན 
 ཏུ  བཞེད་པ་ལགས 						ཏུ 	བཞེད་པ་ལགས 	།_། 	དེ 	ལྟར 	བྱས་པ 	bstod tshogs ka_.txt	     ཏུ  བཞེད་པ་ལགས  །_།  དེ  ལྟར  བྱས་པ 
 ཏུ  འདུས་པ་རྣམས 						ཏུ 	འདུས་པ་རྣམས 	།_། 	ཕྲད 	པར་ཡང་ནི 	མཆིས 	bstod tshogs ka_.txt	     ཏུ  འདུས་པ་རྣམས  །_།  ཕྲད  པར་ཡང་ནི  མཆིས 
 ཏུ  ཉེས་པ་རྣམ 						ཏུ 	ཉེས་པ་རྣམ 	སྤངས་ཤིང 	།_། 	དྲི 	མ 	bstod tshogs ka_.txt	     ཏུ  ཉེས་པ་རྣམ  སྤངས་ཤིང  །_།  དྲི  མ 
 ཏུ ་འདས 						ཏུ	་འདས 	།_། 	ཚིག་ལས 	འདས་པ 	-འི 	bstod tshogs ka_.txt	     ཏུ ་འདས  །_།  ཚིག་ལས  འདས་པ  -འི 
 ཏུ  ཟབ་པ 						ཏུ 	ཟབ་པ 	ཉིད 	བརྟེན་པ 	།_། 	ཟབ་པ 	bstod tshogs ka_.txt	     ཏུ  ཟབ་པ  ཉིད  བརྟེན་པ  །_།  ཟབ་པ 
 ཏུ  བརྟན་པ 						ཏུ 	བརྟན་པ 	-འི 	སྐུ 	མངའ་བ 	།_། 	bstod tshogs ka_.txt	     ཏུ  བརྟན་པ  -འི  སྐུ  མངའ་བ  །_། 
 ཏུ  ཕྱག 						ཏུ 	ཕྱག 	འཚལ་ལོ 	།_། 	བོས་ཤིང 	བོས་ཤིང 	bstod tshogs ka_.txt	     ཏུ  ཕྱག  འཚལ་ལོ  །_།  བོས་ཤིང  བོས་ཤིང 
 ཏུ ་སྐལ 						ཏུ	་སྐལ 	དམན་ལགས 	།_། 	ཡོན་ཏན 	ལྡན་ཞིང 	bstod tshogs ka_.txt	     ཏུ ་སྐལ  དམན་ལགས  །_།  ཡོན་ཏན  ལྡན་ཞིང 
 ཏུ  བུ 						ཏུ 	བུ 	གཅིག 	འདྲ་བ་ཡི 	།_། 	བརྩེ 	bstod tshogs ka_.txt	     ཏུ  བུ  གཅིག  འདྲ་བ་ཡི  །_།  བརྩེ 
 ཏུ  བསྒྲུབ 						ཏུ 	བསྒྲུབ 	མཛད་པ 	།_། 	མུ 	སྟེགས 	bstod tshogs ka_.txt	     ཏུ  བསྒྲུབ  མཛད་པ  །_།  མུ  སྟེགས 
 ཏུ  སྤྱི 						ཏུ 	སྤྱི 	-ས 	ཕྱག་འཚལ 	།_། 	འདི 	bstod tshogs ka_.txt	     ཏུ  སྤྱི  -ས  ཕྱག་འཚལ  །_།  འདི 
 ཏུ  ཐུགས་བསྐྱེད་ནས 						ཏུ 	ཐུགས་བསྐྱེད་ནས 	།_། 	བསྐལ་པ་གྲངས 	མེད་གསུམ་དུ 	ཚོགས 	bstod tshogs ka_.txt	     ཏུ  ཐུགས་བསྐྱེད་ནས  །_།  བསྐལ་པ་གྲངས  མེད་གསུམ་དུ  ཚོགས 
 ཏུ ལ 						ཏུ	ལ 	།_། 	བྱང 	ཆུབ 	ཆེན་པོ 	bstod tshogs ka_.txt	     ཏུ ལ  །_།  བྱང  ཆུབ  ཆེན་པོ 
 ཏུ ལ་ནས་ཀྱང 						ཏུ	ལ་ནས་ཀྱང 	_།_། 	གྲོང་ཁྱེར 	འདུལ 	མཛད 	bstod tshogs ka_.txt	     ཏུ ལ་ནས་ཀྱང  _།_།  གྲོང་ཁྱེར  འདུལ  མཛད 
 ཏུ  བསྙེལ་སོ 						ཏུ 	བསྙེལ་སོ 	མཛད་པ 	-འི་ཚེ 	།_། 	ཧ 	bstod tshogs ka_.txt	     ཏུ  བསྙེལ་སོ  མཛད་པ  -འི་ཚེ  །_།  ཧ 
 ཏུ ལ 						ཏུ	ལ 	།_། 	སྤྲུལ་པ 	-འི་གྲངས་ཀྱིས 	ལྷ 	bstod tshogs ka_.txt	     ཏུ ལ  །_།  སྤྲུལ་པ  -འི་གྲངས་ཀྱིས  ལྷ 
 ཏུ ད 						ཏུ	ད 	མཚན 	མཆོག་ནི 	།_། 	བྱང 	bstod tshogs ka_.txt	     ཏུ ད  མཚན  མཆོག་ནི  །_།  བྱང 
 ཏུ  བྱུང་བ 						ཏུ 	བྱུང་བ 	-ར 	མཛད་ལ 	ཕྱག 	འཚལ་ལོ 	bstod tshogs ka_.txt	     ཏུ  བྱུང་བ  -ར  མཛད་ལ  ཕྱག  འཚལ་ལོ 
 ཏུ  །_། 						ཏུ 	།_། 	དཀའ་བ 	སྤྱད 	མཛད 	བརྩོན་འགྲུས 	bstod tshogs ka_.txt	     ཏུ  །_།  དཀའ་བ  སྤྱད  མཛད  བརྩོན་འགྲུས 
 ཏུ  །_། 						ཏུ 	།_། 	ཆོས་ཀྱི 	འཁོར་ལོ 	བསྐོར་ནས 	གདུལ་བྱ་རྣམས 	bstod tshogs ka_.txt	     ཏུ  །_།  ཆོས་ཀྱི  འཁོར་ལོ  བསྐོར་ནས  གདུལ་བྱ་རྣམས 
 ཏུ ལ 						ཏུ	ལ 	།_། 	ཐུབ་པ 	གཡུལ་ལས 	རྒྱལ 	bstod tshogs ka_.txt	     ཏུ ལ  །_།  ཐུབ་པ  གཡུལ་ལས  རྒྱལ 
 ཏུ ་འཇུག 						ཏུ	་འཇུག 	_། 	ཁྱོད་ནི 	མ 	བཅོལ་ལེགས 	bstod tshogs ka_.txt	     ཏུ ་འཇུག  _།  ཁྱོད་ནི  མ  བཅོལ་ལེགས 
 ཏུ  བསླུ་བ་མཛད 						ཏུ 	བསླུ་བ་མཛད 	།_། 	འཇིག 	རྟེན 	བདག 	bstod tshogs ka_.txt	     ཏུ  བསླུ་བ་མཛད  །_།  འཇིག  རྟེན  བདག 
 ཏུ  གྱ་གྱུ་རྣམ 						ཏུ 	གྱ་གྱུ་རྣམ 	སྤངས་ཤིང 	།_། 	དྲང 	བརྟན 	bstod tshogs ka_.txt	     ཏུ  གྱ་གྱུ་རྣམ  སྤངས་ཤིང  །_།  དྲང  བརྟན 
 ཏུ བས་ཀྱང 						ཏུ	བས་ཀྱང 	སྡུག་བསྔལ 	མི 	དགོངས་པར 	།_། 	bstod tshogs ka_.txt	     ཏུ བས་ཀྱང  སྡུག་བསྔལ  མི  དགོངས་པར  །_། 
 ཏུ  སྡུག་བསྔལ་ཅན 						ཏུ 	སྡུག་བསྔལ་ཅན 	།_། 	ཇི 	ལྟར 	སངས་རྒྱས 	bstod tshogs ka_.txt	     ཏུ  སྡུག་བསྔལ་ཅན  །_།  ཇི  ལྟར  སངས་རྒྱས 
 ཏུ  རྗེས་སུ 						ཏུ 	རྗེས་སུ 	འབྲེལ 	སླད་དུ 	།_། 	ཏིང 	bstod tshogs ka_.txt	     ཏུ  རྗེས་སུ  འབྲེལ  སླད་དུ  །_།  ཏིང 
 ཏུ ་བདེ 						ཏུ	་བདེ 	ལ 	-འང 	ཁྱོད 	མ་ཆགས 	bstod tshogs ka_.txt	     ཏུ ་བདེ  ལ  -འང  ཁྱོད  མ་ཆགས 
 ཏུ  ཉིད་ཀྱིས་ནི 						ཏུ 	ཉིད་ཀྱིས་ནི 	།_། 	ལོངས 	སྤྱོད 	དགག་པ 	bstod tshogs ka_.txt	     ཏུ  ཉིད་ཀྱིས་ནི  །_།  ལོངས  སྤྱོད  དགག་པ 
 ཏུ  །_། 						ཏུ 	།_། 	བྱང 	ཆུབ 	སླད་དུ 	དཔའ 	bstod tshogs ka_.txt	     ཏུ  །_།  བྱང  ཆུབ  སླད་དུ  དཔའ 
 ཏུ  །_། 						ཏུ 	།_། 	ཁྱོད་ནི 	དེ་ལྟར 	བརྩོན་པ་ན 	།_། 	bstod tshogs ka_.txt	     ཏུ  །_།  ཁྱོད་ནི  དེ་ལྟར  བརྩོན་པ་ན  །_། 
 ཏུ ་ཆུང 						ཏུ	་ཆུང 	།_། 	ཁྱོད་ནི 	ཡོན་ཏན 	རྒྱུ 	bstod tshogs ka_.txt	     ཏུ ་ཆུང  །_།  ཁྱོད་ནི  ཡོན་ཏན  རྒྱུ 
 ཏུ  བསྐྲུན་པ་མཛད 						ཏུ 	བསྐྲུན་པ་མཛད 	།_། 	འཇིག 	རྟེན་པ་ཡི 	འཕགས་ལམ་དང 	bstod tshogs ka_.txt	     ཏུ  བསྐྲུན་པ་མཛད  །_།  འཇིག  རྟེན་པ་ཡི  འཕགས་ལམ་དང 
 ཏུ  ངལ་ཞིང 						ཏུ 	ངལ་ཞིང 	མགོན་མེད་པ 	།_། 	སློང་ཞིང 	བདེ་བ 	bstod tshogs ka_.txt	     ཏུ  ངལ་ཞིང  མགོན་མེད་པ  །_།  སློང་ཞིང  བདེ་བ 
 ཏུ ་བཅོམ 						ཏུ	་བཅོམ 	།_། 	གཞན་གྱི 	ཕུན་ཚོགས 	བསྒྲུབ་པ 	bstod tshogs ka_.txt	     ཏུ ་བཅོམ  །_།  གཞན་གྱི  ཕུན་ཚོགས  བསྒྲུབ་པ 
 ཏུ  རྙེད་པ 						ཏུ 	རྙེད་པ 	-ར 	སླ་བ་ལགས 	།_། 	མང་བ་དང་ནི 	bstod tshogs ka_.txt	     ཏུ  རྙེད་པ  -ར  སླ་བ་ལགས  །_།  མང་བ་དང་ནི 
 ཏུ  མཚོ་དང 						ཏུ 	མཚོ་དང 	དྲི་མ་གཅོད 	།_། 	ཚིམ 	པར 	bstod tshogs ka_.txt	     ཏུ  མཚོ་དང  དྲི་མ་གཅོད  །_།  ཚིམ  པར 
 ཏུ  གྱུར་པ 						ཏུ 	གྱུར་པ 	དེ་ཉིད་དང 	།_། 	ཁྱོད་དུ 	བསྒྲུན་ཞིང་དེ་དང་ནི 	bstod tshogs ka_.txt	     ཏུ  གྱུར་པ  དེ་ཉིད་དང  །_།  ཁྱོད་དུ  བསྒྲུན་ཞིང་དེ་དང་ནི 
 ཏུ ལ་བ 						ཏུ	ལ་བ 	།_། 	དེ་ཡི 	ནུབ་མོ 	ཁོ་ན་ལ 	bstod tshogs ka_.txt	     ཏུ ལ་བ  །_།  དེ་ཡི  ནུབ་མོ  ཁོ་ན་ལ 
 ཏུ ་ཆེ 						ཏུ	་ཆེ 	སྤངས་པ 	།_། 	དེ 	ཉིད 	bstod tshogs ka_.txt	     ཏུ ་ཆེ  སྤངས་པ  །_།  དེ  ཉིད 
 ཏུ ་གསུམ 						ཏུ	་གསུམ 	དག་བཏུལ 	།_། 	བཏང 	སྙོམས 	bstod tshogs ka_.txt	     ཏུ ་གསུམ  དག་བཏུལ  །_།  བཏང  སྙོམས 
 ཏུ  བསྟོད་པ་དང 						ཏུ 	བསྟོད་པ་དང 	།_། 	དམ 	ཆོས་མ 	ལགས 	bstod tshogs ka_.txt	     ཏུ  བསྟོད་པ་དང  །_།  དམ  ཆོས་མ  ལགས 
 ཏུ ་བསྒྲིབས 						ཏུ	་བསྒྲིབས 	།_། 	དབང་པོ 	རྣམས་ནི 	རབ་དང་བ 	bstod tshogs ka_.txt	     ཏུ ་བསྒྲིབས  །_།  དབང་པོ  རྣམས་ནི  རབ་དང་བ 
 ཏུ  མི 						ཏུ 	མི 	ཉམས་པས 	།_། 	ཁྱོད 	ཐུགས 	bstod tshogs ka_.txt	     ཏུ  མི  ཉམས་པས  །_།  ཁྱོད  ཐུགས 
 ཏུ  དང་བ་དག 						ཏུ 	དང་བ་དག 	_། 	མངོན 	སུམ 	གྱུར་པ 	bstod tshogs ka_.txt	     ཏུ  དང་བ་དག  _།  མངོན  སུམ  གྱུར་པ 
 ཏུ  ཉུང་ངུ 						ཏུ 	ཉུང་ངུ 	འདོད་པ་ཡིས 	།_། 	འབད་པ་ཡིས་ནི 	སྦས་ན་ཡང 	bstod tshogs ka_.txt	     ཏུ  ཉུང་ངུ  འདོད་པ་ཡིས  །_།  འབད་པ་ཡིས་ནི  སྦས་ན་ཡང 
 ཏུ  མ 						ཏུ 	མ 	ལུས་པས 	།_། 	གཞན 	དོན་གྱིས་ནི 	bstod tshogs ka_.txt	     ཏུ  མ  ལུས་པས  །_།  གཞན  དོན་གྱིས་ནི 
 ཏུ  རྙེད་པ་ན 						ཏུ 	རྙེད་པ་ན 	།_། 	ཐམས་ཅད 	ཆགས་དང 	བྲལ 	bstod tshogs ka_.txt	     ཏུ  རྙེད་པ་ན  །_།  ཐམས་ཅད  ཆགས་དང  བྲལ 
 ཏུ  གསལ་བ 						ཏུ 	གསལ་བ 	-ར 	བྱ་བ 	-འི་ཕྱིར 	།_། 	bstod tshogs ka_.txt	     ཏུ  གསལ་བ  -ར  བྱ་བ  -འི་ཕྱིར  །_། 
 ཏུ  །_། 						ཏུ 	།_། 	གཏོར 	མ 	བཞིན་དུ 	བཏང་བ་ལགས 	bstod tshogs ka_.txt	     ཏུ  །_།  གཏོར  མ  བཞིན་དུ  བཏང་བ་ལགས 
 ཏུ  ཡོངས་དག་པའི 						ཏུ 	ཡོངས་དག་པའི 	།_། 	ཕྲིན་ལས 	རྣམས་ཀྱང 	རབ་ཏུ་བཟོ 	bstod tshogs ka_.txt	     ཏུ  ཡོངས་དག་པའི  །_།  ཕྲིན་ལས  རྣམས་ཀྱང  རབ་ཏུ་བཟོ 
 ཏུ  མ 						ཏུ 	མ 	འདས་པ་ཡིས་ཀྱང 	།_། 	ཀུན 	ལ་མ 	bstod tshogs ka_.txt	     ཏུ  མ  འདས་པ་ཡིས་ཀྱང  །_།  ཀུན  ལ་མ 
 ཏུ  ཉེར་གནས་པས 						ཏུ 	ཉེར་གནས་པས 	།_། 	དེ 	སླད 	ཁྱོད་ཀྱིས 	bstod tshogs ka_.txt	     ཏུ  ཉེར་གནས་པས  །_།  དེ  སླད  ཁྱོད་ཀྱིས 
 ཏུ  གསལ་བ 						ཏུ 	གསལ་བ 	-ར 	ཀུན་དུ་འདྲེན 	།_། 	སངས 	bstod tshogs ka_.txt	     ཏུ  གསལ་བ  -ར  ཀུན་དུ་འདྲེན  །_།  སངས 
 ཏུ  ལྟ་བ 						ཏུ 	ལྟ་བ 	-ས 	འདུས་བྱས་ལ 	།_། 	སྨོད 	bstod tshogs ka_.txt	     ཏུ  ལྟ་བ  -ས  འདུས་བྱས་ལ  །_།  སྨོད 
 ཏུ ་མཆི 						ཏུ	་མཆི 	།_། 	ཐབས 	སོགས 	སྒྲུབ་ལ 	bstod tshogs ka_.txt	     ཏུ ་མཆི  །_།  ཐབས  སོགས  སྒྲུབ་ལ 
 ཏུ ་འགྱུར 						ཏུ	་འགྱུར 	།_། 	བསྟེན་ན 	འཇིགས་པ 	མེད་པ 	bstod tshogs ka_.txt	     ཏུ ་འགྱུར  །_།  བསྟེན་ན  འཇིགས་པ  མེད་པ 
 ཏུ ་ཡིད་དུ་འོང 						ཏུ	་ཡིད་དུ་འོང 	།_། 	ཡོན་ཏན 	ཀུན 	མངའ 	bstod tshogs ka_.txt	     ཏུ ་ཡིད་དུ་འོང  །_།  ཡོན་ཏན  ཀུན  མངའ 
 ཏུ  ངོ་མཚར་མིན 						ཏུ 	ངོ་མཚར་མིན 	།_། 	གང་ཞིག 	སླར་ཡང 	བྱས 	bstod tshogs ka_.txt	     ཏུ  ངོ་མཚར་མིན  །_།  གང་ཞིག  སླར་ཡང  བྱས 
 ཏུ མ་པོ 						ཏུ	མ་པོ 	རྣམས་ལ 	ཐུགས 	བརྩེ་བས 	།_། 	bstod tshogs ka_.txt	     ཏུ མ་པོ  རྣམས་ལ  ཐུགས  བརྩེ་བས  །_། 
 ཏུ  ཕྱི་རོལ་གྱི 						ཏུ 	ཕྱི་རོལ་གྱི 	།_། 	བཟའ 	བཏུང 	གོས་ལ 	bstod tshogs ka_.txt	     ཏུ  ཕྱི་རོལ་གྱི  །_།  བཟའ  བཏུང  གོས་ལ 
 ཏུ  རྗེས་སུ 						ཏུ 	རྗེས་སུ 	འབྲང་བ་བྱེད 	།_། 	ཨེ 	མ 	bstod tshogs ka_.txt	     ཏུ  རྗེས་སུ  འབྲང་བ་བྱེད  །_།  ཨེ  མ 
 ཏུ  བདག་ཉིད་ལ 						ཏུ 	བདག་ཉིད་ལ 	།_། 	མངའ 	མ 	མཆིས་པ 	bstod tshogs ka_.txt	     ཏུ  བདག་ཉིད་ལ  །_།  མངའ  མ  མཆིས་པ 
 ཏུ  མི་བཟད་ལ 						ཏུ 	མི་བཟད་ལ 	།_། 	མགོན་པོ 	རང་སེམས 	རྗེས 	bstod tshogs ka_.txt	     ཏུ  མི་བཟད་ལ  །_།  མགོན་པོ  རང་སེམས  རྗེས 
 ཏུ  སྐྱོན 						ཏུ 	སྐྱོན 	དག 	ཚོལ་བ་ལ 	།_། 	ཡོན་ཏན 	bstod tshogs ka_.txt	     ཏུ  སྐྱོན  དག  ཚོལ་བ་ལ  །_།  ཡོན་ཏན 
 ཏུ  དགེ་བ 						ཏུ 	དགེ་བ 	-འི 	སྤྱོད 	ལྡན་པ 	།_། 	bstod tshogs ka_.txt	     ཏུ  དགེ་བ  -འི  སྤྱོད  ལྡན་པ  །_། 
 ཏུ  བདག་ནི 						ཏུ 	བདག་ནི 	ཕྱག 	འཚལ་བསྟོད 	།_། 	ཁྱོད་ནི་གང་ན 	bstod tshogs ka_.txt	     ཏུ  བདག་ནི  ཕྱག  འཚལ་བསྟོད  །_།  ཁྱོད་ནི་གང་ན 
 ཏུ  ཕན་ཚུན 						ཏུ 	ཕན་ཚུན 	འགལ་བ་ཅན 	།_། 	སེམས 	ཅན 	bstod tshogs ka_.txt	     ཏུ  ཕན་ཚུན  འགལ་བ་ཅན  །_།  སེམས  ཅན 
 ཏུ ལ 						ཏུ	ལ 	།_། 	དགྲ 	རྣམས་ལ་ནི 	འབད 	bstod tshogs ka_.txt	     ཏུ ལ  །_།  དགྲ  རྣམས་ལ་ནི  འབད 
 ཏུ ་བཏུལ 						ཏུ	་བཏུལ 	།_། 	བཟློག་ལ 	ཡང་དག 	འཇོག 	bstod tshogs ka_.txt	     ཏུ ་བཏུལ  །_།  བཟློག་ལ  ཡང་དག  འཇོག 
 ཏུ  བཟང 						ཏུ 	བཟང 	མིན 	ཁམས 	ཙམ་ཡང 	།_། 	bstod tshogs ka_.txt	     ཏུ  བཟང  མིན  ཁམས  ཙམ་ཡང  །_། 
 ཏུ མ་པ 						ཏུ	མ་པ 	དེས་པ 	-ར 	བགྱིས་པ་གང 	།_། 	bstod tshogs ka_.txt	     ཏུ མ་པ  དེས་པ  -ར  བགྱིས་པ་གང  །_། 
 ཏུ  མཆོག 						ཏུ 	མཆོག 	དོན 	མཛད 	སླད་དུ 	།_། 	bstod tshogs ka_.txt	     ཏུ  མཆོག  དོན  མཛད  སླད་དུ  །_། 
 ཏུ  ངོ་མཚར 						ཏུ 	ངོ་མཚར 	གྱུར་པ་ཡིས 	།_། 	འདུལ 	མཛད 	bstod tshogs ka_.txt	     ཏུ  ངོ་མཚར  གྱུར་པ་ཡིས  །_།  འདུལ  མཛད 
 ཏུ  ཚིམ་དང 						ཏུ 	ཚིམ་དང 	རྗེས 	མཐུན་མིན 	།_། 	གང 	bstod tshogs ka_.txt	     ཏུ  ཚིམ་དང  རྗེས  མཐུན་མིན  །_།  གང 
 ཏུ  སྤངས 						ཏུ 	སྤངས 	མཛད་ཕྱིར 	།_། 	བདེན 	གསུང 	bstod tshogs ka_.txt	     ཏུ  སྤངས  མཛད་ཕྱིར  །_།  བདེན  གསུང 
 ཏུ  ཉམས་པ་ཡི 						ཏུ 	ཉམས་པ་ཡི 	།_། 	སེམས 	ཅན 	ཀུན 	bstod tshogs ka_.txt	     ཏུ  ཉམས་པ་ཡི  །_།  སེམས  ཅན  ཀུན 
 ཏུ  ཕྱག 						ཏུ 	ཕྱག 	འཚལ་ལོ 	།_། 	གང་གི 	ཁྱོད 	bstod tshogs ka_.txt	     ཏུ  ཕྱག  འཚལ་ལོ  །_།  གང་གི  ཁྱོད 
 ཏུ  སད 						ཏུ 	སད 	ཁྱོད 	ཕྱག 	འཚལ་ལོ 	།_། 	bstod tshogs ka_.txt	     ཏུ  སད  ཁྱོད  ཕྱག  འཚལ་ལོ  །_། 
 ཏུ  བཏུབ་ན་ནི 						ཏུ 	བཏུབ་ན་ནི 	།_། 	གདོན 	མི 	འཚལ་བ 	bstod tshogs ka_.txt	     ཏུ  བཏུབ་ན་ནི  །_།  གདོན  མི  འཚལ་བ 
 ཏུ ལ་བ 						ཏུ	ལ་བ 	-འི 	ཚོགས་ཀྱང་ནི 	།_། 	མཛེས 	bstod tshogs ka_.txt	     ཏུ ལ་བ  -འི  ཚོགས་ཀྱང་ནི  །_།  མཛེས 
 ཏུ ལ 						ཏུ	ལ 	ལགས་པས 	།_། 	དེ 	ཀོ 	bstod tshogs ka_.txt	     ཏུ ལ  ལགས་པས  །_།  དེ  ཀོ 
མཇུག  ཏུ  -འང 	ཏིལ་འབྲུ 	བཞིན 	བླགས་ནས 	།_། 	མཇུག 	ཏུ 	-འང 	ཁྱོད་ཀྱིས 	ཤིན་ཏུ་ནི 	།_། 	དཀའ 	bstod tshogs ka_.txt	ཏིལ་འབྲུ  བཞིན  བླགས་ནས  །_།  མཇུག  ཏུ  -འང  ཁྱོད་ཀྱིས  ཤིན་ཏུ་ནི  །_།  དཀའ 
 ཏུ  ཁྱོད་ལ 						ཏུ 	ཁྱོད་ལ 	ཕྱག 	འཚལ་ལོ 	།_། 	བསོད 	bstod tshogs ka_.txt	     ཏུ  ཁྱོད་ལ  ཕྱག  འཚལ་ལོ  །_།  བསོད 
 ཏུ  ཞི 						ཏུ 	ཞི 	བགྱིད་ལྟར 	།_། 	ཁྱོད་ཀྱི 	ཡོན་ཏན 	bstod tshogs ka_.txt	     ཏུ  ཞི  བགྱིད་ལྟར  །_།  ཁྱོད་ཀྱི  ཡོན་ཏན 
 ཏུ  གློ་བ 						ཏུ 	གློ་བ 	དགའ་ཞིང་མཆིས 	།_། 	བཙུན་པ 	-ས 	bstod tshogs ka_.txt	     ཏུ  གློ་བ  དགའ་ཞིང་མཆིས  །_།  བཙུན་པ  -ས 
 ཏུ ་ཆུང་ཡང་ཞེས 						ཏུ	་ཆུང་ཡང་ཞེས 	བྱ་བ 	འདི 	-ས་ནི 	ང་རྒྱལ 	bstod tshogs ka_.txt	     ཏུ ་ཆུང་ཡང་ཞེས  བྱ་བ  འདི  -ས་ནི  ང་རྒྱལ 
 ཏུ ་ཆུང་ཡང 						ཏུ	་ཆུང་ཡང 	བརྩོན་པ་ལགས 	།_ 	ཞེས 	བྱ་བ 	bstod tshogs ka_.txt	     ཏུ ་ཆུང་ཡང  བརྩོན་པ་ལགས  །_  ཞེས  བྱ་བ 
 ཏུ ་འཇུག 						ཏུ	་འཇུག 	_། 	ཅེས 	གསུངས་པ 	དག་སྟེ 	bstod tshogs ka_.txt	     ཏུ ་འཇུག  _།  ཅེས  གསུངས་པ  དག་སྟེ 
 ཏུ ་ཞེས 						ཏུ	་ཞེས 	བྱ་བ 	འདི་དག་ནི 	རིགས 	ཡོད་པ 	bstod tshogs ka_.txt	     ཏུ ་ཞེས  བྱ་བ  འདི་དག་ནི  རིགས  ཡོད་པ 
 ཏུ  ཕྱིན་པ 						ཏུ 	ཕྱིན་པ 	སྟོན་པ 	ཇི་སྙེད་པ་ཡིན་ནོ 	།_། 	དེ་ཡང 	bstod tshogs ka_.txt	     ཏུ  ཕྱིན་པ  སྟོན་པ  ཇི་སྙེད་པ་ཡིན་ནོ  །_།  དེ་ཡང 
 ཏུ  ཕྱིན་པ་ནི 						ཏུ 	ཕྱིན་པ་ནི 	བཅུ་སྟེ 	།_ 	འདི 	ལྟར 	bstod tshogs ka_.txt	     ཏུ  ཕྱིན་པ་ནི  བཅུ་སྟེ  །_  འདི  ལྟར 
 ཏུ  ཕྱིན་པ 						ཏུ 	ཕྱིན་པ 	དག་གོ 	།_། 	དེ་ལ 	གང་ཞིག 	bstod tshogs ka_.txt	     ཏུ  ཕྱིན་པ  དག་གོ  །_།  དེ་ལ  གང་ཞིག 
 ཏུ  ཕྱིན་པ 						ཏུ 	ཕྱིན་པ 	བསྟན་ཏོ 	།_། 	རིགས 	པར 	bstod tshogs ka_.txt	     ཏུ  ཕྱིན་པ  བསྟན་ཏོ  །_།  རིགས  པར 
 ཏུ  ཕྱིན་པ 						ཏུ 	ཕྱིན་པ 	བསྟན་ཏོ 	།_། 	གང 	སླད 	bstod tshogs ka_.txt	     ཏུ  ཕྱིན་པ  བསྟན་ཏོ  །_།  གང  སླད 
 ཏུ  ཕྱིན་པ 						ཏུ 	ཕྱིན་པ 	བསྟན་ཏོ 	།_། 	བདག 	ཉིད 	bstod tshogs ka_.txt	     ཏུ  ཕྱིན་པ  བསྟན་ཏོ  །_།  བདག  ཉིད 
 ཏུ  ཕྱིན་པ 						ཏུ 	ཕྱིན་པ 	བསྟན་ཏོ 	།_། 	སྦྱིན 	པར 	bstod tshogs ka_.txt	     ཏུ  ཕྱིན་པ  བསྟན་ཏོ  །_།  སྦྱིན  པར 
 ཏུ  ཕྱིན་པ 						ཏུ 	ཕྱིན་པ 	བསྟན་ཏོ 	།_། 	བདག 	བསྟོད 	bstod tshogs ka_.txt	     ཏུ  ཕྱིན་པ  བསྟན་ཏོ  །_།  བདག  བསྟོད 
 ཏུ  ཕྱིན་པ 						ཏུ 	ཕྱིན་པ 	བསྟན་ཏོ 	།_། 	སྲིད་དང 	ཉོན་མོངས 	bstod tshogs ka_.txt	     ཏུ  ཕྱིན་པ  བསྟན་ཏོ  །_།  སྲིད་དང  ཉོན་མོངས 
 ཏུ  ཕྱིན་པ 						ཏུ 	ཕྱིན་པ 	བསྟན་ཏོ 	།_། 	དུས 	འགའ་འང 	bstod tshogs ka_.txt	     ཏུ  ཕྱིན་པ  བསྟན་ཏོ  །_།  དུས  འགའ་འང 
 ཏུ  ཕྱིན་པ 						ཏུ 	ཕྱིན་པ 	བསྟན་ཏོ 	།_། 	མཚན་མོ 	སྟོན་ཀ 	bstod tshogs ka_.txt	     ཏུ  ཕྱིན་པ  བསྟན་ཏོ  །_།  མཚན་མོ  སྟོན་ཀ 
 ཏུ  ཕྱིན་པ 						ཏུ 	ཕྱིན་པ 	བསྟན་ཏོ 	།_། 	འཇིག 	རྟེན 	bstod tshogs ka_.txt	     ཏུ  ཕྱིན་པ  བསྟན་ཏོ  །_།  འཇིག  རྟེན 
 ཏུ  ཕྱིན་པ 						ཏུ 	ཕྱིན་པ 	བསྟན་ཏོ 	།_། 	མོས་པ 	-ས 	bstod tshogs ka_.txt	     ཏུ  ཕྱིན་པ  བསྟན་ཏོ  །_།  མོས་པ  -ས 
 ཏུ  བྱ 						ཏུ 	བྱ 	རྣམས 	ལྟ་བུ་ཞེས 	བྱ་བ 	འདི་དག་གིས་ནི 	bstod tshogs ka_.txt	     ཏུ  བྱ  རྣམས  ལྟ་བུ་ཞེས  བྱ་བ  འདི་དག་གིས་ནི 
 ཏུ  ཕྱིན་པའོ 						ཏུ 	ཕྱིན་པའོ 	།_། 	འཇིག 	རྟེན 	འདི་ལ 	bstod tshogs ka_.txt	     ཏུ  ཕྱིན་པའོ  །_།  འཇིག  རྟེན  འདི་ལ 
 ཏུ  ཕྱིན་པའོ 						ཏུ 	ཕྱིན་པའོ 	།_། 	ཇི 	ལྟར 	སྨན་པ 	bstod tshogs ka_.txt	     ཏུ  ཕྱིན་པའོ  །_།  ཇི  ལྟར  སྨན་པ 
 ཏུ  ཕྱིན་པའོ 						ཏུ 	ཕྱིན་པའོ 	།_། 	ཁྱོད་ཀྱིས 	རྟག་ཏུ 	ཡོན་ཏན 	bstod tshogs ka_.txt	     ཏུ  ཕྱིན་པའོ  །_།  ཁྱོད་ཀྱིས  རྟག་ཏུ  ཡོན་ཏན 
 ཏུ  ཕྱིན་པའོ 						ཏུ 	ཕྱིན་པའོ 	།_། 	ཇི 	ལྟར 	མ་མ 	bstod tshogs ka_.txt	     ཏུ  ཕྱིན་པའོ  །_།  ཇི  ལྟར  མ་མ 
 ཏུ  ཕྱིན་པ 						ཏུ 	ཕྱིན་པ 	བསྟན་ཏོ 	།_། 	ཁྱོད་ཀྱི 	བློ་གྲོས་ཞེས 	bstod tshogs ka_.txt	     ཏུ  ཕྱིན་པ  བསྟན་ཏོ  །_།  ཁྱོད་ཀྱི  བློ་གྲོས་ཞེས 
 ཏུ  ཕྱིན་པའོ 						ཏུ 	ཕྱིན་པའོ 	།_། 	ཕྲིན་ལས 	མངའ་བ 	-ར 	bstod tshogs ka_.txt	     ཏུ  ཕྱིན་པའོ  །_།  ཕྲིན་ལས  མངའ་བ  -ར 
 ཏུ  ཕྱིན་པའོ 						ཏུ 	ཕྱིན་པའོ 	།_། 	དེ 	ལྟར 	ཚིགས་སུ 	bstod tshogs ka_.txt	     ཏུ  ཕྱིན་པའོ  །_།  དེ  ལྟར  ཚིགས་སུ 
 ཏུ  ཕྱིན་པ་བདུན 						ཏུ 	ཕྱིན་པ་བདུན 	བསྟན་པ་ཡིན 	ནོ 	།_། 	ས 	bstod tshogs ka_.txt	     ཏུ  ཕྱིན་པ་བདུན  བསྟན་པ་ཡིན  ནོ  །_།  ས 
 ཏུ ་ཀཱ 						ཏུ	་ཀཱ 	རི་ཀཱ 	།_ 	བོད 	སྐད་དུ 	bstod tshogs ka_.txt	     ཏུ ་ཀཱ  རི་ཀཱ  །_  བོད  སྐད་དུ 
 ཏུ  སྨིན 						ཏུ 	སྨིན 	བྱ་བ 	།_། 	དབང 	མཛད 	bstod tshogs ka_.txt	     ཏུ  སྨིན  བྱ་བ  །_།  དབང  མཛད 
 ཏུ  བདག 						ཏུ 	བདག 	ཕྱག་འཚལ 	།_། 	མཉམ 	མེད 	bstod tshogs ka_.txt	     ཏུ  བདག  ཕྱག་འཚལ  །_།  མཉམ  མེད 
 ཏུ  །_། 						ཏུ 	།_། 	ཀུན་གྱི 	དམ་ཚིག་གསུམ 	མཆོག 	གྲུབ 	bstod tshogs ka_.txt	     ཏུ  །_།  ཀུན་གྱི  དམ་ཚིག་གསུམ  མཆོག  གྲུབ 
 ཏུ  བསྟན་པ 						ཏུ 	བསྟན་པ 	-འི་ཕྱིར 	།_། 	དྲི 	མེད 	bstod tshogs ka_.txt	     ཏུ  བསྟན་པ  -འི་ཕྱིར  །_།  དྲི  མེད 
 ཏུ  རྣམ་པ 						ཏུ 	རྣམ་པ 	-ར 	དག་པ 	ལས་མི 	འདའ་བ་ཞེས 	bstod tshogs ka_.txt	     ཏུ  རྣམ་པ  -ར  དག་པ  ལས་མི  འདའ་བ་ཞེས 
 ཏུ ་ན 						ཏུ	་ན 	མཆོག 	ཆོས་ཀྱི 	མཆོག་སྟེ 	།_ 	bstod tshogs ka_.txt	     ཏུ ་ན  མཆོག  ཆོས་ཀྱི  མཆོག་སྟེ  །_ 
 ཏུ  རྣམ་པ 						ཏུ 	རྣམ་པ 	-ར 	དག་པ 	ཉིད་ཀྱིས 	དེ་དག་གི 	bstod tshogs ka_.txt	     ཏུ  རྣམ་པ  -ར  དག་པ  ཉིད་ཀྱིས  དེ་དག་གི 
 ཏུ  གུས་པ 						ཏུ 	གུས་པ 	-ར 	གོམས་པ 	བརྒྱུད་པ 	-ས 	bstod tshogs ka_.txt	     ཏུ  གུས་པ  -ར  གོམས་པ  བརྒྱུད་པ  -ས 
 ཏུ  ངང་དུ 						ཏུ 	ངང་དུ 	གྱུར་པ་ཡིན་ནོ 	།_། 	འགྲོ 	བ 	bstod tshogs ka_.txt	     ཏུ  ངང་དུ  གྱུར་པ་ཡིན་ནོ  །_།  འགྲོ  བ 
 ཏུ  རྣམ་པ 						ཏུ 	རྣམ་པ 	-ར 	དག་པ་ལ 	དམིགས་པ 	-འི 	bstod tshogs ka_.txt	     ཏུ  རྣམ་པ  -ར  དག་པ་ལ  དམིགས་པ  -འི 
 ཏུ  ཕྲ་བ 						ཏུ 	ཕྲ་བ 	-འི་ཆའོ 	།_། 	དེའི 	ཡང་ཆ་ནི་གང 	bstod tshogs ka_.txt	     ཏུ  ཕྲ་བ  -འི་ཆའོ  །_།  དེའི  ཡང་ཆ་ནི་གང 
 ཏུ  སྦྱོར་བ་ཡིན་ཏེ 						ཏུ 	སྦྱོར་བ་ཡིན་ཏེ 	།_ 	ཇི 	སྐད་དུ 	།_ 	bstod tshogs ka_.txt	     ཏུ  སྦྱོར་བ་ཡིན་ཏེ  །_  ཇི  སྐད་དུ  །_ 
 ཏུ  གྱུར་ན 						ཏུ 	གྱུར་ན 	དེ་དག་གི 	ཆ་ཤས་དང 	ཆ་ཤས་ཀྱིས་ཀྱང 	རྟག་ཏུ 	bstod tshogs ka_.txt	     ཏུ  གྱུར་ན  དེ་དག་གི  ཆ་ཤས་དང  ཆ་ཤས་ཀྱིས་ཀྱང  རྟག་ཏུ 
 ཏུ  མཚུངས་པ་ལ 						ཏུ 	མཚུངས་པ་ལ 	དགོངས་ནས 	མདོ་ལས 	།_ 	དེ་ལ 	bstod tshogs ka_.txt	     ཏུ  མཚུངས་པ་ལ  དགོངས་ནས  མདོ་ལས  །_  དེ་ལ 
 ཏུ  དྲི་མེད 						ཏུ 	དྲི་མེད 	ཐུགས་རྗེ 	-འི 	ཤུགས་ལས་བྱུང 	།_། 	bstod tshogs ka_.txt	     ཏུ  དྲི་མེད  ཐུགས་རྗེ  -འི  ཤུགས་ལས་བྱུང  །_། 
 ཏུ  དྲི་མེད་ནི 						ཏུ 	དྲི་མེད་ནི 	རྟག་ཏུ 	དྲི་མ 	མེད་པ་སྟེ 	།_ 	bstod tshogs ka_.txt	     ཏུ  དྲི་མེད་ནི  རྟག་ཏུ  དྲི་མ  མེད་པ་སྟེ  །_ 
 ཏུ  སྤྲུལ་པ 						ཏུ 	སྤྲུལ་པ 	སྣ་ཚོགས་ཀྱི 	འོད་ཟེར་གྱི 	དྲ་བ 	འགྱེད་པ་ལ 	bstod tshogs ka_.txt	     ཏུ  སྤྲུལ་པ  སྣ་ཚོགས་ཀྱི  འོད་ཟེར་གྱི  དྲ་བ  འགྱེད་པ་ལ 
 ཏུ ་ཞེས 						ཏུ	་ཞེས 	བྱ་བ་ནི 	ཉེ་བ 	-ར 	མཚོན་པ་སྟེ 	bstod tshogs ka_.txt	     ཏུ ་ཞེས  བྱ་བ་ནི  ཉེ་བ  -ར  མཚོན་པ་སྟེ 
 ཏུ ་ནི 						ཏུ	་ནི 	རྣམ་པ 	-ར 	རྟོག་པ 	དང་བཅས་པ 	bstod tshogs ka_.txt	     ཏུ ་ནི  རྣམ་པ  -ར  རྟོག་པ  དང་བཅས་པ 
 ཏུ  མྱ་ངན་ལས 						ཏུ 	མྱ་ངན་ལས 	འདས་པ 	ཉེ་བ 	-ར 	བསྟན་ནས 	bstod tshogs ka_.txt	     ཏུ  མྱ་ངན་ལས  འདས་པ  ཉེ་བ  -ར  བསྟན་ནས 
 ཏུ  འགག་པ 						ཏུ 	འགག་པ 	-ར 	མི 	འགྱུར 	ཞེ་ན 	bstod tshogs ka_.txt	     ཏུ  འགག་པ  -ར  མི  འགྱུར  ཞེ་ན 
 ཏུ  མེད་ཅིང 						ཏུ 	མེད་ཅིང 	འདི་ཙམ་ཞེས 	ཡོངས་སུ 	ཆད་པ 	མེད་པ 	bstod tshogs ka_.txt	     ཏུ  མེད་ཅིང  འདི་ཙམ་ཞེས  ཡོངས་སུ  ཆད་པ  མེད་པ 
 ཏུ  མེད་པ 						ཏུ 	མེད་པ 	དེ་དག 	ཁོ་ན 	ཕན་ཚུན 	འདི་དག་ནི 	bstod tshogs ka_.txt	     ཏུ  མེད་པ  དེ་དག  ཁོ་ན  ཕན་ཚུན  འདི་དག་ནི 
 ཏུ  ནམ་ཡང 						ཏུ 	ནམ་ཡང 	རྒྱུན 	འཆད་པ 	-ར 	མི 	bstod tshogs ka_.txt	     ཏུ  ནམ་ཡང  རྒྱུན  འཆད་པ  -ར  མི 
 ཏུ ལ་ལོ 						ཏུ	ལ་ལོ 	།_། 	འདི་ནི 	འདི་ལྟར 	མྱ་ངན་ལས 	bstod tshogs ka_.txt	     ཏུ ལ་ལོ  །_།  འདི་ནི  འདི་ལྟར  མྱ་ངན་ལས 
 ཏུ  ཡ་མཚན 						ཏུ 	ཡ་མཚན 	བསྐྱེད་པ 	-ས 	དེ་དག་གི 	བསམ་པ 	bstod tshogs ka_.txt	     ཏུ  ཡ་མཚན  བསྐྱེད་པ  -ས  དེ་དག་གི  བསམ་པ 
 ཏུ  རྨད་དུ 						ཏུ 	རྨད་དུ 	བྱུང་བ 	-འི 	ཕྱིར 	བཟང་པོ་ཡིན་ནོ 	bstod tshogs ka_.txt	     ཏུ  རྨད་དུ  བྱུང་བ  -འི  ཕྱིར  བཟང་པོ་ཡིན་ནོ 
 ཏུ  ཕྱིན་པ 						ཏུ 	ཕྱིན་པ 	ཐམས་ཅད་དོ 	།_། 	གང 	དག་ལ 	bstod tshogs ka_.txt	     ཏུ  ཕྱིན་པ  ཐམས་ཅད་དོ  །_།  གང  དག་ལ 
 ཏུ  ཡོངས་སུ 						ཏུ 	ཡོངས་སུ 	དག་པ 	དེ་དག་ནི 	སྦྱིན 	མཆོག 	bstod tshogs ka_.txt	     ཏུ  ཡོངས་སུ  དག་པ  དེ་དག་ནི  སྦྱིན  མཆོག 
 ཏུ  ཞི་བ 						ཏུ 	ཞི་བ 	-ར 	ཕྱིར 	མི་ལྡོག 	པར་མ 	bstod tshogs ka_.txt	     ཏུ  ཞི་བ  -ར  ཕྱིར  མི་ལྡོག  པར་མ 
 ཏུ ་འགོད 						ཏུ	་འགོད 	།_། 	བཻཌཱུཪྻ་ཡི 	འོད་ལ 	ཕྱག 	bstod tshogs ka_.txt	     ཏུ ་འགོད  །_།  བཻཌཱུཪྻ་ཡི  འོད་ལ  ཕྱག 