ཐུབ་པ  -ས  འཇིག་རྟེན 	ཀུན་ལས 	ངེས་པ 	-ར་གྲོལ 	།_། 	ཐུབ་པ 	-ས 	འཇིག་རྟེན 	ཀུན 	ཟིལ་མནན 	།_། 	ཁྱོད་ཀྱི 	bstod tshogs ka_.txt	ཀུན་ལས  ངེས་པ  -ར་གྲོལ  །_།  ཐུབ་པ  -ས  འཇིག་རྟེན  ཀུན  ཟིལ་མནན  །_།  ཁྱོད་ཀྱི 
མཁྱེན་པ  -ས  ཤེས་བྱ་ཁྱབ 					མཁྱེན་པ 	-ས 	ཤེས་བྱ་ཁྱབ 	།_། 	སེམས 	གྲོལ 	ཁྱོད་ལ 	bstod tshogs ka_.txt	    མཁྱེན་པ  -ས  ཤེས་བྱ་ཁྱབ  །_།  སེམས  གྲོལ  ཁྱོད་ལ 
སྡེ  -ས  བསྒྱུར་ཅིང 	།_ 	ཞུ་ཆེན་གྱི 	ལོ་ཙཱ་བ་བནྡེ 	ཡེ་ཤེས 	སྡེ 	-ས 	བསྒྱུར་ཅིང 	ཞུས་ཏེ 	གཏན་ལ 	ཕབ་པ 	།།_།།༄༅།_། 	bstod tshogs ka_.txt	།_  ཞུ་ཆེན་གྱི  ལོ་ཙཱ་བ་བནྡེ  ཡེ་ཤེས  སྡེ  -ས  བསྒྱུར་ཅིང  ཞུས་ཏེ  གཏན་ལ  ཕབ་པ  །།_།།༄༅།_། 
ནི་ལ  -ས  བྱས་པས 	འོད་གསལ་འགྱུར 	།_། 	ཁམས 	ཡོད་ན 	ནི་ལ 	-ས 	བྱས་པས 	།_། 	ས 	ལེ 	སྦྲམ 	bstod tshogs ka_.txt	འོད་གསལ་འགྱུར  །_།  ཁམས  ཡོད་ན  ནི་ལ  -ས  བྱས་པས  །_།  ས  ལེ  སྦྲམ 
ནི་ལ  -ས  བྱས་ན 	-ར་འགྱུར 	།_། 	ཁམས 	མེད་ན 	ནི་ལ 	-ས 	བྱས་ན 	།_། 	ཉོན་མོངས 	འབའ་ཞིག 	བསྐྱེད་པ 	bstod tshogs ka_.txt	-ར་འགྱུར  །_།  ཁམས  མེད་ན  ནི་ལ  -ས  བྱས་ན  །_།  ཉོན་མོངས  འབའ་ཞིག  བསྐྱེད་པ 
སྦུན་པ  -ས  གཡོགས 	-ར་ཟད 	།_། 	ཇི 	ལྟར 	སྦུན་པ 	-ས 	གཡོགས 	གྱུར་པས 	།_། 	སོ་བ 	འབྲས་བུ 	bstod tshogs ka_.txt	-ར་ཟད  །_།  ཇི  ལྟར  སྦུན་པ  -ས  གཡོགས  གྱུར་པས  །_།  སོ་བ  འབྲས་བུ 
།_།_  -ས  བོན 	ལྡན་གང་གིས 	སྒྲུབ་པ 	-ར 	ནུས 	།_།_ 	-ས 	བོན 	གྱུར་པ 	ཁམས་དེ་ཉིད 	།_། 	ཆོས 	bstod tshogs ka_.txt	ལྡན་གང་གིས  སྒྲུབ་པ  -ར  ནུས  །_།_  -ས  བོན  གྱུར་པ  ཁམས་དེ་ཉིད  །_།  ཆོས 
དྲི་མ  -ས  དྲི་མ་ཅན 	-འི་གོས 	།_། 	སྣ 	ཚོགས 	དྲི་མ 	-ས 	དྲི་མ་ཅན 	།_། 	ཇི 	ལྟར 	མེ་ཡི 	bstod tshogs ka_.txt	-འི་གོས  །_།  སྣ  ཚོགས  དྲི་མ  -ས  དྲི་མ་ཅན  །_།  ཇི  ལྟར  མེ་ཡི 
།_།_  -ས ་ཡི་དཀྱིལ་ན 	-ར 	བྱེད 	མ 	ཡིན 	།_།_ 	-ས	་ཡི་དཀྱིལ་ན 	ཡོད་པ 	-འི་ཆུ 	།_། 	དྲི 	bstod tshogs ka_.txt	-ར  བྱེད  མ  ཡིན  །_།_  -ས ་ཡི་དཀྱིལ་ན  ཡོད་པ  -འི་ཆུ  །_།  དྲི 
བྱ་བ་གསུམ་པོ  -ས  སེམས 	རྟག 	སྡུག་བསྔལ 	སྟོང་པ་ཞེས 	།_། 	བྱ་བ་གསུམ་པོ 	-ས 	སེམས 	སྦྱོང་བྱེད 	།_། 	མཆོག་ཏུ 	སེམས་ནི 	bstod tshogs ka_.txt	རྟག  སྡུག་བསྔལ  སྟོང་པ་ཞེས  །_།  བྱ་བ་གསུམ་པོ  -ས  སེམས  སྦྱོང་བྱེད  །_།  མཆོག་ཏུ  སེམས་ནི 
གྱུར་པ  -ས ་སོ 	འབྱུང་བ་ཡང 	_།_། 	འབྱུང་དང 	འབྱུང་ལས 	གྱུར་པ 	-ས	་སོ 	།_། 	སངས 	རྒྱས 	རྣམས་ཀྱི 	bstod tshogs ka_.txt	འབྱུང་བ་ཡང  _།_།  འབྱུང་དང  འབྱུང་ལས  གྱུར་པ  -ས ་སོ  །_།  སངས  རྒྱས  རྣམས་ཀྱི 
འགྱུར་བ  -ས ་ན 	_།_། 	བརྟེན་ནས 	འགག་པ 	-ར 	འགྱུར་བ 	-ས	་ན 	།_། 	གཅིག་ཀྱང 	ཡོད་པ 	མ་ཡིན་ན 	bstod tshogs ka_.txt	_།_།  བརྟེན་ནས  འགག་པ  -ར  འགྱུར་བ  -ས ་ན  །_།  གཅིག་ཀྱང  ཡོད་པ  མ་ཡིན་ན 
དང་བཅས་པ  -ས  ཐོས་པ 	-འི 	ཆོས་ཀྱི་དབྱིངས 	།_། 	རྟོག 	དང་བཅས་པ 	-ས 	ཐོས་པ 	-ར་འགྱུར 	།_། 	སྣ་དང 	དྲི་ལ 	bstod tshogs ka_.txt	-འི  ཆོས་ཀྱི་དབྱིངས  །_།  རྟོག  དང་བཅས་པ  -ས  ཐོས་པ  -ར་འགྱུར  །_།  སྣ་དང  དྲི་ལ 
ཟད་པ  -ས  མྱ་ངན་འདས 	དེ་ཉིད་དོ 	།_། 	འདོད 	ཆགས 	ཟད་པ 	-ས 	མྱ་ངན་འདས 	།_། 	ཞེ 	སྡང 	གཏི་མུག 	bstod tshogs ka_.txt	དེ་ཉིད་དོ  །_།  འདོད  ཆགས  ཟད་པ  -ས  མྱ་ངན་འདས  །_།  ཞེ  སྡང  གཏི་མུག 
རྟོག་པ  -ས ་བཅིངས 	།_། 	རང་གི 	རྣམ་པ 	-ར 	རྟོག་པ 	-ས	་བཅིངས 	།_། 	བདག 	ཉིད 	ཤེས་ན 	bstod tshogs ka_.txt	།_།  རང་གི  རྣམ་པ  -ར  རྟོག་པ  -ས ་བཅིངས  །_།  བདག  ཉིད  ཤེས་ན 
བརྟགས་པ  -ས  གནས 	-ར 	གྱུར་པ་ཡིས 	།_། 	བདག་ལ 	བརྟགས་པ 	-ས 	གནས 	བྱ་ཞེས 	།_། 	མདོ 	སྡེ 	bstod tshogs ka_.txt	-ར  གྱུར་པ་ཡིས  །_།  བདག་ལ  བརྟགས་པ  -ས  གནས  བྱ་ཞེས  །_།  མདོ  སྡེ 
ཤེས་པ  -ས  བསྒྲིབས་པས 	།_། 	དེ 	བཞིན 	མི 	ཤེས་པ 	-ས 	བསྒྲིབས་པས 	།_། 	སངས 	རྒྱས 	རྣམས་ནི 	bstod tshogs ka_.txt	།_།  དེ  བཞིན  མི  ཤེས་པ  -ས  བསྒྲིབས་པས  །_།  སངས  རྒྱས  རྣམས་ནི 
བྱིས་པ  -ས ་བརྟགས 	-འི་གཞི 	།_། 	གང 	ཕྱིར་གཉིས་ནི 	བྱིས་པ 	-ས	་བརྟགས 	།_། 	དེ་ཡི་གཉིས 	མེད 	རྣལ་འབྱོར་གནས 	bstod tshogs ka_.txt	-འི་གཞི  །_།  གང  ཕྱིར་གཉིས་ནི  བྱིས་པ  -ས ་བརྟགས  །_།  དེ་ཡི་གཉིས  མེད  རྣལ་འབྱོར་གནས 
འདི  -ས ་ནི 	བྱེད 	བཟོད་པ་སྟེ 	།_། 	གསུམ་པོ 	འདི 	-ས	་ནི 	ཁམས 	རྒྱས་འགྱུར 	།_། 	ཆོས 	bstod tshogs ka_.txt	བྱེད  བཟོད་པ་སྟེ  །_།  གསུམ་པོ  འདི  -ས ་ནི  ཁམས  རྒྱས་འགྱུར  །_།  ཆོས 
ཞིང་པ  -ས  སྲུང་བ 	སཱ་ལུ 	-འི 	ས་བོན་སོགས 	།_། 	ཞིང་པ 	-ས 	སྲུང་བ 	-ར 	བྱེད་པ་ལྟར 	།_། 	དེ 	bstod tshogs ka_.txt	སཱ་ལུ  -འི  ས་བོན་སོགས  །_།  ཞིང་པ  -ས  སྲུང་བ  -ར  བྱེད་པ་ལྟར  །_།  དེ 
བྱེད་པ  -ས  འོད་བྱེད་པའོ 	མུན་པ་དག 	_། 	སེལ 	བར 	བྱེད་པ 	-ས 	འོད་བྱེད་པའོ 	།_། 	རྟག་ཏུ 	དག་པ 	-འི 	bstod tshogs ka_.txt	མུན་པ་དག  _།  སེལ  བར  བྱེད་པ  -ས  འོད་བྱེད་པའོ  །_།  རྟག་ཏུ  དག་པ  -འི 
།_།_  -ས ་དེ 	འོད་ཀྱིས 	རབ 	བསྐོར 	བས 	།_།_ 	-ས	་དེ 	འོད་འཕྲོ 	ཅན་དུ་འདོད 	།_། 	རིག་དང 	bstod tshogs ka_.txt	འོད་ཀྱིས  རབ  བསྐོར  བས  །_།_  -ས ་དེ  འོད་འཕྲོ  ཅན་དུ་འདོད  །_།  རིག་དང 
རྒྱལ་བ  -ས  སྦྱང 	དཀའ་ལས 	།_། 	རྣམ 	པར 	རྒྱལ་བ 	-ས 	སྦྱང 	དཀའ 	-ར་འདོད 	།_། 	བྱང 	bstod tshogs ka_.txt	དཀའ་ལས  །_།  རྣམ  པར  རྒྱལ་བ  -ས  སྦྱང  དཀའ  -ར་འདོད  །_།  བྱང 
དྲ་བ  -ས  རྩེ་བ་དང 	བཀོད་པ 	རྣམ་ཀུན་དུ 	།_། 	འོད་ཀྱི 	དྲ་བ 	-ས 	རྩེ་བ་དང 	_།_། 	འཁོར་བ 	-འི 	མཚོ་ཡི 	bstod tshogs ka_.txt	བཀོད་པ  རྣམ་ཀུན་དུ  །_།  འོད་ཀྱི  དྲ་བ  -ས  རྩེ་བ་དང  _།_།  འཁོར་བ  -འི  མཚོ་ཡི 
ཤེས་པ  -ས  རྟོགས 	ཀུན་གྱི 	སྤྱོད་ཡུལ་མིན 	།_། 	ཡིད་ཀྱི 	ཤེས་པ 	-ས 	རྟོགས 	བྱ་བ 	།_། 	གང་ཡང 	རུང་ལ 	bstod tshogs ka_.txt	ཀུན་གྱི  སྤྱོད་ཡུལ་མིན  །_།  ཡིད་ཀྱི  ཤེས་པ  -ས  རྟོགས  བྱ་བ  །_།  གང་ཡང  རུང་ལ 
ནམ  -ས  ཡེ་ཤེས 	-འི་ལམ 	ཀུན་གྱིས 	།_། 	བསོད 	ནམ 	-ས 	ཡེ་ཤེས 	རབ 	བསགས་པའི 	།_། 	ཟླ་བ 	bstod tshogs ka_.txt	-འི་ལམ  ཀུན་གྱིས  །_།  བསོད  ནམ  -ས  ཡེ་ཤེས  རབ  བསགས་པའི  །_།  ཟླ་བ 
རྨོངས་པ  -ས  དམན་པ 	དེ 	-ར 	གནས་ནས 	།_། 	རྨོངས་པ 	-ས 	དམན་པ 	-འི 	འཇིག་རྟེན་རྣམས 	།_། 	སྡུག 	bstod tshogs ka_.txt	དེ  -ར  གནས་ནས  །_།  རྨོངས་པ  -ས  དམན་པ  -འི  འཇིག་རྟེན་རྣམས  །_།  སྡུག 
རྒྱལ་བ  -ས  བསྒྱུར་བའོ 	ཏ་དང 	_།_ 	ལོ་ཙཱ་བ 	ཚུལ་ཁྲིམས 	རྒྱལ་བ 	-ས 	བསྒྱུར་བའོ 	།།_༄༅།_། 	དཔེ 	མེད་པ 	-ར 	bstod tshogs ka_.txt	ཏ་དང  _།_  ལོ་ཙཱ་བ  ཚུལ་ཁྲིམས  རྒྱལ་བ  -ས  བསྒྱུར་བའོ  །།_༄༅།_།  དཔེ  མེད་པ  -ར 
ལྟ་བ  -ས  ཕོངས་པ་ཡི 	ཕྱག 	འཚལ་ལོ 	།_། 	གང་ཞིག 	ལྟ་བ 	-ས 	ཕོངས་པ་ཡི 	།_། 	འཇིག 	རྟེན 	འདི་ལ 	bstod tshogs ka_.txt	ཕྱག  འཚལ་ལོ  །_།  གང་ཞིག  ལྟ་བ  -ས  ཕོངས་པ་ཡི  །_།  འཇིག  རྟེན  འདི་ལ 
མཐོང་བ  -ས  མཐོང 	སྤྱོད་ཡུལ 	ཉིད་དུ་མཐོང 	།_། 	གཟུགས་སུ 	མཐོང་བ 	-ས 	མཐོང 	མིན་ཡང 	།_། 	མཐོང་ངོ་ཞེས་ནི 	རྗོད་པ 	bstod tshogs ka_.txt	སྤྱོད་ཡུལ  ཉིད་དུ་མཐོང  །_།  གཟུགས་སུ  མཐོང་བ  -ས  མཐོང  མིན་ཡང  །_།  མཐོང་ངོ་ཞེས་ནི  རྗོད་པ 
 -ས ་ནི་ཤིན་དུ་ཏུ་མཐོང 	-ར་བྱེད 	།_། 	ཆོས 	མཐོང་བ 		-ས	་ནི་ཤིན་དུ་ཏུ་མཐོང 	།_། 	ཆོས 	ཉིད 	མཐོང་བ 	bstod tshogs ka_.txt	-ར་བྱེད  །_།  ཆོས  མཐོང་བ   -ས ་ནི་ཤིན་དུ་ཏུ་མཐོང  །_།  ཆོས  ཉིད  མཐོང་བ 
རྒྱལ་བ  -ས  བསྒྱུར་བའོ 	།_ 	ལོ་ཙཱ་བ 	དགེ་སློང 	ཚུལ་ཁྲིམས 	རྒྱལ་བ 	-ས 	བསྒྱུར་བའོ 	།།_ 	འཇིག 	རྟེན་ལས 	འདས་པ 	bstod tshogs ka_.txt	།_  ལོ་ཙཱ་བ  དགེ་སློང  ཚུལ་ཁྲིམས  རྒྱལ་བ  -ས  བསྒྱུར་བའོ  །།_  འཇིག  རྟེན་ལས  འདས་པ 
ཐུགས་རྗེ  -ས  ངལ་བ 	-འི་ཕྱིར 	།_། 	ཡུན 	རིང 	ཐུགས་རྗེ 	-ས 	ངལ་བ 	-ར་གྱུར 	།_། 	ཕུང་པོ 	ཙམ་ལས 	bstod tshogs ka_.txt	-འི་ཕྱིར  །_།  ཡུན  རིང  ཐུགས་རྗེ  -ས  ངལ་བ  -ར་གྱུར  །_།  ཕུང་པོ  ཙམ་ལས 
རྒྱུ་ལ  -ས  བྱུང་བ་རྣམས 	རབ་ཏུ་བསྟན 	།_། 	གང 	དག 	རྒྱུ་ལ 	-ས 	བྱུང་བ་རྣམས 	།_། 	དེ 	མེད་པ 	-ར་ནི 	bstod tshogs ka_.txt	རབ་ཏུ་བསྟན  །_།  གང  དག  རྒྱུ་ལ  -ས  བྱུང་བ་རྣམས  །_།  དེ  མེད་པ  -ར་ནི 
ནམ  -ས  དེ་མིན 	སྤྱོད་པོ 	-འང་མེད 	།_། 	བསོད 	ནམ 	-ས 	དེ་མིན 	རྟེན་འབྲེལ་སྐྱེས 	།_། 	རྟེན་ནས 	སྐྱེས་ཀྱང 	bstod tshogs ka_.txt	སྤྱོད་པོ  -འང་མེད  །_།  བསོད  ནམ  -ས  དེ་མིན  རྟེན་འབྲེལ་སྐྱེས  །_།  རྟེན་ནས  སྐྱེས་ཀྱང 
རྒྱུ་ལ  -ས ་ཀྱང 	།_། 	རེ་ཞིག 	ཞིག་པ 	-འི 	རྒྱུ་ལ 	-ས	་ཀྱང 	།_། 	འབྲས 	བུ 	འབྱུང་བ 	bstod tshogs ka_.txt	།_།  རེ་ཞིག  ཞིག་པ  -འི  རྒྱུ་ལ  -ས ་ཀྱང  །_།  འབྲས  བུ  འབྱུང་བ 
ཀ  -ས ་བྱས 	བྱས་པ་དང 	།_། 	གཞན་གྱིས 	བྱས་དང་གཉིས 	ཀ 	-ས	་བྱས 	།_། 	རྒྱུ 	མེད་པ 	-ར་ནི 	bstod tshogs ka_.txt	བྱས་པ་དང  །_།  གཞན་གྱིས  བྱས་དང་གཉིས  ཀ  -ས ་བྱས  །_།  རྒྱུ  མེད་པ  -ར་ནི 
རྒྱལ་བ  -ས  བསྒྱུར་ཅིང 	ཏ་དང 	།_ 	ལོ་ཙཱ་བ 	ཚུལ་ཁྲིམས 	རྒྱལ་བ 	-ས 	བསྒྱུར་ཅིང 	ཞུས་ཏེ 	གཏན་ལ 	ཕབ་པའོ 	།།_།།_༄༅།_། 	bstod tshogs ka_.txt	ཏ་དང  །_  ལོ་ཙཱ་བ  ཚུལ་ཁྲིམས  རྒྱལ་བ  -ས  བསྒྱུར་ཅིང  ཞུས་ཏེ  གཏན་ལ  ཕབ་པའོ  །།_།།_༄༅།_། 
གསུང་བ  -ས  བསྟན་པ་ཡིན 	དྲ་བ་རུ 	།_། 	དེ 	ཉིད 	གསུང་བ 	-ས 	བསྟན་པ་ཡིན 	།_། 	རྣམ 	པར 	རྟོག་པ 	bstod tshogs ka_.txt	དྲ་བ་རུ  །_།  དེ  ཉིད  གསུང་བ  -ས  བསྟན་པ་ཡིན  །_།  རྣམ  པར  རྟོག་པ 
རྟོག་པ  -ས  བསྡོས 	-འི་སེམས 	།_། 	རྣམ 	པར 	རྟོག་པ 	-ས 	བསྡོས 	བྱས་པའི 	།_། 	འཁོར་བ 	རྣམ་རྟོག 	bstod tshogs ka_.txt	-འི་སེམས  །_།  རྣམ  པར  རྟོག་པ  -ས  བསྡོས  བྱས་པའི  །_།  འཁོར་བ  རྣམ་རྟོག 
ཆེན་པོ  -ས  བདག་གིས་བསྟོད 	བཏགས་པ་ལ 	གནས་ནས 	།_། 	གུས་པ 	ཆེན་པོ 	-ས 	བདག་གིས་བསྟོད 	།_། 	སྐྱེ་བ 	མེད་པ 	-འི 	bstod tshogs ka_.txt	བཏགས་པ་ལ  གནས་ནས  །_།  གུས་པ  ཆེན་པོ  -ས  བདག་གིས་བསྟོད  །_།  སྐྱེ་བ  མེད་པ  -འི 
བསྟོད་པ  -ས  བསྟོད་བགྱིའམ 	།_། 	དེ 	ལྟ 	-འི 	བསྟོད་པ 	-ས 	བསྟོད་བགྱིའམ 	།_། 	ཡང་ན 	འདི 	-ར་ནི་ཅི་ཞིག་བསྟོད 	bstod tshogs ka_.txt	།_།  དེ  ལྟ  -འི  བསྟོད་པ  -ས  བསྟོད་བགྱིའམ  །_།  ཡང་ན  འདི  -ར་ནི་ཅི་ཞིག་བསྟོད 
ནམ  -ས  དེ 	གཤེགས 	བསྟོད་པའི 	།_། 	བསོད 	ནམ 	-ས 	དེ 	-ས་ནི 	འཇིག་རྟེན་རྣམས 	།_། 	བདེ 	bstod tshogs ka_.txt	གཤེགས  བསྟོད་པའི  །_།  བསོད  ནམ  -ས  དེ  -ས་ནི  འཇིག་རྟེན་རྣམས  །_།  བདེ 
རྒྱལ་བ  -ས  བསྒྱུར་ཅིང 	།_ 	ལོ་ཙཱ་བ 	དགེ་སློང 	ཚུལ་ཁྲིམས 	རྒྱལ་བ 	-ས 	བསྒྱུར་ཅིང 	ཞུས་ཏེ 	གཏན་ལ 	ཕབ་པའོ 	།།_།།༄༅།_། 	bstod tshogs ka_.txt	།_  ལོ་ཙཱ་བ  དགེ་སློང  ཚུལ་ཁྲིམས  རྒྱལ་བ  -ས  བསྒྱུར་ཅིང  ཞུས་ཏེ  གཏན་ལ  ཕབ་པའོ  །།_།།༄༅།_། 
དད་པ  -ས  ཕྱག 	རབ་ཏུ 	འདས་པ་ལ 	།_། 	བདག་གིས 	དད་པ 	-ས 	ཕྱག 	བྱས 	དགེ་བ 	བྱང་ཆུབ 	ས་བོན 	bstod tshogs ka_.txt	རབ་ཏུ  འདས་པ་ལ  །_།  བདག་གིས  དད་པ  -ས  ཕྱག  བྱས  དགེ་བ  བྱང་ཆུབ  ས་བོན 
རྒྱལ་བ  -ས  བསྒྱུར་ཅིང 	།_ 	ལོ་ཙཱ་བ 	དགེ་སློང 	ཚུལ་ཁྲིམས 	རྒྱལ་བ 	-ས 	བསྒྱུར་ཅིང 	ཞུས་ཏེ 	གཏན་ལ 	ཕབ་པའོ 	།།_།།༄༅།_ 	bstod tshogs ka_.txt	།_  ལོ་ཙཱ་བ  དགེ་སློང  ཚུལ་ཁྲིམས  རྒྱལ་བ  -ས  བསྒྱུར་ཅིང  ཞུས་ཏེ  གཏན་ལ  ཕབ་པའོ  །།_།།༄༅།_ 
གསོལ་བ  -ས  བསྐུལ་བ 	ཀླུ་སྒྲུབ་ཀྱིས 	མཛད་པ 	།_། 	གཞན་གྱི 	གསོལ་བ 	-ས 	བསྐུལ་བ 	-ས་ན 	།_། 	ཇི 	ལྟར 	bstod tshogs ka_.txt	ཀླུ་སྒྲུབ་ཀྱིས  མཛད་པ  །_།  གཞན་གྱི  གསོལ་བ  -ས  བསྐུལ་བ  -ས་ན  །_།  ཇི  ལྟར 
འབྱུང་བ  -ས ་ན་གང 	གཟོད་མ་ནས 	མ 	སྐྱེས་པ 	-འོ་ཞེས 	འབྱུང་བ 	-ས	་ན་གང 	ཐོག་མ 	ཉིད་ནས 	མ 	སྐྱེས་པ་དེ་ལ 	bstod tshogs ka_.txt	གཟོད་མ་ནས  མ  སྐྱེས་པ  -འོ་ཞེས  འབྱུང་བ  -ས ་ན་གང  ཐོག་མ  ཉིད་ནས  མ  སྐྱེས་པ་དེ་ལ 
བྱུང་བ  -ས ་ན 	ཆོས 	ཐམས་ཅད་ཀྱང 	དེ་བཞིན 	ཉིད་ལས 	བྱུང་བ 	-ས	་ན 	།_ 	དེའི 	ཕྱིར 	གང་ཞིག་གང་ལས 	bstod tshogs ka_.txt	ཆོས  ཐམས་ཅད་ཀྱང  དེ་བཞིན  ཉིད་ལས  བྱུང་བ  -ས ་ན  །_  དེའི  ཕྱིར  གང་ཞིག་གང་ལས 
སོགས་པ  -ས  བསྒོས་པ 	-འི 	བག་ཆགས་སུ 	གྱུར་པ་ནི 	གླ་རྩི་ལ 	སོགས་པ 	-ས 	བསྒོས་པ 	བཞིན་ཏེ 	།_ 	དངོས་པོ 	རྣམས་ཀྱི 	bstod tshogs ka_.txt	-འི  བག་ཆགས་སུ  གྱུར་པ་ནི  གླ་རྩི་ལ  སོགས་པ  -ས  བསྒོས་པ  བཞིན་ཏེ  །_  དངོས་པོ  རྣམས་ཀྱི 
རྙེད་པ  -ས  མ་རིག་པ 	-འི 	བཤེས་གཉེན་དང 	ཕྲད་ཅིང 	ལམ་བཟང་པོ 	རྙེད་པ 	-ས 	མ་རིག་པ 	-འི 	བག་ཆགས 	གློ་བུར་བ 	རིང་དུ 	bstod tshogs ka_.txt	-འི  བཤེས་གཉེན་དང  ཕྲད་ཅིང  ལམ་བཟང་པོ  རྙེད་པ  -ས  མ་རིག་པ  -འི  བག་ཆགས  གློ་བུར་བ  རིང་དུ 
ག་ལ  -ས  ལྡོག་པ 	དངོས་པོ 	མེད་པ་སྟེ 	།_ 	གཉི 	ག་ལ 	-ས 	ལྡོག་པ 	-ར 	འགྱུར་བ 	-ས་ན 	།_ 	bstod tshogs ka_.txt	དངོས་པོ  མེད་པ་སྟེ  །_  གཉི  ག་ལ  -ས  ལྡོག་པ  -ར  འགྱུར་བ  -ས་ན  །_ 
བཤད་པ  -ས ་སོ 	ཕྱག 	འཚལ་ལོ 	།_། 	ཞེས 	བཤད་པ 	-ས	་སོ 	།_། 	དེ 	ལྟ་བུ 	-འི 	bstod tshogs ka_.txt	ཕྱག  འཚལ་ལོ  །_།  ཞེས  བཤད་པ  -ས ་སོ  །_།  དེ  ལྟ་བུ  -འི 
ཆུད་པ  -ས  ཐུགས 	རྣམས་ཏེ 	ཤེས་བྱ 	མ་ལུས་པ 	ཐུགས་སུ 	ཆུད་པ 	-ས 	ཐུགས 	བྱིན་གྱིས 	བརླབས་པ་ལ 	ལུས་དང་ཡིད་ཀྱིས 	ཕྱག 	bstod tshogs ka_.txt	རྣམས་ཏེ  ཤེས་བྱ  མ་ལུས་པ  ཐུགས་སུ  ཆུད་པ  -ས  ཐུགས  བྱིན་གྱིས  བརླབས་པ་ལ  ལུས་དང་ཡིད་ཀྱིས  ཕྱག 
འཇུག་པ  -ས ་ན 	ཆོས་ཀྱི 	གསུང་ངོ 	།_། 	ཐམས་ཅད་དུ 	འཇུག་པ 	-ས	་ན 	རྒྱ་ཆེ་བའོ 	།_། 	དེ 	ཉིད་ཀྱིས་ན་དེ 	bstod tshogs ka_.txt	ཆོས་ཀྱི  གསུང་ངོ  །_།  ཐམས་ཅད་དུ  འཇུག་པ  -ས ་ན  རྒྱ་ཆེ་བའོ  །_།  དེ  ཉིད་ཀྱིས་ན་དེ 
 -ས ་ན 	རྒྱུན 	མི་འཆད་པ 	-ར 	སྤྲོ་བ 		-ས	་ན 	ཤིན་ཏུ་མང་ཞིང 	རྒྱ་ཆེ་བ་ལ 	སོགས་པ 	-འི 	bstod tshogs ka_.txt	རྒྱུན  མི་འཆད་པ  -ར  སྤྲོ་བ   -ས ་ན  ཤིན་ཏུ་མང་ཞིང  རྒྱ་ཆེ་བ་ལ  སོགས་པ  -འི 
སོགས་པ  -ས  ལོངས་སྤྱོད 	རྣམ་པ 	སྣ་ཚོགས་པ 	-འི 	ཆོས་སྟོན་པ་ལ 	སོགས་པ 	-ས 	ལོངས་སྤྱོད 	པར 	མཛད་པའོ 	།_། 	དེའི 	bstod tshogs ka_.txt	རྣམ་པ  སྣ་ཚོགས་པ  -འི  ཆོས་སྟོན་པ་ལ  སོགས་པ  -ས  ལོངས་སྤྱོད  པར  མཛད་པའོ  །_།  དེའི 
ཡིན་པ  -ས ་ན 	།_ 	ཆོས་ཀྱི 	སྲིད་ཀྱང་ཡིན 	ལ་ཆེན་པོ་ཡང 	ཡིན་པ 	-ས	་ན 	ཆོས་ཀྱི 	རྒྱལ་སྲིད 	ཆེན་པོ་སྟེ 	ཁམས་གསུམ་པ 	bstod tshogs ka_.txt	།_  ཆོས་ཀྱི  སྲིད་ཀྱང་ཡིན  ལ་ཆེན་པོ་ཡང  ཡིན་པ  -ས ་ན  ཆོས་ཀྱི  རྒྱལ་སྲིད  ཆེན་པོ་སྟེ  ཁམས་གསུམ་པ 
ལྡན་པ  -ས  རབ་ཏུ 	འབར་བ 	-ར 	སྣང་ཞིང 	འོད་དང 	ལྡན་པ 	-ས 	རབ་ཏུ 	འབར་བ 	-ར 	སྣང་བའོ 	།_། 	bstod tshogs ka_.txt	འབར་བ  -ར  སྣང་ཞིང  འོད་དང  ལྡན་པ  -ས  རབ་ཏུ  འབར་བ  -ར  སྣང་བའོ  །_། 
ལྡན་པ  -ས ་ན 	ཐུབ་པ་ནི 	སྐུ་དང 	གསུང 	ཐུབ་པ་དང 	ལྡན་པ 	-ས	་ན 	ཐུབ་པ་སྟེ 	སངས་རྒྱས 	བཅོམ་ལྡན 	འདས་སོ 	bstod tshogs ka_.txt	ཐུབ་པ་ནི  སྐུ་དང  གསུང  ཐུབ་པ་དང  ལྡན་པ  -ས ་ན  ཐུབ་པ་སྟེ  སངས་རྒྱས  བཅོམ་ལྡན  འདས་སོ 
དཀར་པོ  -ས  ཐུགས་ཀྱི 	བྱང་ཆུབ 	སེམས་དཔའ 	དམ་པ 	ཏོག 	དཀར་པོ 	-ས 	ཐུགས་ཀྱི 	རང་བཞིན་གྱིས 	བྱམས་པ་དང 	།_ 	སྙིང 	bstod tshogs ka_.txt	བྱང་ཆུབ  སེམས་དཔའ  དམ་པ  ཏོག  དཀར་པོ  -ས  ཐུགས་ཀྱི  རང་བཞིན་གྱིས  བྱམས་པ་དང  །_  སྙིང 
རིམ་པ  -ས  ཡང་དག 	བྱང་ཆུབ་པ 	རྣམ་པ 	ལྔ 	-འི 	རིམ་པ 	-ས 	ཡང་དག 	པར 	སངས་རྒྱས་སོ 	།_། 	དེ་ནས 	bstod tshogs ka_.txt	བྱང་ཆུབ་པ  རྣམ་པ  ལྔ  -འི  རིམ་པ  -ས  ཡང་དག  པར  སངས་རྒྱས་སོ  །_།  དེ་ནས 
གསུངས་པ  -ས ་སོ 	སངས་རྒྱས 	།_། 	ཞེས 	བྱ་བ 	གསུངས་པ 	-ས	་སོ 	།_། 	དེ 	ལྟར 	ཚིགས་སུ 	bstod tshogs ka_.txt	སངས་རྒྱས  །_།  ཞེས  བྱ་བ  གསུངས་པ  -ས ་སོ  །_།  དེ  ལྟར  ཚིགས་སུ 
ཡིན་པ  -ས ་ན 	སྒྲུབ 	ཅེས་བྱ་བ 	-འི 	དོན 	ཡིན་པ 	-ས	་ན 	།_ 	འགྲོ 	བ 	-འི 	bstod tshogs ka_.txt	སྒྲུབ  ཅེས་བྱ་བ  -འི  དོན  ཡིན་པ  -ས ་ན  །_  འགྲོ  བ  -འི 
བྱས་པ  -ས ་ཞེས 	སེམས་ཅན་གྱི 	དོན 	མཛད་པ་དེ་ལ 	ཕྱག 	བྱས་པ 	-ས	་ཞེས 	བྱ་བ 	-ར 	སྦྱར་རོ 	།_། 	bstod tshogs ka_.txt	སེམས་ཅན་གྱི  དོན  མཛད་པ་དེ་ལ  ཕྱག  བྱས་པ  -ས ་ཞེས  བྱ་བ  -ར  སྦྱར་རོ  །_། 
ནམ  -ས  ཡེ་ཤེས 	ལྡན 	ཞེ་ན 	།_ 	བསོད 	ནམ 	-ས 	ཡེ་ཤེས 	ཆེན་པོ 	དཔག་མེད་ལས 	བྱུང་བའི 	།_། 	bstod tshogs ka_.txt	ལྡན  ཞེ་ན  །_  བསོད  ནམ  -ས  ཡེ་ཤེས  ཆེན་པོ  དཔག་མེད་ལས  བྱུང་བའི  །_། 
ནམ  -ས ་དང 	བྱ་བ 	སྨོས་ཏེ 	།_ 	བསོད 	ནམ 	-ས	་དང 	ཡེ་ཤེས 	ཆེན་པོ་ནི 	ཕ་རོལ་ཏུ 	ཕྱིན་པ་དྲུག་དང 	bstod tshogs ka_.txt	བྱ་བ  སྨོས་ཏེ  །_  བསོད  ནམ  -ས ་དང  ཡེ་ཤེས  ཆེན་པོ་ནི  ཕ་རོལ་ཏུ  ཕྱིན་པ་དྲུག་དང 
ནམ  -ས ་དང 	དཔག་ཏུ 	མེད་པ་སྟེ 	།_ 	བསོད 	ནམ 	-ས	་དང 	ཡེ་ཤེས 	ཆེན་པོ 	དཔག་ཏུ 	མེད་པ་ལས 	bstod tshogs ka_.txt	དཔག་ཏུ  མེད་པ་སྟེ  །_  བསོད  ནམ  -ས ་དང  ཡེ་ཤེས  ཆེན་པོ  དཔག་ཏུ  མེད་པ་ལས 
ཡིན་པ  -ས ་ན 	གཤེགས་པ 	-འི 	ཆོས་ཅན 	ཉིད 	ཡིན་པ 	-ས	་ན 	བདེ་བ 	-ར 	གཤེགས་པའོ 	།_། 	bstod tshogs ka_.txt	གཤེགས་པ  -འི  ཆོས་ཅན  ཉིད  ཡིན་པ  -ས ་ན  བདེ་བ  -ར  གཤེགས་པའོ  །_། 
ཕྱིན་པ  -ས ་ན 	ཉིད་ཀྱི 	དོན 	མཐའ 	-ར 	ཕྱིན་པ 	-ས	་ན 	བདེ་བ 	-ར 	གཤེགས་པའོ 	།_། 	bstod tshogs ka_.txt	ཉིད་ཀྱི  དོན  མཐའ  -ར  ཕྱིན་པ  -ས ་ན  བདེ་བ  -ར  གཤེགས་པའོ  །_། 
ལ་མོ  -ས ་པ 	དེ 	ལྟ་བུ 	-ར 	གྱུར་པ 	ལ་མོ 	-ས	་པ 	-འི 	དད་པ 	-ས 	འདུད་ཅིང 	bstod tshogs ka_.txt	དེ  ལྟ་བུ  -ར  གྱུར་པ  ལ་མོ  -ས ་པ  -འི  དད་པ  -ས  འདུད་ཅིང 
དེ  -ས  ཆོས་དང 	-འི 	བསོད་ནམས་ཀྱི 	ཚོགས 	གང་ཡིན་པ 	དེ 	-ས 	ཆོས་དང 	ལོངས་སྤྱོད 	རྫོགས་པ་དང 	།_ 	སྤྲུལ་པ 	bstod tshogs ka_.txt	-འི  བསོད་ནམས་ཀྱི  ཚོགས  གང་ཡིན་པ  དེ  -ས  ཆོས་དང  ལོངས་སྤྱོད  རྫོགས་པ་དང  །_  སྤྲུལ་པ 
བཟང་པོ  -ས  གསའ 	།_ 	བོད་ཀྱི 	ལོ་ཙཱ་བ་བནྡེ 	རིན་ཆེན 	བཟང་པོ 	-ས 	གསའ 	-ར་དུ 	བསྒྱུར་ཅིང 	ཞུས་པ 	ལགས་སོ 	bstod tshogs ka_.txt	།_  བོད་ཀྱི  ལོ་ཙཱ་བ་བནྡེ  རིན་ཆེན  བཟང་པོ  -ས  གསའ  -ར་དུ  བསྒྱུར་ཅིང  ཞུས་པ  ལགས་སོ 
སྙིང་རྗེ  -ས  བསླང་བ 	གང་ཡིན་པ 	།_། 	དེ་ནི 	དེ་ལས 	སྙིང་རྗེ 	-ས 	བསླང་བ 	-ར 	ནུས་ཀྱི 	གཞན་གྱིས་མིན 	།_། 	bstod tshogs ka_.txt	གང་ཡིན་པ  །_།  དེ་ནི  དེ་ལས  སྙིང་རྗེ  -ས  བསླང་བ  -ར  ནུས་ཀྱི  གཞན་གྱིས་མིན  །_། 
དེ  -ས ་ནི 	དེས་ནི 	ང་ཡང 	མཉེས 	བྱས 	དེ 	-ས	་ནི 	བསྟན་པ 	-འི 	ཁུར་ཡང་བཟུང 	།_། 	bstod tshogs ka_.txt	དེས་ནི  ང་ཡང  མཉེས  བྱས  དེ  -ས ་ནི  བསྟན་པ  -འི  ཁུར་ཡང་བཟུང  །_། 
དེ  -ས ་ནི 	གསལ་བ་དག 	_། 	གང་ལ 	ཡོད་པ 	དེ 	-ས	་ནི 	རྟག་ཏུ 	བདེ་བ 	-ར 	གཤེགས་པ་མཆོད 	bstod tshogs ka_.txt	གསལ་བ་དག  _།  གང་ལ  ཡོད་པ  དེ  -ས ་ནི  རྟག་ཏུ  བདེ་བ  -ར  གཤེགས་པ་མཆོད 
གྱུར་པ  -ས  གྲུབ 	ཉིད 	སེམས་ཅན 	ཕན 	འདོགས 	གྱུར་པ 	-ས 	གྲུབ 	འདི 	བརྙེས་པ་སྟེ 	།_། 	སེམས 	bstod tshogs ka_.txt	ཉིད  སེམས་ཅན  ཕན  འདོགས  གྱུར་པ  -ས  གྲུབ  འདི  བརྙེས་པ་སྟེ  །_།  སེམས 
ལྟོས་པ  -ས ་ན 	སེམས་དེ་གང་གི་ཕྱིར 	།_། 	ང་ལ 	མི 	ལྟོས་པ 	-ས	་ན 	དེ 	-འི 	དོན 	སྟོན་པ 	bstod tshogs ka_.txt	སེམས་དེ་གང་གི་ཕྱིར  །_།  ང་ལ  མི  ལྟོས་པ  -ས ་ན  དེ  -འི  དོན  སྟོན་པ 
དེ  -ས ་ནི 	།_། 	སེམས 	ཅན 	ཕན་པ་ཆུང་ཡང 	དེ 	-ས	་ནི 	མཆོད་པ 	འབྱུང་འགྱུར་ཏེ 	།_། 	གང་གིས་ཡིད་ནི 	bstod tshogs ka_.txt	།_།  སེམས  ཅན  ཕན་པ་ཆུང་ཡང  དེ  -ས ་ནི  མཆོད་པ  འབྱུང་འགྱུར་ཏེ  །_།  གང་གིས་ཡིད་ནི 
ཡིན་པ  -ས ་སོ 	མགུ་བ 	-ར 	བྱེད་པ 	མཆོད་པ 	ཡིན་པ 	-ས	་སོ 	།_། 	གནོད་པ 	-འི 	བདག་ཉིད 	bstod tshogs ka_.txt	མགུ་བ  -ར  བྱེད་པ  མཆོད་པ  ཡིན་པ  -ས ་སོ  །_།  གནོད་པ  -འི  བདག་ཉིད 
དེ  -ས ་ནི 	སྦྱར་ནས 	མཆོད་པ 	-ར 	གྱུར་ཀྱང 	དེ 	-ས	་ནི 	མཆོད 	མི་འགྱུར 	།_། 	ཆུང 	bstod tshogs ka_.txt	སྦྱར་ནས  མཆོད་པ  -ར  གྱུར་ཀྱང  དེ  -ས ་ནི  མཆོད  མི་འགྱུར  །_།  ཆུང 
མྱོང་བ  -ས ་ན 	དང་སེམས 	ཅན 	མཚུངས་པ 	-ར 	མྱོང་བ 	-ས	་ན 	།_། 	སེམས 	ཅན 	རྣམས་ལ 	bstod tshogs ka_.txt	དང་སེམས  ཅན  མཚུངས་པ  -ར  མྱོང་བ  -ས ་ན  །_།  སེམས  ཅན  རྣམས་ལ 
གྱུར་པ  -ས  ང་ཡིས 	སྣོད 	ཉིད་དུ་ཡང 	ཉེ་བ 	-ར 	གྱུར་པ 	-ས 	ང་ཡིས 	སྦྱིན་པ 	-ས་བསྡུས 	།_། 	སེམས 	bstod tshogs ka_.txt	སྣོད  ཉིད་དུ་ཡང  ཉེ་བ  -ར  གྱུར་པ  -ས  ང་ཡིས  སྦྱིན་པ  -ས་བསྡུས  །_།  སེམས 
གྱུར་པ  -ས  ང་ཡི 	ཉིད 	སྣ་ཚོགས 	དངོས་པོ 	-ར 	གྱུར་པ 	-ས 	ང་ཡི 	སྙིང་རྗེ 	འཕེལ་བ 	-ར་གྱུར 	།_། 	bstod tshogs ka_.txt	ཉིད  སྣ་ཚོགས  དངོས་པོ  -ར  གྱུར་པ  -ས  ང་ཡི  སྙིང་རྗེ  འཕེལ་བ  -ར་གྱུར  །_། 
ཐོས་པ  -ས  ང་ཡིས 	ཁྱེད་ཀྱིས 	གནས་པ 	-ར་གྱིས 	།_། 	ཐོས་པ 	-ས 	ང་ཡིས 	ལེགས་པ 	-ར 	སྤྱད་པ 	སེམས་ཅན 	bstod tshogs ka_.txt	ཁྱེད་ཀྱིས  གནས་པ  -ར་གྱིས  །_།  ཐོས་པ  -ས  ང་ཡིས  ལེགས་པ  -ར  སྤྱད་པ  སེམས་ཅན 
རྒྱལ་བ  -ས  བསྒྱུར་ཅིང 	།_ 	ལོ་ཙཱ་བ 	དགེ་སློང 	ཚུལ་ཁྲིམས 	རྒྱལ་བ 	-ས 	བསྒྱུར་ཅིང 	ཞུས་ཏེ 	གཏན་ལ 	ཕབ་པའོ 	།།_།།༄༅།_། 	bstod tshogs ka_.txt	།_  ལོ་ཙཱ་བ  དགེ་སློང  ཚུལ་ཁྲིམས  རྒྱལ་བ  -ས  བསྒྱུར་ཅིང  ཞུས་ཏེ  གཏན་ལ  ཕབ་པའོ  །།_།།༄༅།_། 
སྐྱེད་པ  -ས  མཐོང་ན 	རྣམས་ལ 	དབུགས 	འབྱིན་པ 	།_། 	སྐྱེད་པ 	-ས 	མཐོང་ན 	ཞི་བ་ལགས 	།_། 	ཁྱོད་མགོན་གང་ལ 	ཁྱོད་ལ་ཡང 	bstod tshogs ka_.txt	རྣམས་ལ  དབུགས  འབྱིན་པ  །_།  སྐྱེད་པ  -ས  མཐོང་ན  ཞི་བ་ལགས  །_།  ཁྱོད་མགོན་གང་ལ  ཁྱོད་ལ་ཡང 
སུ  -ས  རྔོ་ཐོགས 	འདིར 	ཁྱོད 	བསྟོད་པ 	-ར 	སུ 	-ས 	རྔོ་ཐོགས 	།_། 	མཚན 	མ 	མེད་ཅིང 	bstod tshogs ka_.txt	འདིར  ཁྱོད  བསྟོད་པ  -ར  སུ  -ས  རྔོ་ཐོགས  །_།  མཚན  མ  མེད་ཅིང 
བསྟོད་པ  -ས  ཤིན་ཏུ 	བྱར 	མི 	གདའ་ནའང 	།_། 	བསྟོད་པ 	-ས 	ཤིན་ཏུ 	མྱ་ངན་འདས 	།_། 	ཤེས 	རབ 	bstod tshogs ka_.txt	བྱར  མི  གདའ་ནའང  །_།  བསྟོད་པ  -ས  ཤིན་ཏུ  མྱ་ངན་འདས  །_།  ཤེས  རབ 
ཞིག་པ  -ས ་ན 	ད་ལྟར 	བྱུང་བ་ཡི 	།_ 	གང 	ཞིག་པ 	-ས	་ན 	འདས་པ 	-ར་འགྱུར 	།_། 	མ 	bstod tshogs ka_.txt	ད་ལྟར  བྱུང་བ་ཡི  །_  གང  ཞིག་པ  -ས ་ན  འདས་པ  -ར་འགྱུར  །_།  མ 
ཀ་ལ  -ས  མ་ཡིན 	དངོས་པ 	སྐྱེ་བ་མེད 	།_། 	གཞན་དང་གཉིས 	ཀ་ལ 	-ས 	མ་ཡིན 	།_། 	ཡོད་ཡིན 	མེད 	མིན 	bstod tshogs ka_.txt	དངོས་པ  སྐྱེ་བ་མེད  །_།  གཞན་དང་གཉིས  ཀ་ལ  -ས  མ་ཡིན  །_།  ཡོད་ཡིན  མེད  མིན 
བྱིས་པ  -ས  ཡང་དག 	ཡང་དག 	མཆིས 	གྱུར་ན 	།_། 	བྱིས་པ 	-ས 	ཡང་དག 	རིག་པ 	-ར་འགྱུར 	།_། 	གང 	bstod tshogs ka_.txt	ཡང་དག  མཆིས  གྱུར་ན  །_།  བྱིས་པ  -ས  ཡང་དག  རིག་པ  -ར་འགྱུར  །_།  གང 
 -ས ་ཅི 	ཚེ 	ཡང་དག 	ཤེས་པ 			-ས	་ཅི 	།_། 	དབང་པོ 	རྣམས་ནི་བེམས་པོ་དང 	_།_། 	bstod tshogs ka_.txt	ཚེ  ཡང་དག  ཤེས་པ    -ས ་ཅི  །_།  དབང་པོ  རྣམས་ནི་བེམས་པོ་དང  _།_། 
རྒྱུ་ལ  -ས  རྨི་ལམ་ན 	ཁྱོད་ཀྱིས་གཟིགས 	།_། 	ཇི 	ལྟར 	རྒྱུ་ལ 	-ས 	རྨི་ལམ་ན 	།_། 	འབྱུང་བ 	མཐོང་བ 	དེ་བཞིན་དུ 	bstod tshogs ka_.txt	ཁྱོད་ཀྱིས་གཟིགས  །_།  ཇི  ལྟར  རྒྱུ་ལ  -ས  རྨི་ལམ་ན  །_།  འབྱུང་བ  མཐོང་བ  དེ་བཞིན་དུ 
འདྲ་བ  -ས ་ན 	སྒྱུ 	མ 	-འི 	གླང་པོ 	འདྲ་བ 	-ས	་ན 	།_། 	དོན་དུ་གཟོད་ནས 	ཞི་བ་ཉིད 	།_། 	bstod tshogs ka_.txt	སྒྱུ  མ  -འི  གླང་པོ  འདྲ་བ  -ས ་ན  །_།  དོན་དུ་གཟོད་ནས  ཞི་བ་ཉིད  །_། 
རྫོགས་པ  -ས ་ན 	མི 	སླུ་བ 	།_། 	དེ 	རྫོགས་པ 	-ས	་ན 	སངས་རྒྱས་བརྗོད 	།_། 	སངས 	རྒྱས 	bstod tshogs ka_.txt	མི  སླུ་བ  །_།  དེ  རྫོགས་པ  -ས ་ན  སངས་རྒྱས་བརྗོད  །_།  སངས  རྒྱས 
ཤེས་པ  -ས  ཆད་པ་མེད 	ཁྱོད་ཀྱིས་གསུངས 	།_། 	ཡང 	དག 	ཤེས་པ 	-ས 	ཆད་པ་མེད 	།_། 	རྟག་པ 	ཉིད་ཀྱང 	མེད་པ 	bstod tshogs ka_.txt	ཁྱོད་ཀྱིས་གསུངས  །_།  ཡང  དག  ཤེས་པ  -ས  ཆད་པ་མེད  །_།  རྟག་པ  ཉིད་ཀྱང  མེད་པ 
 -ས  སྟོང་པ་ལགས 	-ར་བཤད 	།_། 	འགྲོ་བ 	དངོས་པོ 		-ས 	སྟོང་པ་ལགས 	།_། 	དེ 	སླད 	སྨིག 	bstod tshogs ka_.txt	-ར་བཤད  །_།  འགྲོ་བ  དངོས་པོ   -ས  སྟོང་པ་ལགས  །_།  དེ  སླད  སྨིག 
ཡོད་པ  -ས  ཤེས་བྱ་བཞིན 	པར་ཡང 	འགྱུར་བ་ལགས 	།_། 	ཤེས་པ 	ཡོད་པ 	-ས 	ཤེས་བྱ་བཞིན 	།_། 	ཤེས 	བྱ 	ཡོད་པ 	bstod tshogs ka_.txt	པར་ཡང  འགྱུར་བ་ལགས  །_།  ཤེས་པ  ཡོད་པ  -ས  ཤེས་བྱ་བཞིན  །_།  ཤེས  བྱ  ཡོད་པ 
 -ས ་དེ 						-ས	་དེ 	ཤེས་བཞིན 	།_། 	གང 	ཚེ་གཉིས 	bstod tshogs ka_.txt	     -ས ་དེ  ཤེས་བཞིན  །_།  གང  ཚེ་གཉིས 
རིམ་པ  -ས  རྟག 	མཆོད་སྦྱིན་པ 	།_། 	མཆོད 	སྦྱིན 	རིམ་པ 	-ས 	རྟག 	རྒྱུན་དུ 	།_། 	འཇིག 	རྟེན་གསུམ་པོ 	bstod tshogs ka_.txt	མཆོད་སྦྱིན་པ  །_།  མཆོད  སྦྱིན  རིམ་པ  -ས  རྟག  རྒྱུན་དུ  །_།  འཇིག  རྟེན་གསུམ་པོ 
ནམ  -ས  ཡོན་ཏན 	རང 	ཕྱིན་ཏེ 	།_། 	བསོད 	ནམ 	-ས 	ཡོན་ཏན 	རིན་ཆེན་ཕྱུག 	།_། 	མགོན 	ཁྱོད 	bstod tshogs ka_.txt	རང  ཕྱིན་ཏེ  །_།  བསོད  ནམ  -ས  ཡོན་ཏན  རིན་ཆེན་ཕྱུག  །_།  མགོན  ཁྱོད 
རྒྱུ་ལ  -ས  འབྱུང 	རབ 	གྲུབ་ན 	།_། 	ཚོགས་པ 	རྒྱུ་ལ 	-ས 	འབྱུང 	མཐོང་བ 	།_། 	དེ 	དག 	bstod tshogs ka_.txt	རབ  གྲུབ་ན  །_།  ཚོགས་པ  རྒྱུ་ལ  -ས  འབྱུང  མཐོང་བ  །_།  དེ  དག 
སྤངས་པ  -ས ་ན 	།_། 	གཅིག་དང 	གཞན 	ཉིད 	སྤངས་པ 	-ས	་ན 	།_། 	ཇི 	ལྟ་བུ 	-ར་ཡང 	bstod tshogs ka_.txt	།_།  གཅིག་དང  གཞན  ཉིད  སྤངས་པ  -ས ་ན  །_།  ཇི  ལྟ་བུ  -ར་ཡང 
སེང་གེ  -ས  དེ་སྐད་དུ 	།_། 	སྨྲ 	བ 	-འི 	སེང་གེ 	-ས 	དེ་སྐད་དུ 	།_། 	ཁྱོད 	ཉིད 	གསུངས་ན 	bstod tshogs ka_.txt	།_།  སྨྲ  བ  -འི  སེང་གེ  -ས  དེ་སྐད་དུ  །_།  ཁྱོད  ཉིད  གསུངས་ན 
སྣང་བ  -ས  མུན་བསལ་བ 	ཐང་ལ 	མཆི་བ་ལྟར 	།_། 	གང་གིས 	སྣང་བ 	-ས 	མུན་བསལ་བ 	།_། 	བླ 	མེད་དེ་ལ 	ཕྱག 	bstod tshogs ka_.txt	ཐང་ལ  མཆི་བ་ལྟར  །_།  གང་གིས  སྣང་བ  -ས  མུན་བསལ་བ  །_།  བླ  མེད་དེ་ལ  ཕྱག 
གུས་པ  -ས  བླ་མ་བསྟོད 	ཅི་འདྲ 	དེ་བཞིན་དུ 	།_། 	བདག་གིས 	གུས་པ 	-ས 	བླ་མ་བསྟོད 	།_། 	ངོ་བོ 	ཉིད་ཀྱིས 	མ 	bstod tshogs ka_.txt	ཅི་འདྲ  དེ་བཞིན་དུ  །_།  བདག་གིས  གུས་པ  -ས  བླ་མ་བསྟོད  །_།  ངོ་བོ  ཉིད་ཀྱིས  མ 
ཤེས་པ  -ས  སྲིད་ལ 	ཁྱོད་ལ 	ཕྱག 	འཚལ་བསྟོད 	།_། 	ཤེས་པ 	-ས 	སྲིད་ལ 	མི 	གནས་ཤིང 	།_། 	སྙིང 	bstod tshogs ka_.txt	ཁྱོད་ལ  ཕྱག  འཚལ་བསྟོད  །_།  ཤེས་པ  -ས  སྲིད་ལ  མི  གནས་ཤིང  །_།  སྙིང 
ནམ  -ས  འདི་ཡིས 	མཚན 	བརྗོད་པའི 	།_། 	བསོད 	ནམ 	-ས 	འདི་ཡིས 	འཇིག་རྟེན་འདི 	།_། 	བདེ 	བར 	bstod tshogs ka_.txt	མཚན  བརྗོད་པའི  །_།  བསོད  ནམ  -ས  འདི་ཡིས  འཇིག་རྟེན་འདི  །_།  བདེ  བར 
གྲགས་པ  -ས  འགྲོ་བ 	བསལ་ཞིང 	།_། 	ཐུབ་པ 	-འི 	གྲགས་པ 	-ས 	འགྲོ་བ 	མ 	ལུས་ཁྱབ 	།_། 	དཔལ 	bstod tshogs ka_.txt	བསལ་ཞིང  །_།  ཐུབ་པ  -འི  གྲགས་པ  -ས  འགྲོ་བ  མ  ལུས་ཁྱབ  །_།  དཔལ 
ཕོངས་པ  -ས  གདུངས་པ 	ཁྱེད་ལ 	མངོན་དུ 	ཞེན་ན་ཡང 	།_། 	ཕོངས་པ 	-ས 	གདུངས་པ 	ཉིད་དུ 	ཅི་ཕྱིར་འགྱུར 	།_། 	ཐུགས 	bstod tshogs ka_.txt	ཁྱེད་ལ  མངོན་དུ  ཞེན་ན་ཡང  །_།  ཕོངས་པ  -ས  གདུངས་པ  ཉིད་དུ  ཅི་ཕྱིར་འགྱུར  །_།  ཐུགས 
ཚ་བ  -ས  དེ་ཡང་ནི 	རྐྱོང་ཡང 	།_། 	སྐལ 	ཉེས་པ་ཡི 	ཚ་བ 	-ས 	དེ་ཡང་ནི 	།_། 	ཐག 	རིང་དུ་ནི 	མི 	bstod tshogs ka_.txt	རྐྱོང་ཡང  །_།  སྐལ  ཉེས་པ་ཡི  ཚ་བ  -ས  དེ་ཡང་ནི  །_།  ཐག  རིང་དུ་ནི  མི 
ཐུགས་རྗེ  -ས  དྲངས 	མ་གྱུར 	།_། 	རྣམ་པ 	ཀུན་དུ 	ཐུགས་རྗེ 	-ས 	དྲངས 	ཁྱེད་ཀྱིས 	།_། 	དམྱལ 	བར 	bstod tshogs ka_.txt	མ་གྱུར  །_།  རྣམ་པ  ཀུན་དུ  ཐུགས་རྗེ  -ས  དྲངས  ཁྱེད་ཀྱིས  །_།  དམྱལ  བར 
བསམ་པ  -ས ་ཉེས 	པར 	མི 	མཛད 	སྡིག་ཅན 	བསམ་པ 	-ས	་ཉེས 	།_། 	འདི་ན 	སྡུག་བསྔལ 	ཅན་ནི 	bstod tshogs ka_.txt	པར  མི  མཛད  སྡིག་ཅན  བསམ་པ  -ས ་ཉེས  །_།  འདི་ན  སྡུག་བསྔལ  ཅན་ནི 
ནམ  -ས  བཅོམ་པ 	སྤོང 	མཛད་ན 	།_། 	བསོད 	ནམ 	-ས 	བཅོམ་པ 	བདག་གིས 	གཞན་སུ་ལ 	།_། 	སྐྱབས་སུ 	bstod tshogs ka_.txt	སྤོང  མཛད་ན  །_།  བསོད  ནམ  -ས  བཅོམ་པ  བདག་གིས  གཞན་སུ་ལ  །_།  སྐྱབས་སུ 
དེ  -ས ་ནི 	བདག་གིས་དགེ 	བསགས་པ 	།_། 	གང་ཡིན 	དེ 	-ས	་ནི 	འགྲོ་ལ 	བསོད་ནམས་དག 	_། 	རྒྱ་ཆེར 	bstod tshogs ka_.txt	བདག་གིས་དགེ  བསགས་པ  །_།  གང་ཡིན  དེ  -ས ་ནི  འགྲོ་ལ  བསོད་ནམས་དག  _།  རྒྱ་ཆེར 
།_།_  -ས ་གསུམ 	ཚལ་དུ 	ཆོ་འཕྲུལ 	ཆེན་པོ 	བསྟན 	།_།_ 	-ས	་གསུམ 	དགོངས་པ 	མཆོག་ཏུ 	བསྒྲུབ 	མཛད་པ 	bstod tshogs ka_.txt	ཚལ་དུ  ཆོ་འཕྲུལ  ཆེན་པོ  བསྟན  །_།_  -ས ་གསུམ  དགོངས་པ  མཆོག་ཏུ  བསྒྲུབ  མཛད་པ 
སྤྱི  -ས  ཕྱག་འཚལ 	ཀུན་ལ་འདུད 	།_། 	ཞི་ལ 	རྟག་ཏུ 	སྤྱི 	-ས 	ཕྱག་འཚལ 	།_། 	འདི 	ལྟར 	སྤྲོས་པ 	bstod tshogs ka_.txt	ཀུན་ལ་འདུད  །_།  ཞི་ལ  རྟག་ཏུ  སྤྱི  -ས  ཕྱག་འཚལ  །_།  འདི  ལྟར  སྤྲོས་པ 
ནམ  -ས  གངས་རི 	ཕྱག 	འཚལ་བས 	།_། 	བསོད 	ནམ 	-ས 	གངས་རི 	-འི 	ཁ་དོག 	ལྟར 	དཀའ 	bstod tshogs ka_.txt	ཕྱག  འཚལ་བས  །_།  བསོད  ནམ  -ས  གངས་རི  -འི  ཁ་དོག  ལྟར  དཀའ 
གཡའ  -ས ་ལ 	།_། 	སྐུ 	བཞེངས 	སྟ་ཟུར 	གཡའ 	-ས	་ལ 	ཚངས་པ་བཞེས 	།_། 	བཀྲ 	ཤིས 	bstod tshogs ka_.txt	།_།  སྐུ  བཞེངས  སྟ་ཟུར  གཡའ  -ས ་ལ  ཚངས་པ་བཞེས  །_།  བཀྲ  ཤིས 
དུས་བྱ  -ས  སུམ 	ཕུལ་ནས་ཀྱང 	_།_། 	ཁྲོན་པ 	-ར 	དུས་བྱ 	-ས 	སུམ 	ཅུ 	རྩ་གསུམ་སྐྱེས 	།_། 	ཐུགས 	bstod tshogs ka_.txt	ཕུལ་ནས་ཀྱང  _།_།  ཁྲོན་པ  -ར  དུས་བྱ  -ས  སུམ  ཅུ  རྩ་གསུམ་སྐྱེས  །_།  ཐུགས 
ཚངས་པ  -ས  འཁོར་ལོ 	མཆོད་རྟེན 	ཕྱག 	འཚལ་ལོ 	།_། 	ཚངས་པ 	-ས 	འཁོར་ལོ 	ཕུལ་ནས 	འཁོར་ལོ་བསྐོར 	།_། 	མུ 	bstod tshogs ka_.txt	མཆོད་རྟེན  ཕྱག  འཚལ་ལོ  །_།  ཚངས་པ  -ས  འཁོར་ལོ  ཕུལ་ནས  འཁོར་ལོ་བསྐོར  །_།  མུ 
བུ་མོ  -ས  འོ་མ་དྲངས 	བསྙེན 	བཀུར 	འབུལ་བ 	-འི 	བུ་མོ 	-ས 	འོ་མ་དྲངས 	།_། 	བཀའ་དང 	འཇིག་རྟེན 	མ 	bstod tshogs ka_.txt	བསྙེན  བཀུར  འབུལ་བ  -འི  བུ་མོ  -ས  འོ་མ་དྲངས  །_།  བཀའ་དང  འཇིག་རྟེན  མ 
ད  -ས  གསོལ 	མཛད་པ 	ཀུན་གྱི་མཐར 	།_། 	ཙུན 	ད 	-ས 	གསོལ 	བཏབ་ཟླ་གསུམ་ནས 	མཐའ 	-ར་ཕྱིན 	།_། 	bstod tshogs ka_.txt	མཛད་པ  ཀུན་གྱི་མཐར  །_།  ཙུན  ད  -ས  གསོལ  བཏབ་ཟླ་གསུམ་ནས  མཐའ  -ར་ཕྱིན  །_། 
ནམ  -ས  ཡེ་ཤེས 	བྱང་ཆུབ 	ཐུགས་བསྐྱེད་ནས 	།_། 	བསོད 	ནམ 	-ས 	ཡེ་ཤེས 	ཚོགས་གཉིས 	རྫོགས 	མཛད་ཅིང 	།_། 	bstod tshogs ka_.txt	བྱང་ཆུབ  ཐུགས་བསྐྱེད་ནས  །_།  བསོད  ནམ  -ས  ཡེ་ཤེས  ཚོགས་གཉིས  རྫོགས  མཛད་ཅིང  །_། 
བརྩོན་པ  -ས  བྱང་ཆུབ 	མཛད་ལ 	ཕྱག 	འཚལ་ལོ 	།_། 	བརྩོན་པ 	-ས 	བྱང་ཆུབ 	འགྲུབ་པ 	-ར 	དགོངས་ནས་ནི 	།_། 	bstod tshogs ka_.txt	མཛད་ལ  ཕྱག  འཚལ་ལོ  །_།  བརྩོན་པ  -ས  བྱང་ཆུབ  འགྲུབ་པ  -ར  དགོངས་ནས་ནི  །_། 
སྲ  -ས ་སུ་འཁྲུངས 	།_། 	ཤཱཀྱའི 	རྒྱལ་པོ 	-འི 	སྲ 	-ས	་སུ་འཁྲུངས 	།_། 	གདུང་ནི 	ཉི་མ 	-འི 	bstod tshogs ka_.txt	།_།  ཤཱཀྱའི  རྒྱལ་པོ  -འི  སྲ  -ས ་སུ་འཁྲུངས  །_།  གདུང་ནི  ཉི་མ  -འི 
རླུང་ལྷ  -ས  མཆོད 	བསྡུས་པ་ལ 	།_། 	ལྷ 	མི 	རླུང་ལྷ 	-ས 	མཆོད 	ཕྱག་འཚལ 	།_། 	གསེར་གྱི 	རི་བོ 	bstod tshogs ka_.txt	བསྡུས་པ་ལ  །_།  ལྷ  མི  རླུང་ལྷ  -ས  མཆོད  ཕྱག་འཚལ  །_།  གསེར་གྱི  རི་བོ 
སྙིང་རྗེ  -ས ་འཇུག 	བ 	-འི 	དོན 	ཕྱིར 	སྙིང་རྗེ 	-ས	་འཇུག 	_། 	ཡང 	དག 	དོན་ལ 	bstod tshogs ka_.txt	བ  -འི  དོན  ཕྱིར  སྙིང་རྗེ  -ས ་འཇུག  _།  ཡང  དག  དོན་ལ 
ནམ  -ས  བདག་གིས་གང 	རྒྱལ་བ 	བསྟོད་པ་ལས 	།_། 	བསོད 	ནམ 	-ས 	བདག་གིས་གང 	བསགས་པ 	།_། 	དེས་ནི 	སེམས་ཅན 	bstod tshogs ka_.txt	རྒྱལ་བ  བསྟོད་པ་ལས  །_།  བསོད  ནམ  -ས  བདག་གིས་གང  བསགས་པ  །_།  དེས་ནི  སེམས་ཅན 
སྲད་བུ  -ས  དཀྲིས་པ 	ཕ་རོལ 	འཚལ་མ་གྱུར 	།_། 	ལས་ཀྱི 	སྲད་བུ 	-ས 	དཀྲིས་པ 	-ས་ན 	།_། 	དེ 	བཞིན 	bstod tshogs ka_.txt	ཕ་རོལ  འཚལ་མ་གྱུར  །_།  ལས་ཀྱི  སྲད་བུ  -ས  དཀྲིས་པ  -ས་ན  །_།  དེ  བཞིན 
མདའ  -ས  བསད་པས 	།_། 	རི 	དགས 	མང་པོ 	མདའ 	-ས 	བསད་པས 	།_། 	དེ 	ཚེ 	བདག་ནི 	bstod tshogs ka_.txt	།_།  རི  དགས  མང་པོ  མདའ  -ས  བསད་པས  །_།  དེ  ཚེ  བདག་ནི 
གུས་པ  -ས  ཕྱག 	ཅིར 	ཡང་སྤྲུལ 	སྐུ་ལ 	།_། 	གུས་པ 	-ས 	ཕྱག 	འཚལ་ལོ 	།_། 	རྣམ 	དག 	bstod tshogs ka_.txt	ཅིར  ཡང་སྤྲུལ  སྐུ་ལ  །_།  གུས་པ  -ས  ཕྱག  འཚལ་ལོ  །_།  རྣམ  དག 
གུས་པ  -ས  ཕྱག 	བསྟན་པ 	-འི 	གསུང་རབ་ལ 	།_། 	གུས་པ 	-ས 	ཕྱག 	འཚལ་ལོ 	།_། 	བྱང 	ཆུབ 	bstod tshogs ka_.txt	བསྟན་པ  -འི  གསུང་རབ་ལ  །_།  གུས་པ  -ས  ཕྱག  འཚལ་ལོ  །_།  བྱང  ཆུབ 
གུས་པ  -ས  ཕྱག 	རང 	སངས་རྒྱས 	རྣམས་ལ 	།_། 	གུས་པ 	-ས 	ཕྱག 	འཚལ་ལོ 	།_། 	དཀོན 	མཆོག་གསུམ་གྱི 	bstod tshogs ka_.txt	རང  སངས་རྒྱས  རྣམས་ལ  །_།  གུས་པ  -ས  ཕྱག  འཚལ་ལོ  །_།  དཀོན  མཆོག་གསུམ་གྱི 
སོགས་པ  -ས ་ཀྱང 	ཤཱ 	རི 	-འི 	བུ་ལ 	སོགས་པ 	-ས	་ཀྱང 	།_། 	ངེས 	པར 	བསྟོད་པ 	bstod tshogs ka_.txt	ཤཱ  རི  -འི  བུ་ལ  སོགས་པ  -ས ་ཀྱང  །_།  ངེས  པར  བསྟོད་པ 
ནམ  -ས  སྙམ་ནས 	ཡོན་ཏན 	སླད་དུ་བདག 	_། 	བསོད 	ནམ 	-ས 	སྙམ་ནས 	སྤྱི་བརྟོལ་སྐྱེས 	།_། 	སངས 	རྒྱས 	bstod tshogs ka_.txt	ཡོན་ཏན  སླད་དུ་བདག  _།  བསོད  ནམ  -ས  སྙམ་ནས  སྤྱི་བརྟོལ་སྐྱེས  །_།  སངས  རྒྱས 
བདེ་བ  -ས  གཞན་དབང་ཕྱིར 	སྤྱོད་རྣམ 	མི་སྤྱོད 	།_། 	རང་གི 	བདེ་བ 	-ས 	གཞན་དབང་ཕྱིར 	།_། 	དེ 	ཉིད་དང་ནི 	ངེས་པ 	bstod tshogs ka_.txt	སྤྱོད་རྣམ  མི་སྤྱོད  །_།  རང་གི  བདེ་བ  -ས  གཞན་དབང་ཕྱིར  །_།  དེ  ཉིད་དང་ནི  ངེས་པ 
བླངས་པ  -ས ་ན 	སྤངས་ནས་ནི 	།_། 	གཞན་ལ 	བདག་ཉིད 	བླངས་པ 	-ས	་ན 	།_། 	རྩྭ་ཡིས 	རིན་ཆེན 	རིགས་ཆེན་ལྟར 	bstod tshogs ka_.txt	སྤངས་ནས་ནི  །_།  གཞན་ལ  བདག་ཉིད  བླངས་པ  -ས ་ན  །_།  རྩྭ་ཡིས  རིན་ཆེན  རིགས་ཆེན་ལྟར 
གཤེད་མ  -ས  ཟིན 	དག་གིས 	།_། 	ལུས 	ཅན 	གཤེད་མ 	-ས 	ཟིན 	རྣམས་ཀྱིས 	།_། 	ལུས་དང 	སྲོག་ཀྱང 	bstod tshogs ka_.txt	དག་གིས  །_།  ལུས  ཅན  གཤེད་མ  -ས  ཟིན  རྣམས་ཀྱིས  །_།  ལུས་དང  སྲོག་ཀྱང 
དག་པ  -ས ་ཀྱང 	།_། 	བསམ་པ 	རྣམ་པ 	-ར 	དག་པ 	-ས	་ཀྱང 	།_། 	ཚུལ 	ཁྲིམས 	ཕ་རོལ 	bstod tshogs ka_.txt	།_།  བསམ་པ  རྣམ་པ  -ར  དག་པ  -ས ་ཀྱང  །_།  ཚུལ  ཁྲིམས  ཕ་རོལ 
ལ་ཉེ  -ས ་པས 	།_། 	གཞན 	ཉིད་རང 	ཉིད 	ལ་ཉེ 	-ས	་པས 	།_། 	སྡུག 	བསྔལ 	མང་པོ 	bstod tshogs ka_.txt	།_།  གཞན  ཉིད་རང  ཉིད  ལ་ཉེ  -ས ་པས  །_།  སྡུག  བསྔལ  མང་པོ 
 -ས  གཟིར་བ་ནི 						-ས 	གཟིར་བ་ནི 	།_། 	ཁྱོད་ཀྱིས 	དགའ་བ 	-འི 	bstod tshogs ka_.txt	     -ས  གཟིར་བ་ནི  །_།  ཁྱོད་ཀྱིས  དགའ་བ  -འི 
མཆོད་པ  -ས  དགའ 	མ་གྱུར 	།_། 	ཕན 	བྱེད 	མཆོད་པ 	-ས 	དགའ 	གྱུར་པ 	།_། 	ངོ 	མཚར 	bstod tshogs ka_.txt	མ་གྱུར  །_།  ཕན  བྱེད  མཆོད་པ  -ས  དགའ  གྱུར་པ  །_།  ངོ  མཚར 
ཁོ་ན  -ས  སྙིང་པོ 	ས་བོན་ཏེ 	།_། 	དཔའ 	ཁྱོད 	ཁོ་ན 	-ས 	སྙིང་པོ 	-ར་མཁྱེན 	།_། 	དེ 	གཞན 	bstod tshogs ka_.txt	ས་བོན་ཏེ  །_།  དཔའ  ཁྱོད  ཁོ་ན  -ས  སྙིང་པོ  -ར་མཁྱེན  །_།  དེ  གཞན 
སྐྱེ་བོ  -ས ་འོལ 					སྐྱེ་བོ 	-ས	་འོལ 	མི་མཆིས 	།_། 	དེ 	ལྟར 	bstod tshogs ka_.txt	    སྐྱེ་བོ  -ས ་འོལ  མི་མཆིས  །_།  དེ  ལྟར 
ཅི  -ས  མི་མཆི 	།_། 	དག་པ 	-འི 	རྗེས་སུ 	ཅི 	-ས 	མི་མཆི 	།_། 	ལྟ་དང 	ང་རྒྱལ 	སྣང་མེད་པ 	bstod tshogs ka_.txt	།_།  དག་པ  -འི  རྗེས་སུ  ཅི  -ས  མི་མཆི  །_།  ལྟ་དང  ང་རྒྱལ  སྣང་མེད་པ 
གཅིག་པུ  -ས  རྣམ་མཁྱེན་མཛད 	མི་བགྱིད 	།_། 	ཁྱོད 	ཉིད 	གཅིག་པུ 	-ས 	རྣམ་མཁྱེན་མཛད 	།_། 	རིན་ཆེན 	སྙིང་པོ 	མཁྱེན 	bstod tshogs ka_.txt	མི་བགྱིད  །_།  ཁྱོད  ཉིད  གཅིག་པུ  -ས  རྣམ་མཁྱེན་མཛད  །_།  རིན་ཆེན  སྙིང་པོ  མཁྱེན 
སྐྱེ་བོ  -ས  ཐོབ་པ 	མེད 	ཞ་བོ 	རྣམས་ཀྱི་གང 	_།_། 	སྐྱེ་བོ 	-ས 	ཐོབ་པ 	-ར 	མི 	ནུས་སོ 	།_། 	bstod tshogs ka_.txt	མེད  ཞ་བོ  རྣམས་ཀྱི་གང  _།_།  སྐྱེ་བོ  -ས  ཐོབ་པ  -ར  མི  ནུས་སོ  །_། 
དཀའ་བ  -ས ་གྲུབ 	།_། 	ཐུབ 	དབང 	ཉིད་ནི 	དཀའ་བ 	-ས	་གྲུབ 	།_། 	དེ 	ལྟར 	སྨྲ་བ 	bstod tshogs ka_.txt	།_།  ཐུབ  དབང  ཉིད་ནི  དཀའ་བ  -ས ་གྲུབ  །_།  དེ  ལྟར  སྨྲ་བ 
ཕོངས་པ  -ས  མི 	སྐྱེ་བོ་རྣམས 	།_། 	སྙིང 	རྗེ 	ཕོངས་པ 	-ས 	མི 	སེམས་པ 	།_། 	བརྩོན 	འགྲུས 	bstod tshogs ka_.txt	སྐྱེ་བོ་རྣམས  །_།  སྙིང  རྗེ  ཕོངས་པ  -ས  མི  སེམས་པ  །_།  བརྩོན  འགྲུས 
ནམ  -ས  སྐྱེ་བ 	ཞབས 	རྡུལ་ཡང 	།_། 	བསོད 	ནམ 	-ས 	སྐྱེ་བ 	མཆེད 	གྱུར་པ 	།_། 	དེ 	bstod tshogs ka_.txt	ཞབས  རྡུལ་ཡང  །_།  བསོད  ནམ  -ས  སྐྱེ་བ  མཆེད  གྱུར་པ  །_།  དེ 
འདོད་པ  -ས  ཕྱི་རོལ་པ 	རྩེ 	ལྟར་ཆུང 	།_། 	བདེ་བ 	འདོད་པ 	-ས 	ཕྱི་རོལ་པ 	།_། 	ཉི 	མ 	-འི 	bstod tshogs ka_.txt	རྩེ  ལྟར་ཆུང  །_།  བདེ་བ  འདོད་པ  -ས  ཕྱི་རོལ་པ  །_།  ཉི  མ  -འི 
སུ  -ས  བསམ་ནུས 	།_། 	སངས 	རྒྱས 	ཉིད་ནི 	སུ 	-ས 	བསམ་ནུས 	།_། 	ཁྱོད་ཀྱི 	གསུང 	ཐུགས 	bstod tshogs ka_.txt	།_།  སངས  རྒྱས  ཉིད་ནི  སུ  -ས  བསམ་ནུས  །_།  ཁྱོད་ཀྱི  གསུང  ཐུགས 
སུ  -ས  གཞལ་ནུས 	ཡོན་ཏན་རྣམས 	།_། 	དཔེ་ཡི 	ཚུལ་ཀྱིས 	སུ 	-ས 	གཞལ་ནུས 	།_། 	ཁྱད 	པར་ལ་ནི 	སྦྱོར་བ 	bstod tshogs ka_.txt	ཡོན་ཏན་རྣམས  །_།  དཔེ་ཡི  ཚུལ་ཀྱིས  སུ  -ས  གཞལ་ནུས  །_།  ཁྱད  པར་ལ་ནི  སྦྱོར་བ 
སུ  -ས ་ཀྱང 	བརྗོད 	མི་ནུས 	།_། 	དེས་ནི 	སུ 	-ས	་ཀྱང 	རྟོགས 	མི་འགྱུར 	།_། 	གང་ལ 	bstod tshogs ka_.txt	བརྗོད  མི་ནུས  །_།  དེས་ནི  སུ  -ས ་ཀྱང  རྟོགས  མི་འགྱུར  །_།  གང་ལ 
དཔག་པ  -ས  རྣམ་པ 	རྣམ་པ 	-ར་རྒྱལ 	།_། 	རྗེས་སུ 	དཔག་པ 	-ས 	རྣམ་པ 	-ར་ལྷག 	_། 	ཁྱོད་ཀྱི་ཉནཐོས་ཀྱིས་ཀྱང་ནི 	།_། 	bstod tshogs ka_.txt	རྣམ་པ  -ར་རྒྱལ  །_།  རྗེས་སུ  དཔག་པ  -ས  རྣམ་པ  -ར་ལྷག  _།  ཁྱོད་ཀྱི་ཉནཐོས་ཀྱིས་ཀྱང་ནི  །_། 
བྲལ་བ  -ས  ཞེ་སྡང་ཅན 	བཅས་དང 	།_། 	ཞེ 	སྡང 	བྲལ་བ 	-ས 	ཞེ་སྡང་ཅན 	།_། 	གཏི 	མུག 	བྲལ་བ 	bstod tshogs ka_.txt	བཅས་དང  །_།  ཞེ  སྡང  བྲལ་བ  -ས  ཞེ་སྡང་ཅན  །_།  གཏི  མུག  བྲལ་བ 
 -ས  རྟག་ཏུ་གསུམ 	-ས 	རྨོངས་པ་སྟེ 	།_། 	གསུམ་པོ 		-ས 	རྟག་ཏུ་གསུམ 	དག་བཏུལ 	།_། 	བཏང 	སྙོམས 	bstod tshogs ka_.txt	-ས  རྨོངས་པ་སྟེ  །_།  གསུམ་པོ   -ས  རྟག་ཏུ་གསུམ  དག་བཏུལ  །_།  བཏང  སྙོམས 
དྲངས་པ  -ས ་ན 	ལུས་པས 	།_། 	གཞན 	དོན་གྱིས་ནི 	དྲངས་པ 	-ས	་ན 	།_། 	རང 	བཞིན 	དམ་པ་ལེགས 	bstod tshogs ka_.txt	ལུས་པས  །_།  གཞན  དོན་གྱིས་ནི  དྲངས་པ  -ས ་ན  །_།  རང  བཞིན  དམ་པ་ལེགས 
 -ས  བསྒྲགས་པ 	གསུངས་དང 	།_། 	མཛད 	སྤྱོད་བཟང་པོ 		-ས 	བསྒྲགས་པ 	-ས་ན 	།_། 	ཁྱོད་ཀྱི 	བློ་གྲོས 	bstod tshogs ka_.txt	གསུངས་དང  །_།  མཛད  སྤྱོད་བཟང་པོ   -ས  བསྒྲགས་པ  -ས་ན  །_།  ཁྱོད་ཀྱི  བློ་གྲོས 
འདི  -ས  སུ་ཞིག 	རྔོམ་བརྗིད 	ཆེ་བ་ཡི 	།_། 	སྐུ 	འདི 	-ས 	སུ་ཞིག 	དད 	མི་མཛད 	།_། 	གང་ཡང 	bstod tshogs ka_.txt	རྔོམ་བརྗིད  ཆེ་བ་ཡི  །_།  སྐུ  འདི  -ས  སུ་ཞིག  དད  མི་མཛད  །_།  གང་ཡང 
ཅི  -ས  མི་འགྱུར 	།_། 	མཐོང 	བས 	ངོམས་པ 	ཅི 	-ས 	མི་འགྱུར 	།_། 	ཁྱད 	པར་ལ 	མཁས་མ་ཡིན་ཡང 	bstod tshogs ka_.txt	།_།  མཐོང  བས  ངོམས་པ  ཅི  -ས  མི་འགྱུར  །_།  ཁྱད  པར་ལ  མཁས་མ་ཡིན་ཡང 
འཚམ་པ  -ས  ཁྱོད་ཀྱི 	-འི 	ཡོན་ཏན 	ཕན་ཚུན་དུ 	།_། 	འཚམ་པ 	-ས 	ཁྱོད་ཀྱི 	སྐུ་དང་ནི 	།_། 	ཡོན་ཏན 	ཕུན་ཚོགས 	bstod tshogs ka_.txt	-འི  ཡོན་ཏན  ཕན་ཚུན་དུ  །_།  འཚམ་པ  -ས  ཁྱོད་ཀྱི  སྐུ་དང་ནི  །_།  ཡོན་ཏན  ཕུན་ཚོགས 
ཆེ་ཞེ  -ས  གསུང 	ལ 	།_། 	ང 	དཔལ 	ཆེ་ཞེ 	-ས 	གསུང 	གསུང་ལྟར 	།_། 	དེ་ཡི 	ཡོན་ཏན 	bstod tshogs ka_.txt	ལ  །_།  ང  དཔལ  ཆེ་ཞེ  -ས  གསུང  གསུང་ལྟར  །_།  དེ་ཡི  ཡོན་ཏན 
ཐུགས་རྗེ  -ས ་བསྡམས 	དགྲོལ 	སླད 	ཡུན 	རིངས 	ཐུགས་རྗེ 	-ས	་བསྡམས 	།_། 	བཅིངས་པ 	-འི 	རྒྱུ་ནི 	bstod tshogs ka_.txt	དགྲོལ  སླད  ཡུན  རིངས  ཐུགས་རྗེ  -ས ་བསྡམས  །_།  བཅིངས་པ  -འི  རྒྱུ་ནི 
མཐུན་པ  -ས  སྤངས་ནས་གང 	ཁྱོད་ནི་དེ 	ཆགས་པས 	།_། 	རང་དང 	མཐུན་པ 	-ས 	སྤངས་ནས་གང 	།_། 	ཉེར 	ཞི 	མཆོག་ལ 	bstod tshogs ka_.txt	ཁྱོད་ནི་དེ  ཆགས་པས  །_།  རང་དང  མཐུན་པ  -ས  སྤངས་ནས་གང  །_།  ཉེར  ཞི  མཆོག་ལ 
ལྡན་པ  -ས ་ན 	བཞིན་དུ 	།_། 	ཐུགས 	རྗེ་གཙོ་དང 	ལྡན་པ 	-ས	་ན 	།_། 	རོལ 	མོ་མཁན་གྱི 	སྒྱུ་རྩལ་ཡང 	bstod tshogs ka_.txt	བཞིན་དུ  །_།  ཐུགས  རྗེ་གཙོ་དང  ལྡན་པ  -ས ་ན  །_།  རོལ  མོ་མཁན་གྱི  སྒྱུ་རྩལ་ཡང 
གུས་པ  -ས  གཞན་དུ 	ཡོད་ན 	མི 	འགྱུར་བ 	།_། 	གུས་པ 	-ས 	གཞན་དུ 	མི 	འདྲེ་ལ 	།_། 	ཇི 	bstod tshogs ka_.txt	ཡོད་ན  མི  འགྱུར་བ  །_།  གུས་པ  -ས  གཞན་དུ  མི  འདྲེ་ལ  །_།  ཇི 
དེ  -ས ་ནི་མཛད 	།_། 	སྤྱོད་པ 	མ 	ཉམས 	དེ 	-ས	་ནི་མཛད 	།_། 	ཁྱོད་ཀྱིས 	ཉིད 	དོན་ལས 	bstod tshogs ka_.txt	།_།  སྤྱོད་པ  མ  ཉམས  དེ  -ས ་ནི་མཛད  །_།  ཁྱོད་ཀྱིས  ཉིད  དོན་ལས 
བསྟན་པ  -ས ་གང 	།_། 	འདི 	ལྟར 	རེས་འགའ 	བསྟན་པ 	-ས	་གང 	།_། 	གཞན 	དོན་གྲུབ 	པར 	bstod tshogs ka_.txt	།_།  འདི  ལྟར  རེས་འགའ  བསྟན་པ  -ས ་གང  །_།  གཞན  དོན་གྲུབ  པར 
དགྲ་བོ  -ས  ཐོས་ན་ཡང 	གསུང་ནི 	དེ་ལྟ་བུ 	།_། 	ཁྱོད་ཀྱི 	དགྲ་བོ 	-ས 	ཐོས་ན་ཡང 	།_། 	ཐམས་ཅད 	མཁྱེན་པ 	ལགས་སོ་ཞེས 	bstod tshogs ka_.txt	གསུང་ནི  དེ་ལྟ་བུ  །_།  ཁྱོད་ཀྱི  དགྲ་བོ  -ས  ཐོས་ན་ཡང  །_།  ཐམས་ཅད  མཁྱེན་པ  ལགས་སོ་ཞེས 
འབྲེལ་པ  -ས ་ན 	བགྱིས་སོ 	།_། 	སྣོད་ཀྱི 	སྐྱོན་དང 	འབྲེལ་པ 	-ས	་ན 	།_། 	རྣ 	བར 	བདུད་རྩི 	bstod tshogs ka_.txt	བགྱིས་སོ  །_།  སྣོད་ཀྱི  སྐྱོན་དང  འབྲེལ་པ  -ས ་ན  །_།  རྣ  བར  བདུད་རྩི 
འཇོམས་པ  -ས  གདུགས་དང་འདྲ 	མི 	ཤེས་པའི 	།_། 	རབ་རིབ 	འཇོམས་པ 	-ས 	གདུགས་དང་འདྲ 	།_། 	ང 	རྒྱལ 	རི་བོ 	bstod tshogs ka_.txt	མི  ཤེས་པའི  །_།  རབ་རིབ  འཇོམས་པ  -ས  གདུགས་དང་འདྲ  །_།  ང  རྒྱལ  རི་བོ 
སུ  -ས  རྟོགས་འགྱུར 	ཕུན་ཚོགས་པའི 	།_། 	ཁྱོད་ཀྱི་བདེན 	གསུང 	སུ 	-ས 	རྟོགས་འགྱུར 	།_། 	དོན 	གཟིགས་པ 	-ས་ན 	bstod tshogs ka_.txt	ཕུན་ཚོགས་པའི  །_།  ཁྱོད་ཀྱི་བདེན  གསུང  སུ  -ས  རྟོགས་འགྱུར  །_།  དོན  གཟིགས་པ  -ས་ན 
སྦྱར་བ  -ས ་གོ 	རྗེས་སུ་མཐུན 	།_། 	ལེགས 	པར 	སྦྱར་བ 	-ས	་གོ 	སླ་སྟེ 	།_། 	ཁྱོད་ཀྱི 	གསུང་ནི་ལེགས་གསུམ་ལྡན 	bstod tshogs ka_.txt	རྗེས་སུ་མཐུན  །_།  ལེགས  པར  སྦྱར་བ  -ས ་གོ  སླ་སྟེ  །_།  ཁྱོད་ཀྱི  གསུང་ནི་ལེགས་གསུམ་ལྡན 
ཤེས་པ  -ས ་ནི 	སྨིན་དང 	མོས་པ་ཡིས 	།_། 	མི 	ཤེས་པ 	-ས	་ནི 	བསྒྲིབས་པ 	-འི་ཚིག 	_། 	ཁྱོད་ནི 	bstod tshogs ka_.txt	སྨིན་དང  མོས་པ་ཡིས  །_།  མི  ཤེས་པ  -ས ་ནི  བསྒྲིབས་པ  -འི་ཚིག  _།  ཁྱོད་ནི 
གཟོ་བ  -ས  འཇུག་པ 	དམྱལ་བ་ཡི་ཡང་ལས 	རྣམས་ལའང 	།_། 	བྱས་པ 	གཟོ་བ 	-ས 	འཇུག་པ 	-ར་མཐོང 	།_། 	ཕན་པ 	གསུང་ཞིང 	bstod tshogs ka_.txt	དམྱལ་བ་ཡི་ཡང་ལས  རྣམས་ལའང  །_།  བྱས་པ  གཟོ་བ  -ས  འཇུག་པ  -ར་མཐོང  །_།  ཕན་པ  གསུང་ཞིང 
འབར་བ  -ས ་ཀྱང 	སྨོས་ཏེ 	།_། 	མགོ་ལ 	ཞུགས་ནི 	འབར་བ 	-ས	་ཀྱང 	།_། 	ཅི་ཡི 	སླད་དུ 	སྒྲུབ 	bstod tshogs ka_.txt	སྨོས་ཏེ  །_།  མགོ་ལ  ཞུགས་ནི  འབར་བ  -ས ་ཀྱང  །_།  ཅི་ཡི  སླད་དུ  སྒྲུབ 
བསྟན་པ  -ས  རང་དབང་དང 	མཁས 	རྣམས་ཀྱིས 	།_། 	ཁྱོད་ཀྱི 	བསྟན་པ 	-ས 	རང་དབང་དང 	།_། 	བྱང 	ཆུབ་བདེ་དང 	ཞི་བ་དང 	bstod tshogs ka_.txt	མཁས  རྣམས་ཀྱིས  །_།  ཁྱོད་ཀྱི  བསྟན་པ  -ས  རང་དབང་དང  །_།  བྱང  ཆུབ་བདེ་དང  ཞི་བ་དང 
ལྟ་བ  -ས  འདུས་བྱས་ལ 	རྣམས 	དབུགས་ཀྱང་འབྱིན 	།_། 	བདག་ཏུ 	ལྟ་བ 	-ས 	འདུས་བྱས་ལ 	།_། 	སྨོད 	མེད 	མྱ་ངན 	bstod tshogs ka_.txt	རྣམས  དབུགས་ཀྱང་འབྱིན  །_།  བདག་ཏུ  ལྟ་བ  -ས  འདུས་བྱས་ལ  །_།  སྨོད  མེད  མྱ་ངན 
བསྟན་པ  -ས  ཟིལ་གྱིས་མནན 	མ 	མཆིས་པའང 	།_། 	ཁྱོད་ཀྱི 	བསྟན་པ 	-ས 	ཟིལ་གྱིས་མནན 	།_། 	སྐྱེས་ནས 	ངེས་པ 	-ར 	bstod tshogs ka_.txt	མ  མཆིས་པའང  །_།  ཁྱོད་ཀྱི  བསྟན་པ  -ས  ཟིལ་གྱིས་མནན  །_།  སྐྱེས་ནས  ངེས་པ  -ར 
སྲ  -ས ་ཀྱིས་ཀྱང 	བཞིན 	འཆི་འཕོ 	།_། 	ཁྱོད 	སྲ 	-ས	་ཀྱིས་ཀྱང 	དབང 	ཐོབ་ཕྱིར 	།_། 	དེ་ལས 	bstod tshogs ka_.txt	བཞིན  འཆི་འཕོ  །_།  ཁྱོད  སྲ  -ས ་ཀྱིས་ཀྱང  དབང  ཐོབ་ཕྱིར  །_།  དེ་ལས 
ལེགས་པ  -ས  ཁྱབ 	ཁྱོད་ཀྱི་བསྟན 	།_། 	དེ 	ལྟར 	ལེགས་པ 	-ས 	ཁྱབ 	འདི་ལ 	།_། 	མ 	གུས་གང 	bstod tshogs ka_.txt	ཁྱོད་ཀྱི་བསྟན  །_།  དེ  ལྟར  ལེགས་པ  -ས  ཁྱབ  འདི་ལ  །_།  མ  གུས་གང 
ཐོས་པ  -ས ་ནི 	ལྟར་ཡང་ནི 	དོན་ལྡན་འཁུམས 	།_། 	ཁྱོད 	ཐོས་པ 	-ས	་ནི 	སྤྲོ་བ་སྐྱེད 	།_། 	མཐོང 	བས 	bstod tshogs ka_.txt	ལྟར་ཡང་ནི  དོན་ལྡན་འཁུམས  །_།  ཁྱོད  ཐོས་པ  -ས ་ནི  སྤྲོ་བ་སྐྱེད  །_།  མཐོང  བས 
ཐོས་པ  -ས  དགའ 	-ར་འགྱུར 	།_། 	ཁྱོད 	གསུང 	ཐོས་པ 	-ས 	དགའ 	འགྱུར་ཏེ 	།_། 	བསྟན་པ 	-ས 	bstod tshogs ka_.txt	-ར་འགྱུར  །_།  ཁྱོད  གསུང  ཐོས་པ  -ས  དགའ  འགྱུར་ཏེ  །_།  བསྟན་པ  -ས 
བསྟན་པ  -ས ་ནི 	ལ་སྨན 	མཛད་པའི 	།_། 	ཆོས 	བསྟན་པ 	-ས	་ནི 	བྱེད་པ་ན 	།_། 	གང 	མཐའ 	bstod tshogs ka_.txt	ལ་སྨན  མཛད་པའི  །_།  ཆོས  བསྟན་པ  -ས ་ནི  བྱེད་པ་ན  །_།  གང  མཐའ 
སྲ  -ས ་ཀྱིས 	སྒྲུབ་པ 	-འི་ཕྱིར 	།_། 	ཁྱོད་ཀྱི 	སྲ 	-ས	་ཀྱིས 	མགུ་བ 	-ར་འགྱུར 	།_། 	འཕེལ 	bstod tshogs ka_.txt	སྒྲུབ་པ  -འི་ཕྱིར  །_།  ཁྱོད་ཀྱི  སྲ  -ས ་ཀྱིས  མགུ་བ  -ར་འགྱུར  །_།  འཕེལ 
དད་པ  -ས  བརླན 	ལྡོག་པ་ན་ནི 	འགོད་པ་མཛད 	།_། 	གང་ཞིག 	དད་པ 	-ས 	བརླན 	སེམས་ཀྱིས 	།_། 	ཡོན་ཏན 	དྲན་པ 	bstod tshogs ka_.txt	ལྡོག་པ་ན་ནི  འགོད་པ་མཛད  །_།  གང་ཞིག  དད་པ  -ས  བརླན  སེམས་ཀྱིས  །_།  ཡོན་ཏན  དྲན་པ 
གསལ་བ  -ས ་ཀྱང 					གསལ་བ 	-ས	་ཀྱང 	།_། 	གལ་ཏེ 	ཁྱོད་ནི་བདེ 	མཛད་ན 	bstod tshogs ka_.txt	    གསལ་བ  -ས ་ཀྱང  །_།  གལ་ཏེ  ཁྱོད་ནི་བདེ  མཛད་ན 
བསྒྲགས་པ  -ས  སྡིག་པ 	ངོ་མཚར 	མ 	མཆིས་ལགས 	།_། 	བསྒྲགས་པ 	-ས 	སྡིག་པ 	འཕྲོག་པ 	-ར་མཛད 	།_། 	ཁྱོད 	bstod tshogs ka_.txt	ངོ་མཚར  མ  མཆིས་ལགས  །_།  བསྒྲགས་པ  -ས  སྡིག་པ  འཕྲོག་པ  -ར་མཛད  །_།  ཁྱོད 
དྲན་པ  -ས ་ནི 					དྲན་པ 	-ས	་ནི 	རངས་པ 	-ར་འགྱུར 	།_། 	བཙལ 	bstod tshogs ka_.txt	    དྲན་པ  -ས ་ནི  རངས་པ  -ར་འགྱུར  །_།  བཙལ 
ཤེས་པ  -ས  རྣམ་པ 	སྐྱེ 	འགྱུར་ཏེ 	།_། 	ཡོངས་སུ 	ཤེས་པ 	-ས 	རྣམ་པ 	-ར་འདག 	_། 	དེ 	བཞིན 	bstod tshogs ka_.txt	སྐྱེ  འགྱུར་ཏེ  །_།  ཡོངས་སུ  ཤེས་པ  -ས  རྣམ་པ  -ར་འདག  _།  དེ  བཞིན 
བསུ་བ  -ས  དཔལ་དུ་བྱེད 	ཆོས་ལ 	མངོན་འདོད་པས 	།_། 	ཁྱོད་ལ 	བསུ་བ 	-ས 	དཔལ་དུ་བྱེད 	།_། 	བསྟེན་པ 	-ས 	བློ་གྲོས 	bstod tshogs ka_.txt	ཆོས་ལ  མངོན་འདོད་པས  །_།  ཁྱོད་ལ  བསུ་བ  -ས  དཔལ་དུ་བྱེད  །_།  བསྟེན་པ  -ས  བློ་གྲོས 
བགྱིས་པ  -ས  བདེ་བ 	-ར་མཛད 	།_། 	བསྙེན 	བཀུར 	བགྱིས་པ 	-ས 	བདེ་བ 	-ར་འགྱུར 	།_། 	གླགས 	སྐབས 	bstod tshogs ka_.txt	-ར་མཛད  །_།  བསྙེན  བཀུར  བགྱིས་པ  -ས  བདེ་བ  -ར་འགྱུར  །_།  གླགས  སྐབས 
 -ས ་ཀྱང 	ཚོལ 	བར 	བྱེད་པ 			-ས	་ཀྱང 	།_། 	ཁྱོད་ཀྱི 	དྲུང་དུ 	ཉེར 	bstod tshogs ka_.txt	ཚོལ  བར  བྱེད་པ    -ས ་ཀྱང  །_།  ཁྱོད་ཀྱི  དྲུང་དུ  ཉེར 
ཚོགས་པ  -ས ་དག 	ཚུལ 	ཁྲིམས 	ཕུན 	སུམ 	ཚོགས་པ 	-ས	་དག 	_། 	བསམ 	གཏན 	ཕུན 	bstod tshogs ka_.txt	ཚུལ  ཁྲིམས  ཕུན  སུམ  ཚོགས་པ  -ས ་དག  _།  བསམ  གཏན  ཕུན 
 -ས ་དང 	སུམ 	ཚོགས་པ 				-ས	་དང 	།_། 	ཤེས 	རབ 	ཕུན་ཚོགས 	bstod tshogs ka_.txt	སུམ  ཚོགས་པ     -ས ་དང  །_།  ཤེས  རབ  ཕུན་ཚོགས 
ཅི  -ས  མི་འགྱུར 	སོགས་ཀྱང 	།_། 	ངེས་ལེགས་དང 	འདྲ 	ཅི 	-ས 	མི་འགྱུར 	།_། 	ཁྱོད་ལ་དེ་ནི 	ངོ་མཚར་ཅི 	།_། 	bstod tshogs ka_.txt	སོགས་ཀྱང  །_།  ངེས་ལེགས་དང  འདྲ  ཅི  -ས  མི་འགྱུར  །_།  ཁྱོད་ལ་དེ་ནི  ངོ་མཚར་ཅི  །_། 
ཆུ་བོ  -ས  བདས་པ 	ཐུགས་རྗེ 	-འི་བདག 	_། 	ཁྱོད་ནི 	ཆུ་བོ 	-ས 	བདས་པ 	-འི་གླིང 	།_། 	སྨས་པ 	-འི 	bstod tshogs ka_.txt	ཐུགས་རྗེ  -འི་བདག  _།  ཁྱོད་ནི  ཆུ་བོ  -ས  བདས་པ  -འི་གླིང  །_།  སྨས་པ  -འི 
འཇིགས་པ  -ས  ཉེན་པ 	སྐྱོབ་པ་སྟེ 	།_། 	སྲིད་པ 	-འི 	འཇིགས་པ 	-ས 	ཉེན་པ 	-འི་སྐྱབས 	།_། 	ཐར 	འཚལ 	bstod tshogs ka_.txt	སྐྱོབ་པ་སྟེ  །_།  སྲིད་པ  -འི  འཇིགས་པ  -ས  ཉེན་པ  -འི་སྐྱབས  །_།  ཐར  འཚལ 
ལ་དུ  -ས  ངེས 	ལྟུང 	མ་གྱུར 	།_། 	དེ 	ལ་དུ 	-ས 	ངེས 	བསྟན་པ་ལ 	།_། 	མཚར 	མིན 	bstod tshogs ka_.txt	ལྟུང  མ་གྱུར  །_།  དེ  ལ་དུ  -ས  ངེས  བསྟན་པ་ལ  །_།  མཚར  མིན 
མཛད་པ  -ས  མཛའ་བཤེས་ཏེ 	མཚར་བ་ལགས 	།_། 	ཕན 	འདོགས 	མཛད་པ 	-ས 	མཛའ་བཤེས་ཏེ 	།_། 	འགྲོགས་ན་བདེ 	ཕྱིར 	སྙིང་དུ་སྡུག 	bstod tshogs ka_.txt	མཚར་བ་ལགས  །_།  ཕན  འདོགས  མཛད་པ  -ས  མཛའ་བཤེས་ཏེ  །_།  འགྲོགས་ན་བདེ  ཕྱིར  སྙིང་དུ་སྡུག 
མེད་པ  -ས ་ཡིད་དང་འཐད 	འཇིག་རྟེན 	དོགས་པ་ཅན 	།_། 	སྡིག་པ 	མེད་པ 	-ས	་ཡིད་དང་འཐད 	།_། 	སྐུ 	གསུང 	བཟང་བ 	bstod tshogs ka_.txt	འཇིག་རྟེན  དོགས་པ་ཅན  །_།  སྡིག་པ  མེད་པ  -ས ་ཡིད་དང་འཐད  །_།  སྐུ  གསུང  བཟང་བ 
 -ས  དགའ་བ 						-ས 	དགའ་བ 	-ར་མཛད 	།_། 	དོན 	ཀུན 	bstod tshogs ka_.txt	     -ས  དགའ་བ  -ར་མཛད  །_།  དོན  ཀུན 
 -ས ་ཏེ 	འགྲུབ 	ཕྱིར 	དཔལ 	ཡང 		-ས	་ཏེ 	།_། 	ཡོན་ཏན་ལེགས 	རྟེན 	བཀྲ་ཤིས་ལགས 	bstod tshogs ka_.txt	འགྲུབ  ཕྱིར  དཔལ  ཡང   -ས ་ཏེ  །_།  ཡོན་ཏན་ལེགས  རྟེན  བཀྲ་ཤིས་ལགས 
བསྡུས་པ  -ས ་ན 	རྒྱུ 	བཅས་ལ 	།_། 	མདོར 	བསྡུས་པ 	-ས	་ན 	སྨོས་ཅི་དགོས 	།_། 	བཅོམ 	ལྡན 	bstod tshogs ka_.txt	རྒྱུ  བཅས་ལ  །_།  མདོར  བསྡུས་པ  -ས ་ན  སྨོས་ཅི་དགོས  །_།  བཅོམ  ལྡན 
འབད་པ  -ས  ཇི་ལྟར 	ཡོན་ཏན 	འཕགས 	འདྲེན་པ 	།_། 	འབད་པ 	-ས 	ཇི་ལྟར 	བདག་ཉིད་བཞིན 	།_། 	ཁྱོད་ཀྱི 	ཉན་ཐོས 	bstod tshogs ka_.txt	ཡོན་ཏན  འཕགས  འདྲེན་པ  །_།  འབད་པ  -ས  ཇི་ལྟར  བདག་ཉིད་བཞིན  །_།  ཁྱོད་ཀྱི  ཉན་ཐོས 
འཇིགས་པ  -ས ་བདེ 	-ར་མཆོད 	།_། 	བདག 	ཉིད 	འཇིགས་པ 	-ས	་བདེ 	ཐོབ་པའི 	།_། 	ཡུལ 	དག 	bstod tshogs ka_.txt	-ར་མཆོད  །_།  བདག  ཉིད  འཇིགས་པ  -ས ་བདེ  ཐོབ་པའི  །_།  ཡུལ  དག 
སྤྱོད་པ  -ས  ཕལ་པ་བཞིན 	འགྲང་བའི 	།_། 	མི 	སྲུན 	སྤྱོད་པ 	-ས 	ཕལ་པ་བཞིན 	།_། 	མགོན 	ཁྱོད 	གཙོ་བོ 	bstod tshogs ka_.txt	འགྲང་བའི  །_།  མི  སྲུན  སྤྱོད་པ  -ས  ཕལ་པ་བཞིན  །_།  མགོན  ཁྱོད  གཙོ་བོ 
ང  -ས ་བརྡོ་དང 	བྱམས 	སླད་དུ 	།_། 	སྐུ 	ང 	-ས	་བརྡོ་དང 	གཅམ 	ཚུལ་དང 	།_། 	སྐད་དང 	bstod tshogs ka_.txt	བྱམས  སླད་དུ  །_།  སྐུ  ང  -ས ་བརྡོ་དང  གཅམ  ཚུལ་དང  །_།  སྐད་དང 
བཟོད་པ  -ས  མི 	ཁྱོད་ལ 	ཕྱག 	འཚལ་ལོ 	།_། 	བཟོད་པ 	-ས 	མི 	སྙན་བརྗོད་པ་དང 	།_། 	འཁུ་བ 	དག་ནི 	bstod tshogs ka_.txt	ཁྱོད་ལ  ཕྱག  འཚལ་ལོ  །_།  བཟོད་པ  -ས  མི  སྙན་བརྗོད་པ་དང  །_།  འཁུ་བ  དག་ནི 
བྱམས་པ  -ས ་བཏུལ 	བདེན་པ་སྟེ 	།_། 	ཁྱོད་ཀྱིས 	སྡང་བ 	བྱམས་པ 	-ས	་བཏུལ 	།_། 	དགྲ 	རྣམས་ལ་ནི 	འབད 	bstod tshogs ka_.txt	བདེན་པ་སྟེ  །_།  ཁྱོད་ཀྱིས  སྡང་བ  བྱམས་པ  -ས ་བཏུལ  །_།  དགྲ  རྣམས་ལ་ནི  འབད 
རོ  -ས  ཚིམ་པས 	འཚལ་ལོ 	།_། 	ཁྱོད་ཀྱི 	ཆོས་ཀྱིས 	རོ 	-ས 	ཚིམ་པས 	།_། 	གསེར་ལས 	བགྱིས་པ 	-འི 	bstod tshogs ka_.txt	འཚལ་ལོ  །_།  ཁྱོད་ཀྱི  ཆོས་ཀྱིས  རོ  -ས  ཚིམ་པས  །_།  གསེར་ལས  བགྱིས་པ  -འི 
ནམ  -ས  རྒྱ་མཚོ 	ཕྱག 	འཚལ་ལོ 	།_། 	བསོད 	ནམ 	-ས 	རྒྱ་མཚོ 	-ར 	རིན་ཆེན་གཏེར 	།_། 	ཡོན་ཏན 	bstod tshogs ka_.txt	ཕྱག  འཚལ་ལོ  །_།  བསོད  ནམ  -ས  རྒྱ་མཚོ  -ར  རིན་ཆེན་གཏེར  །_།  ཡོན་ཏན 
གཙོ་བོ  -ས  མ་ཡིན 	སངས་རྒྱས་ཀྱིས་མིན 	།_། 	ཉན 	ཐོས་མཆོག 	གཙོ་བོ 	-ས 	མ་ཡིན 	།_། 	བྱང 	ཆུབ 	ཉེ་བ 	bstod tshogs ka_.txt	སངས་རྒྱས་ཀྱིས་མིན  །_།  ཉན  ཐོས་མཆོག  གཙོ་བོ  -ས  མ་ཡིན  །_།  བྱང  ཆུབ  ཉེ་བ 
དེ  -ས  ཕུན 	།_། 	བསམ 	མིན 	ཚོགས 	དེ 	-ས 	ཕུན 	སུམ 	ཚོགས 	ཐོབ་པ 	།_། 	bstod tshogs ka_.txt	།_།  བསམ  མིན  ཚོགས  དེ  -ས  ཕུན  སུམ  ཚོགས  ཐོབ་པ  །_། 
དགོངས་པ  -ས  མི 	རྨོངས་པས 	།_། 	རང 	དོན 	དགོངས་པ 	-ས 	མི 	ནུས་པ 	-ར་ཡང་བྱས 	།_། 	མཚོ་ཆེན 	bstod tshogs ka_.txt	རྨོངས་པས  །_།  རང  དོན  དགོངས་པ  -ས  མི  ནུས་པ  -ར་ཡང་བྱས  །_།  མཚོ་ཆེན 
བཙུན་པ  -ས  མཛད་པ 	མཆོག་ཏུ 	གློ་བ 	དགའ་ཞིང་མཆིས 	།_། 	བཙུན་པ 	-ས 	མཛད་པ 	-འི 	བསྟོད་པ 	-འི 	དྲུང་དུ་ནི 	bstod tshogs ka_.txt	མཆོག་ཏུ  གློ་བ  དགའ་ཞིང་མཆིས  །_།  བཙུན་པ  -ས  མཛད་པ  -འི  བསྟོད་པ  -འི  དྲུང་དུ་ནི 
དད་པ  -ས ་སྤོབས 	-ར་འགྱུར 	།_། 	བདག་གིས 	ཐུབ་ལ 	དད་པ 	-ས	་སྤོབས 	སྐྱེས་པའི 	།_། 	དགེ 	བ 	bstod tshogs ka_.txt	-ར་འགྱུར  །_།  བདག་གིས  ཐུབ་ལ  དད་པ  -ས ་སྤོབས  སྐྱེས་པའི  །_།  དགེ  བ 
འཁྲུངས་པ  -ས ་ནི 	-འི་ལས 	འདི 	-འི 	འབྲས་བུ 	འཁྲུངས་པ 	-ས	་ནི 	།_། 	ངན 	རྟོག 	རླུང་དམར 	bstod tshogs ka_.txt	-འི་ལས  འདི  -འི  འབྲས་བུ  འཁྲུངས་པ  -ས ་ནི  །_།  ངན  རྟོག  རླུང་དམར 
འཚུབ་མ  -ས  དཀྲུགས་པ་ཡི 					འཚུབ་མ 	-ས 	དཀྲུགས་པ་ཡི 	།_། 	འགྲོ 	བ 	-འི 	bstod tshogs ka_.txt	    འཚུབ་མ  -ས  དཀྲུགས་པ་ཡི  །_།  འགྲོ  བ  -འི 
བཟང་པོ  -ས  བསྒྱུར་ཅིང 	ཞུ་ཆེན་གྱི 	ལོ་ཙཱ་བ 	དགེ་སློང 	བསོད་ནམས 	བཟང་པོ 	-ས 	བསྒྱུར་ཅིང 	ཞུས་ཏེ 	གཏན་ལ 	ཕབ་པའོ 	།།༄༅།_། 	bstod tshogs ka_.txt	ཞུ་ཆེན་གྱི  ལོ་ཙཱ་བ  དགེ་སློང  བསོད་ནམས  བཟང་པོ  -ས  བསྒྱུར་ཅིང  ཞུས་ཏེ  གཏན་ལ  ཕབ་པའོ  །།༄༅།_། 
འདི  -ས ་ནི 	བསླང་བ 	-འི 	ཚིགས་སུ 	བཅད་པ 	འདི 	-ས	་ནི 	བསྡུས་པ 	-འི 	དོན 	བཞི་པོ 	bstod tshogs ka_.txt	བསླང་བ  -འི  ཚིགས་སུ  བཅད་པ  འདི  -ས ་ནི  བསྡུས་པ  -འི  དོན  བཞི་པོ 
དང་པོ  -ས ་ནི 	རྣམས 	བསྟན་ཏོ 	།_། 	དེ་ལ 	དང་པོ 	-ས	་ནི 	ཡོན་ཏན 	ཡོངས་སུ 	མི 	ཤེས་པ 	bstod tshogs ka_.txt	རྣམས  བསྟན་ཏོ  །_།  དེ་ལ  དང་པོ  -ས ་ནི  ཡོན་ཏན  ཡོངས་སུ  མི  ཤེས་པ 
འདི  -ས  ཁྱོད་ལ 	།_། 	གང 	སླད 	འགྲོ 	འདི 	-ས 	ཁྱོད་ལ 	བསྟོད་པ 	བགྱིས་ཀྱང་ཞེས 	བྱ་བ 	འདི 	bstod tshogs ka_.txt	།_།  གང  སླད  འགྲོ  འདི  -ས  ཁྱོད་ལ  བསྟོད་པ  བགྱིས་ཀྱང་ཞེས  བྱ་བ  འདི 
 -ས ་ནི 						-ས	་ནི 	སྒྲོ་འདོགས་པ 	མེད་པ 	ཉིད་དོ 	།_། 	bstod tshogs ka_.txt	     -ས ་ནི  སྒྲོ་འདོགས་པ  མེད་པ  ཉིད་དོ  །_། 
 -ས ་ནི 	རབ་ཏུ་ཆུང་ཡང་ཞེས 	བྱ་བ 	འདི 			-ས	་ནི 	ང་རྒྱལ 	མེད་པ 	ཉིད་དོ 	།_། 	bstod tshogs ka_.txt	རབ་ཏུ་ཆུང་ཡང་ཞེས  བྱ་བ  འདི    -ས ་ནི  ང་རྒྱལ  མེད་པ  ཉིད་དོ  །_། 
འདི  -ས ་ནི 	བརྩོན་པ་ལགས 	།_ 	ཞེས 	བྱ་བ 	འདི 	-ས	་ནི 	འདོད་པ 	-འི 	དོན 	བསྒྲུབ་པ 	bstod tshogs ka_.txt	བརྩོན་པ་ལགས  །_  ཞེས  བྱ་བ  འདི  -ས ་ནི  འདོད་པ  -འི  དོན  བསྒྲུབ་པ 
འདི  -ས ་ནི 	གནས 	ན 	-འང་ཞེས 	བྱ་བ 	འདི 	-ས	་ནི 	གཞན་གྱི 	དོན་ལ 	འགྱུར་བ 	-འི 	bstod tshogs ka_.txt	གནས  ན  -འང་ཞེས  བྱ་བ  འདི  -ས ་ནི  གཞན་གྱི  དོན་ལ  འགྱུར་བ  -འི 
ལྡོངས་པ  -ས ་ཞེས 	སོར་རྟོག་པའོ 	།_། 	མ 	རིག 	ལྡོངས་པ 	-ས	་ཞེས 	བྱ་བ 	འདི་དག་ནི 	ཕན 	བཏགས་པ 	bstod tshogs ka_.txt	སོར་རྟོག་པའོ  །_།  མ  རིག  ལྡོངས་པ  -ས ་ཞེས  བྱ་བ  འདི་དག་ནི  ཕན  བཏགས་པ 
མོས་པ  -ས  སྤྱོད་པ 	།_། 	དེ་ཡང 	རྣམ་པ་གཉིས་ཏེ 	།_ 	མོས་པ 	-ས 	སྤྱོད་པ 	རྣམས་ཀྱི་དང 	།_ 	ས 	ཐོབ་པ 	bstod tshogs ka_.txt	།_།  དེ་ཡང  རྣམ་པ་གཉིས་ཏེ  །_  མོས་པ  -ས  སྤྱོད་པ  རྣམས་ཀྱི་དང  །_  ས  ཐོབ་པ 
མོས་པ  -ས  སྤྱོད་པ 	རྣམས་ཀྱིའོ 	།_། 	དེ་ལ 	རེ་ཞིག 	མོས་པ 	-ས 	སྤྱོད་པ 	རྣམས་ཀྱི 	ཕ་རོལ་ཏུ 	ཕྱིན་པ་ནི 	བཅུ་སྟེ 	bstod tshogs ka_.txt	རྣམས་ཀྱིའོ  །_།  དེ་ལ  རེ་ཞིག  མོས་པ  -ས  སྤྱོད་པ  རྣམས་ཀྱི  ཕ་རོལ་ཏུ  ཕྱིན་པ་ནི  བཅུ་སྟེ 
སྐྱོ་བ  -ས ་ཞེས 	བསྟན་ཏོ 	།_། 	སྲིད་དང 	ཉོན་མོངས 	སྐྱོ་བ 	-ས	་ཞེས 	བྱ་བ 	འདི་དག་དང 	།_ 	ཤེས 	bstod tshogs ka_.txt	བསྟན་ཏོ  །_།  སྲིད་དང  ཉོན་མོངས  སྐྱོ་བ  -ས ་ཞེས  བྱ་བ  འདི་དག་དང  །_  ཤེས 
སྨ  -ས  ཚེ་ཞེས 	འཇིག 	རྟེན 	སྡུག་བསྔལ 	དག་གིས 	སྨ 	-ས 	ཚེ་ཞེས 	བྱ་བ 	འདི་དག་གིས་ནི 	ཡེ་ཤེས་ཀྱི 	ཕ་རོལ་ཏུ 	bstod tshogs ka_.txt	འཇིག  རྟེན  སྡུག་བསྔལ  དག་གིས  སྨ  -ས  ཚེ་ཞེས  བྱ་བ  འདི་དག་གིས་ནི  ཡེ་ཤེས་ཀྱི  ཕ་རོལ་ཏུ 
 -ས  སྤྱོད་པ 	ཕྱིན་པ 	བསྟན་ཏོ 	།_། 	མོས་པ 		-ས 	སྤྱོད་པ 	རྣམས་ཀྱི 	སྦྱོར་བ 	-འི 	གནས་སྐབས་ཏེ 	bstod tshogs ka_.txt	ཕྱིན་པ  བསྟན་ཏོ  །_།  མོས་པ   -ས  སྤྱོད་པ  རྣམས་ཀྱི  སྦྱོར་བ  -འི  གནས་སྐབས་ཏེ 
གུས་པ  -ས ་ཞེས 	ཡོན་ཏན 	ནོར 	ལྷག 	རྣམས་ལ 	གུས་པ 	-ས	་ཞེས 	བྱ་བ 	འདི་དག་གིས་ནི 	ཐབས་ཀྱིས 	རྒྱས་པ 	bstod tshogs ka_.txt	ཡོན་ཏན  ནོར  ལྷག  རྣམས་ལ  གུས་པ  -ས ་ཞེས  བྱ་བ  འདི་དག་གིས་ནི  ཐབས་ཀྱིས  རྒྱས་པ 
སྐྱེ་བ  -ས  སྟོང་པ 	རང 	ལུས་ཞེས 	བྱ་བ 	འདི་དག་གིས་ནི 	སྐྱེ་བ 	-ས 	སྟོང་པ 	-འི 	བསམ་གཏན་གྱི 	ཕ་རོལ་ཏུ 	ཕྱིན་པ 	bstod tshogs ka_.txt	རང  ལུས་ཞེས  བྱ་བ  འདི་དག་གིས་ནི  སྐྱེ་བ  -ས  སྟོང་པ  -འི  བསམ་གཏན་གྱི  ཕ་རོལ་ཏུ  ཕྱིན་པ 
བརྩོན་པ  -ས  ཡང་དག་པ་ཇི 	འདི་དག་གིས་ནི 	ཐབས 	དང་བཅས་པ 	-འི 	བརྩོན་པ 	-ས 	ཡང་དག་པ་ཇི 	ལྟ་བ 	བཞིན་དུ 	ཐུགས་སུ 	ཆུད་པ 	bstod tshogs ka_.txt	འདི་དག་གིས་ནི  ཐབས  དང་བཅས་པ  -འི  བརྩོན་པ  -ས  ཡང་དག་པ་ཇི  ལྟ་བ  བཞིན་དུ  ཐུགས་སུ  ཆུད་པ 
བས་པ  -ས  བྱང་ཆུབ 	དག་གོ 	།_། 	དེ་ལ 	ཉོན་མོངས 	བས་པ 	-ས 	བྱང་ཆུབ 	ཅེས་བྱ་བ 	འདི་དག་གིས་ནི 	ཉོན་མོངས་པ་ལ 	མངའ་དབང 	bstod tshogs ka_.txt	དག་གོ  །_།  དེ་ལ  ཉོན་མོངས  བས་པ  -ས  བྱང་ཆུབ  ཅེས་བྱ་བ  འདི་དག་གིས་ནི  ཉོན་མོངས་པ་ལ  མངའ་དབང 
མཁྱེན་པ  -ས  གཟུང་བ 	མཛད་པ 	བསྟན་ཏོ 	།_། 	དྲན་དང 	མཁྱེན་པ 	-ས 	གཟུང་བ 	-ས་ཞེས 	བྱ་བ 	འདི་དག་གིས་ནི 	དེ 	bstod tshogs ka_.txt	མཛད་པ  བསྟན་ཏོ  །_།  དྲན་དང  མཁྱེན་པ  -ས  གཟུང་བ  -ས་ཞེས  བྱ་བ  འདི་དག་གིས་ནི  དེ 
ནི་ལ  -ས ་ལ 	མི་དགེའི 	ཕྲིན་ལས་ཞེས 	བྱ་བ 	འདི་དག་གིས 	ནི་ལ 	-ས	་ལ 	མངའ་དབང 	མཛད་པའོ 	།_། 	དེ 	bstod tshogs ka_.txt	མི་དགེའི  ཕྲིན་ལས་ཞེས  བྱ་བ  འདི་དག་གིས  ནི་ལ  -ས ་ལ  མངའ་དབང  མཛད་པའོ  །_།  དེ 
དུ་མ  -ས ་ཞེས 	བསྟན་ཏོ 	།_། 	ཉི 	མ 	དུ་མ 	-ས	་ཞེས 	བྱ་བ 	འདི་དག་གིས་ནི 	ཉོན་མོངས་པ 	སྤངས་པའོ 	bstod tshogs ka_.txt	བསྟན་ཏོ  །_།  ཉི  མ  དུ་མ  -ས ་ཞེས  བྱ་བ  འདི་དག་གིས་ནི  ཉོན་མོངས་པ  སྤངས་པའོ 
ལྡན་པ  -ས ་ནི 	།_། 	དེ 	ལྟར་ན་ངོན 	དོན་གསུམ་དང 	ལྡན་པ 	-ས	་ནི 	སེམས་ཅན་གྱི 	དོན 	མཛད་པ 	-འི 	bstod tshogs ka_.txt	།_།  དེ  ལྟར་ན་ངོན  དོན་གསུམ་དང  ལྡན་པ  -ས ་ནི  སེམས་ཅན་གྱི  དོན  མཛད་པ  -འི 
གླང་པོ  -ས  མཛད་པ 	།_། 	སློབ་དཔོན 	ཆེན་པོ 	ཕྱོགས་ཀྱི 	གླང་པོ 	-ས 	མཛད་པ 	རྫོགས་སོ 	།།_༄༅།_། 	ཡོན་ཏན 	མཐའ་ཡས་པ 	bstod tshogs ka_.txt	།_།  སློབ་དཔོན  ཆེན་པོ  ཕྱོགས་ཀྱི  གླང་པོ  -ས  མཛད་པ  རྫོགས་སོ  །།_༄༅།_།  ཡོན་ཏན  མཐའ་ཡས་པ 
བྱས་པ  -ས ་བསྟན 	འདོད་པ་དང 	།_། 	གྲོགས་དང 	ལོངས་སྤྱོད 	བྱས་པ 	-ས	་བསྟན 	།_། 	རིགས་དང 	དགེ་བཤེས 	སྙིང་རྗེ་དང 	bstod tshogs ka_.txt	འདོད་པ་དང  །_།  གྲོགས་དང  ལོངས་སྤྱོད  བྱས་པ  -ས ་བསྟན  །_།  རིགས་དང  དགེ་བཤེས  སྙིང་རྗེ་དང 
གླང་པོ  -ས  མཛད་པ 	བྱས་པ 	སློབ་དཔོན 	ཆེན་པོ 	ཕྱོགས་ཀྱི 	གླང་པོ 	-ས 	མཛད་པ 	རྫོགས་སོ 	།།_།། 	རྒྱ 	གར་གྱི 	bstod tshogs ka_.txt	བྱས་པ  སློབ་དཔོན  ཆེན་པོ  ཕྱོགས་ཀྱི  གླང་པོ  -ས  མཛད་པ  རྫོགས་སོ  །།_།།  རྒྱ  གར་གྱི 
ཏ  -ས  ཞུས་ནས 	ཞུ་ཆེན་གྱི 	ལོ་ཙཱ་བ་བནྡེ 	དཔལ 	བརྩེགས་རཀྵི 	ཏ 	-ས 	ཞུས་ནས 	གཏན་ལ 	ཕབ་པའོ 	།།_༄༅༅།_། 	རྒྱ 	bstod tshogs ka_.txt	ཞུ་ཆེན་གྱི  ལོ་ཙཱ་བ་བནྡེ  དཔལ  བརྩེགས་རཀྵི  ཏ  -ས  ཞུས་ནས  གཏན་ལ  ཕབ་པའོ  །།_༄༅༅།_།  རྒྱ 
ཁ་ལོ  -ས  སྒྱུར 	།_། 	ཀྱི་ཧུད 	སེམས་ཅན 	མཉེས་གཤིན 	ཁ་ལོ 	-ས 	སྒྱུར 	བཟང་མཆོག 	_། 	ཀྱི་ཧུད 	དེད་དཔོན 	bstod tshogs ka_.txt	།_།  ཀྱི་ཧུད  སེམས་ཅན  མཉེས་གཤིན  ཁ་ལོ  -ས  སྒྱུར  བཟང་མཆོག  _།  ཀྱི་ཧུད  དེད་དཔོན 
སུ  -ས  མཐོང་འགྱུར 	འདྲ 	མཚན 	རྣམས 	རྫོགས་པ 	སུ 	-ས 	མཐོང་འགྱུར 	།_། 	ཀྱི་ཧུད 	འོད 	འདྲ 	bstod tshogs ka_.txt	འདྲ  མཚན  རྣམས  རྫོགས་པ  སུ  -ས  མཐོང་འགྱུར  །_།  ཀྱི་ཧུད  འོད  འདྲ 
མཐོང་བ  -ས  སྡུག་བསྔལ་ལོ 	-འི 	གཟུགས་མཆོག 	འདི 	མ 	མཐོང་བ 	-ས 	སྡུག་བསྔལ་ལོ 	།_། 	སྔོན 	ཚེ 	རྒྱ་ཆེན་ལམ་གྱི 	bstod tshogs ka_.txt	-འི  གཟུགས་མཆོག  འདི  མ  མཐོང་བ  -ས  སྡུག་བསྔལ་ལོ  །_།  སྔོན  ཚེ  རྒྱ་ཆེན་ལམ་གྱི 
ཡང  -ས  ཚུལ་ཁྲིམས 	-ར་གྱུར 	།_། 	དག་པ 	-འི་རྫིང 	ཡང 	-ས 	ཚུལ་ཁྲིམས 	ཆུ་ཡིས 	བསིལ་བ 	-ར་བལྟམས 	།_། 	bstod tshogs ka_.txt	-ར་གྱུར  །_།  དག་པ  -འི་རྫིང  ཡང  -ས  ཚུལ་ཁྲིམས  ཆུ་ཡིས  བསིལ་བ  -ར་བལྟམས  །_། 
དུར་པ  -ས ་ཁྱབ 	-འི 	སངས་རྒྱས 	ཆོས་ཀྱི 	ཆུ་སྲིན 	དུར་པ 	-ས	་ཁྱབ 	།_། 	དགེ 	སློང 	དམ་པ 	bstod tshogs ka_.txt	-འི  སངས་རྒྱས  ཆོས་ཀྱི  ཆུ་སྲིན  དུར་པ  -ས ་ཁྱབ  །_།  དགེ  སློང  དམ་པ 
སྡོང་པོ  -ས ་མཛེས 	རྩ་བ 	བརྟན་ཞིང 	དྲན་པ 	-འི 	སྡོང་པོ 	-ས	་མཛེས 	།_། 	བྱང 	ཆུབ 	ཡན་ལག 	bstod tshogs ka_.txt	རྩ་བ  བརྟན་ཞིང  དྲན་པ  -འི  སྡོང་པོ  -ས ་མཛེས  །_།  བྱང  ཆུབ  ཡན་ལག 
འབྲས་བུ  -ས  མཆོག 	ཚ 	-འི་འདབ 	རྒྱས 	བདུད་རྩི 	འབྲས་བུ 	-ས 	མཆོག 	གཡུ 	-ར་ཟ 	།_། 	ཀྱི་ཧུད 	bstod tshogs ka_.txt	ཚ  -འི་འདབ  རྒྱས  བདུད་རྩི  འབྲས་བུ  -ས  མཆོག  གཡུ  -ར་ཟ  །_།  ཀྱི་ཧུད 
འཕྱང་བ  -ས  སྐུ་ལ་བརྒྱན 	རལ་པ 	-འི 	ཚོགས 	མངའ 	འཕྱང་བ 	-ས 	སྐུ་ལ་བརྒྱན 	།_། 	ཤེས 	རབ 	མཆེ་བ 	bstod tshogs ka_.txt	རལ་པ  -འི  ཚོགས  མངའ  འཕྱང་བ  -ས  སྐུ་ལ་བརྒྱན  །_།  ཤེས  རབ  མཆེ་བ 
ནམ  -ས  རྒྱ་ཆེན 	བདག 	བསྟོད་པས 	།_། 	བསོད 	ནམ 	-ས 	རྒྱ་ཆེན 	འབྲས་བུ 	མཐའ 	ཡས་གང 	བསགས་པ 	bstod tshogs ka_.txt	བདག  བསྟོད་པས  །_།  བསོད  ནམ  -ས  རྒྱ་ཆེན  འབྲས་བུ  མཐའ  ཡས་གང  བསགས་པ 
གྲགས་པ  -ས  མཛད་པ 	སློབ་དཔོན 	ཆེན་པོ 	དཔལ་ལྡན 	ཆོས་ཀྱི 	གྲགས་པ 	-ས 	མཛད་པ 	རྫོགས་སོ 	།།༄༅།_། 	བཅོམ 	ལྡན 	bstod tshogs ka_.txt	སློབ་དཔོན  ཆེན་པོ  དཔལ་ལྡན  ཆོས་ཀྱི  གྲགས་པ  -ས  མཛད་པ  རྫོགས་སོ  །།༄༅།_།  བཅོམ  ལྡན 
ཡིན་པ  -ས  མཉམ་མེད 	མེད་པ 	-འང་ཡིན་ལ 	མི་གཡོ་བ 	-འང 	ཡིན་པ 	-ས 	མཉམ་མེད 	མི 	གཡོ་བའོ 	།_། 	དེ་ནི 	bstod tshogs ka_.txt	མེད་པ  -འང་ཡིན་ལ  མི་གཡོ་བ  -འང  ཡིན་པ  -ས  མཉམ་མེད  མི  གཡོ་བའོ  །_།  དེ་ནི 
ཡིན་པ  -ས  དེ་སྐད་ཅེས 	མི་གཡོ་བ 	-འང་ཡིན་ལ 	མཉམ་པ 	ཉིད་ཀྱང 	ཡིན་པ 	-ས 	དེ་སྐད་ཅེས 	བྱ་སྟེ 	།_ 	མཉམ་པ 	ཉིད 	bstod tshogs ka_.txt	མི་གཡོ་བ  -འང་ཡིན་ལ  མཉམ་པ  ཉིད་ཀྱང  ཡིན་པ  -ས  དེ་སྐད་ཅེས  བྱ་སྟེ  །_  མཉམ་པ  ཉིད 
ཕྱིན་པ  -ས  དཔེ་མེད་པ 	དག་པ 	-འི 	མཐའ 	-ར 	ཕྱིན་པ 	-ས 	དཔེ་མེད་པ 	-འི 	ཕྱིར་ཏེ 	།_ 	སུ་དང་ཡང 	bstod tshogs ka_.txt	དག་པ  -འི  མཐའ  -ར  ཕྱིན་པ  -ས  དཔེ་མེད་པ  -འི  ཕྱིར་ཏེ  །_  སུ་དང་ཡང 
མེད་པ  -ས  ན་མཉམ 	འདི་དང 	མཉམ་ཞིང 	འདྲ་བ 	འགའ་ཡང 	མེད་པ 	-ས 	ན་མཉམ 	མེད་དོ 	།_། 	འདིས་ནི 	དེ་བཞིན 	bstod tshogs ka_.txt	འདི་དང  མཉམ་ཞིང  འདྲ་བ  འགའ་ཡང  མེད་པ  -ས  ན་མཉམ  མེད་དོ  །_།  འདིས་ནི  དེ་བཞིན 
མེད་པ  -ས ་ནི 	གཞན་དུ 	འགྱུར་བའོ 	།_། 	གཡོ་བ 	མེད་པ 	-ས	་ནི 	མ 	གཡོ་བ་སྟེ 	།_ 	དུས 	bstod tshogs ka_.txt	གཞན་དུ  འགྱུར་བའོ  །_།  གཡོ་བ  མེད་པ  -ས ་ནི  མ  གཡོ་བ་སྟེ  །_  དུས 
མི་འགྱུར་བ  -ས  ཡོངས་སུ 	-འི 	དོན་ཏོ 	།_། 	འདིས་ནི 	མི་འགྱུར་བ 	-ས 	ཡོངས་སུ 	གྲུབ་པ 	-ར 	བཤད་དོ 	།_། 	bstod tshogs ka_.txt	-འི  དོན་ཏོ  །_།  འདིས་ནི  མི་འགྱུར་བ  -ས  ཡོངས་སུ  གྲུབ་པ  -ར  བཤད་དོ  །_། 
འདི  -ས  ཆོས 	།_། 	དེའི 	ཕྱིར 	རང་བཞིན 	འདི 	-ས 	ཆོས 	ཐམས་ཅད 	སྟོང་ཉིད་དུ 	རོ་གཅིག་ཅིང 	མཉམ་མོ 	bstod tshogs ka_.txt	།_།  དེའི  ཕྱིར  རང་བཞིན  འདི  -ས  ཆོས  ཐམས་ཅད  སྟོང་ཉིད་དུ  རོ་གཅིག་ཅིང  མཉམ་མོ 
ཡིན་པ  -ས  མཆོག 	།_། 	འདི་ནི 	མཆོག་ཀྱང་ཡིན་ལ 	ཆོས་ཀྱང 	ཡིན་པ 	-ས 	མཆོག 	ཆོས་ཏེ 	།_ 	རྟོག་གེ་དང 	ལུང 	bstod tshogs ka_.txt	།_།  འདི་ནི  མཆོག་ཀྱང་ཡིན་ལ  ཆོས་ཀྱང  ཡིན་པ  -ས  མཆོག  ཆོས་ཏེ  །_  རྟོག་གེ་དང  ལུང 
གསལ་བ  -ས  ཤེས་པ 					གསལ་བ 	-ས 	ཤེས་པ 	-ར 	བྱ་བ 	ཡིན་པ 	-འི་ཕྱིར 	bstod tshogs ka_.txt	    གསལ་བ  -ས  ཤེས་པ  -ར  བྱ་བ  ཡིན་པ  -འི་ཕྱིར 
སྒྲིབ་པ  -ས  བསྒྲིབས་ཏེ 	ཕྱིར་ཏེ 	།_ 	གཞན 	དག་ལ་ནི 	སྒྲིབ་པ 	-ས 	བསྒྲིབས་ཏེ 	མི 	གསལ་བ 	-ས 	མེད་པ་དང་འདྲའོ 	bstod tshogs ka_.txt	ཕྱིར་ཏེ  །_  གཞན  དག་ལ་ནི  སྒྲིབ་པ  -ས  བསྒྲིབས་ཏེ  མི  གསལ་བ  -ས  མེད་པ་དང་འདྲའོ 
བརྒྱུད་པ  -ས  ཤིན་ཏུ 	རབ་ཏུ 	གུས་པ 	-ར 	གོམས་པ 	བརྒྱུད་པ 	-ས 	ཤིན་ཏུ 	ངང་དུ 	གྱུར་པ་ཡིན་ནོ 	།_། 	འགྲོ 	bstod tshogs ka_.txt	རབ་ཏུ  གུས་པ  -ར  གོམས་པ  བརྒྱུད་པ  -ས  ཤིན་ཏུ  ངང་དུ  གྱུར་པ་ཡིན་ནོ  །_།  འགྲོ 
བསྒོམས་པ  -ས  སྡུག་བསྔལ 	དེ 	དག་གིས 	བསྟན་པ 	-འི 	བསྒོམས་པ 	-ས 	སྡུག་བསྔལ 	མ་ལུས་པ 	-ར 	ལྡོག་པ 	-འི 	bstod tshogs ka_.txt	དེ  དག་གིས  བསྟན་པ  -འི  བསྒོམས་པ  -ས  སྡུག་བསྔལ  མ་ལུས་པ  -ར  ལྡོག་པ  -འི 
བྱས་པ  -ས  འགྲོ་བ 	དེ 	དག་གིས 	བསྟན་པ་ལ 	ནན་ཏན 	བྱས་པ 	-ས 	འགྲོ་བ 	མཐའ་དག་ལ 	ཕན་པ 	བདེ་བ 	-ར 	bstod tshogs ka_.txt	དེ  དག་གིས  བསྟན་པ་ལ  ནན་ཏན  བྱས་པ  -ས  འགྲོ་བ  མཐའ་དག་ལ  ཕན་པ  བདེ་བ  -ར 
འཁོར་ལོ  -ས  སྒྱུར་བ 	པར 	མཐོ་བ 	-འི 	ངོ་བོ 	འཁོར་ལོ 	-ས 	སྒྱུར་བ 	ཉིད་ལ 	སོགས་པ 	ཕན་པ 	གཞན་ཡང 	bstod tshogs ka_.txt	པར  མཐོ་བ  -འི  ངོ་བོ  འཁོར་ལོ  -ས  སྒྱུར་བ  ཉིད་ལ  སོགས་པ  ཕན་པ  གཞན་ཡང 
ཐམས་ཅད་པ  -ས  ཕུལ་དུ 	-ར 	བྱ་བའོ 	།_། 	རབ་ནི 	ཐམས་ཅད་པ 	-ས 	ཕུལ་དུ 	གྱུར་པ 	-འི 	ཕྱིར་རོ་ཞེས 	ཟེར་ཏེ 	bstod tshogs ka_.txt	-ར  བྱ་བའོ  །_།  རབ་ནི  ཐམས་ཅད་པ  -ས  ཕུལ་དུ  གྱུར་པ  -འི  ཕྱིར་རོ་ཞེས  ཟེར་ཏེ 
ཡོད་པ  -ས  དེ་ཉིད་ཀྱིས 	ཡོངས་སུ 	དག་པ 	ཚད 	མེད་པ 	ཡོད་པ 	-ས 	དེ་ཉིད་ཀྱིས 	འདི་དག་གི 	དཔེ 	-ར 	བྱས་ཏེ 	bstod tshogs ka_.txt	ཡོངས་སུ  དག་པ  ཚད  མེད་པ  ཡོད་པ  -ས  དེ་ཉིད་ཀྱིས  འདི་དག་གི  དཔེ  -ར  བྱས་ཏེ 
མཉམ་པ  -ས  དཔེ 	ཉིད་དོ 	།_། 	གང 	དག 	མཉམ་པ 	-ས 	དཔེ 	ཡིན་པ 	དེ་དག་ནི 	མཉམ་པ 	-འི་དཔེའོ 	bstod tshogs ka_.txt	ཉིད་དོ  །_།  གང  དག  མཉམ་པ  -ས  དཔེ  ཡིན་པ  དེ་དག་ནི  མཉམ་པ  -འི་དཔེའོ 
བློ  -ས ་ཀྱང 	།_། 	དེའི 	ཡང་ཆ་ནི་གང 	ཕན་ཆད 	བློ 	-ས	་ཀྱང 	དབྲི་བ 	-ར 	བྱ 	མི 	bstod tshogs ka_.txt	།_།  དེའི  ཡང་ཆ་ནི་གང  ཕན་ཆད  བློ  -ས ་ཀྱང  དབྲི་བ  -ར  བྱ  མི 
ས་བཅུ  -ས  བསྡུས་པ 	རྒྱུ 	-འི 	གནས་སྐབས་ན 	ཡོད་པ 	ས་བཅུ 	-ས 	བསྡུས་པ 	-འི 	ཡོན་ཏན་ནོ 	།_། 	དེའི 	bstod tshogs ka_.txt	རྒྱུ  -འི  གནས་སྐབས་ན  ཡོད་པ  ས་བཅུ  -ས  བསྡུས་པ  -འི  ཡོན་ཏན་ནོ  །_།  དེའི 
 -ས  བསྡུས་པ 	ཆ་ནི 	མོས་པ 	-ས 	སྤྱོད་པ 		-ས 	བསྡུས་པ 	-འི 	བྱང་ཆུབ་ཀྱི 	སེམས 	སྐྱེ་བ 	bstod tshogs ka_.txt	ཆ་ནི  མོས་པ  -ས  སྤྱོད་པ   -ས  བསྡུས་པ  -འི  བྱང་ཆུབ་ཀྱི  སེམས  སྐྱེ་བ 
གྲུབ་པ  -ས  གསལ་ཞིང 	སྐལ་བ་ཇི 	ལྟ་བ 	བཞིན 	མཆོག 	གྲུབ་པ 	-ས 	གསལ་ཞིང 	ཁྱབ་པ་དེ 	སྒྲུབ་པ 	-འི 	ངང་ཚུལ 	bstod tshogs ka_.txt	སྐལ་བ་ཇི  ལྟ་བ  བཞིན  མཆོག  གྲུབ་པ  -ས  གསལ་ཞིང  ཁྱབ་པ་དེ  སྒྲུབ་པ  -འི  ངང་ཚུལ 
ཡོད་པ  -ས  གཞན 	མཉམ་པ 	མེད་པ 	-འི 	མཐའ་མེད་པ 	ཡོད་པ 	-ས 	གཞན 	ལ 	-འང 	རང་དང 	མཐུན་པ 	bstod tshogs ka_.txt	མཉམ་པ  མེད་པ  -འི  མཐའ་མེད་པ  ཡོད་པ  -ས  གཞན  ལ  -འང  རང་དང  མཐུན་པ 
དཔེ  -ས  མཚོན་པ 	དཔེ 	བྲལ་ཡིན་ནོ 	།_། 	དེ་ནི 	དཔེ 	-ས 	མཚོན་པ 	-ར 	བྱ་བ་ལ་དེ་ལ 	ཡོད་པ 	-འི 	bstod tshogs ka_.txt	དཔེ  བྲལ་ཡིན་ནོ  །_།  དེ་ནི  དཔེ  -ས  མཚོན་པ  -ར  བྱ་བ་ལ་དེ་ལ  ཡོད་པ  -འི 
མཐུན་པ  -ས  རབ་ཏུ 	བརྗོད་པ 	-ར 	འདོད་པ་དང 	ཆ 	མཐུན་པ 	-ས 	རབ་ཏུ 	སྦྱོར་བ་ཡིན་ཏེ 	།_ 	ཇི 	སྐད་དུ 	bstod tshogs ka_.txt	བརྗོད་པ  -ར  འདོད་པ་དང  ཆ  མཐུན་པ  -ས  རབ་ཏུ  སྦྱོར་བ་ཡིན་ཏེ  །_  ཇི  སྐད་དུ 
སོགས་པ  -ས  འགལ་བ 	ཡུལ་དང 	དུས་དང 	བྱ་བ་ལ 	།_། 	སོགས་པ 	-ས 	འགལ་བ 	-འི 	དཔེ་ཡིན་ན 	།_། 	མཚོན་པ 	bstod tshogs ka_.txt	ཡུལ་དང  དུས་དང  བྱ་བ་ལ  །_།  སོགས་པ  -ས  འགལ་བ  -འི  དཔེ་ཡིན་ན  །_།  མཚོན་པ 
 -ས  བྱ་བ 						-ས 	བྱ་བ 	དཔེ་དང་ནི 	།_། 	འདྲ་བ 	གང་ཡིན་དེ 	bstod tshogs ka_.txt	     -ས  བྱ་བ  དཔེ་དང་ནི  །_།  འདྲ་བ  གང་ཡིན་དེ 
ཚོགས་པ  -ས  ལྟ 	-འི 	ཡོན་ཏན 	རངས་པའང 	།_ 	ཚོགས་པ 	-ས 	ལྟ 	སྨོས་ཀྱང་ཅི་དགོས 	།_ 	ནམ 	མཁའ་འམ 	bstod tshogs ka_.txt	-འི  ཡོན་ཏན  རངས་པའང  །_  ཚོགས་པ  -ས  ལྟ  སྨོས་ཀྱང་ཅི་དགོས  །_  ནམ  མཁའ་འམ 
ཡིན་པ  -ས ་དེ་དང 	-ར 	རྟོག་པ 	-འི 	བདག་ཉིད 	ཡིན་པ 	-ས	་དེ་དང 	ལྡན་ན 	སྐབས་མེད་དོ 	།_། 	དེ 	bstod tshogs ka_.txt	-ར  རྟོག་པ  -འི  བདག་ཉིད  ཡིན་པ  -ས ་དེ་དང  ལྡན་ན  སྐབས་མེད་དོ  །_།  དེ 
འགོག་པ  -ས ་ན 	ཉིད་ཀྱི 	ཕྱིར 	འདི་ནི 	བདེ་བ 	འགོག་པ 	-ས	་ན 	སྙིང་རྗེ་ཞེས་བྱའོ 	།_། 	རྣམ 	པར 	bstod tshogs ka_.txt	ཉིད་ཀྱི  ཕྱིར  འདི་ནི  བདེ་བ  འགོག་པ  -ས ་ན  སྙིང་རྗེ་ཞེས་བྱའོ  །_།  རྣམ  པར 
ཁོ་ན  -ས  ཕྱིན་ཅི 	ཡིན་པ 	-འི 	ཕྱིར 	རང་བཞིན 	ཁོ་ན 	-ས 	ཕྱིན་ཅི 	ལོག་པ་སྟེ 	།_ 	མ 	རིག་པ་ཡིན་ནོ 	bstod tshogs ka_.txt	ཡིན་པ  -འི  ཕྱིར  རང་བཞིན  ཁོ་ན  -ས  ཕྱིན་ཅི  ལོག་པ་སྟེ  །_  མ  རིག་པ་ཡིན་ནོ 
སོགས་པ  -ས  རྣམ་པ 	སྣ་ཚོགས་ཀྱི 	འོད་ཟེར་གྱི 	དྲ་བ 	འགྱེད་པ་ལ 	སོགས་པ 	-ས 	རྣམ་པ 	སྣ་ཚོགས་སུ 	སྣང་ཞིང 	མཛེས་སོ 	།_། 	bstod tshogs ka_.txt	སྣ་ཚོགས་ཀྱི  འོད་ཟེར་གྱི  དྲ་བ  འགྱེད་པ་ལ  སོགས་པ  -ས  རྣམ་པ  སྣ་ཚོགས་སུ  སྣང་ཞིང  མཛེས་སོ  །_། 
ལྡན་པ  -ས  འབྲས་བུ 	དེ་ཉིད 	བསྒོམ་པ 	མཆོག་གིས 	གོམས་པ་དང 	ལྡན་པ 	-ས 	འབྲས་བུ 	སེམས་ཅན་གྱི 	རྣམ་པ 	-ར 	རྟོག་པ 	bstod tshogs ka_.txt	དེ་ཉིད  བསྒོམ་པ  མཆོག་གིས  གོམས་པ་དང  ལྡན་པ  -ས  འབྲས་བུ  སེམས་ཅན་གྱི  རྣམ་པ  -ར  རྟོག་པ 
ལོག་པ  -ས  དོན་དམ་པ་བ 	མེད་པ 	།_ 	ཕྱིན་ཅི 	མ 	ལོག་པ 	-ས 	དོན་དམ་པ་བ 	།_ 	རང་གི 	ངང་གིས 	འབྱུང་བ 	bstod tshogs ka_.txt	མེད་པ  །_  ཕྱིན་ཅི  མ  ལོག་པ  -ས  དོན་དམ་པ་བ  །_  རང་གི  ངང་གིས  འབྱུང་བ 
ཡིན་པ  -ས  དེ་དག་ནི 	དོན་ཏོ 	།_། 	དེ 	ལྟ 	ཡིན་པ 	-ས 	དེ་དག་ནི 	འཇིག་རྟེན་གྱི 	ཁམས 	གཅིག་ཏུ 	མྱ་ངན་ལས 	bstod tshogs ka_.txt	དོན་ཏོ  །_།  དེ  ལྟ  ཡིན་པ  -ས  དེ་དག་ནི  འཇིག་རྟེན་གྱི  ཁམས  གཅིག་ཏུ  མྱ་ངན་ལས 
ཡོད་པ  -ས ་སོ 	ཕན་པ 	མཛད་པ 	-འི 	སྤྱོད་པ 	ཡོད་པ 	-ས	་སོ 	།_། 	འདི 	ལྟར 	མྱ་ངན་ལས 	bstod tshogs ka_.txt	ཕན་པ  མཛད་པ  -འི  སྤྱོད་པ  ཡོད་པ  -ས ་སོ  །_།  འདི  ལྟར  མྱ་ངན་ལས 
 -ས ་ནི 	འདས་པ 	ཉེ་བ 	-ར 	བསྟན་པ 		-ས	་ནི 	ལུས་དང 	དེ 	-འི 	ལོངས་སྤྱོད 	bstod tshogs ka_.txt	འདས་པ  ཉེ་བ  -ར  བསྟན་པ   -ས ་ནི  ལུས་དང  དེ  -འི  ལོངས་སྤྱོད 
བསྐྱེད་པ  -ས  བཏུལ་ལོ 	བྱེད་པ 	རྣམས 	ཀུན་དུ 	སྐྱོ་བ 	བསྐྱེད་པ 	-ས 	བཏུལ་ལོ 	།_། 	འདི་ནི 	འདི་ལྟར 	མྱ་ངན་ལས 	bstod tshogs ka_.txt	བྱེད་པ  རྣམས  ཀུན་དུ  སྐྱོ་བ  བསྐྱེད་པ  -ས  བཏུལ་ལོ  །_།  འདི་ནི  འདི་ལྟར  མྱ་ངན་ལས 
བསྐྱེད་པ  -ས  དེ་དག་གི 	གོམས་པ 	རྣམས་ལ 	མཆོག་ཏུ 	ཡ་མཚན 	བསྐྱེད་པ 	-ས 	དེ་དག་གི 	བསམ་པ 	-འི 	ངོ 	-ར 	bstod tshogs ka_.txt	གོམས་པ  རྣམས་ལ  མཆོག་ཏུ  ཡ་མཚན  བསྐྱེད་པ  -ས  དེ་དག་གི  བསམ་པ  -འི  ངོ  -ར 
ལ་ལ  -ས ་ནི་བདེ 	ཕྱིར 	རོ 	།_། 	ལ 	ལ་ལ 	-ས	་ནི་བདེ 	གནས་ཞེས 	བྱ་བ 	མི 	འབྱུང་སྟེ 	bstod tshogs ka_.txt	ཕྱིར  རོ  །_།  ལ  ལ་ལ  -ས ་ནི་བདེ  གནས་ཞེས  བྱ་བ  མི  འབྱུང་སྟེ 
སྩོལ་བ  -ས ་ན 	ལྟ་བ 	བཞིན་དུ 	སེམས་ཅན 	རྣམས་ལ 	སྩོལ་བ 	-ས	་ན 	མཆོག 	སྩོལ་ལོ 	།_། 	འདི་ཡང 	bstod tshogs ka_.txt	ལྟ་བ  བཞིན་དུ  སེམས་ཅན  རྣམས་ལ  སྩོལ་བ  -ས ་ན  མཆོག  སྩོལ་ལོ  །_།  འདི་ཡང 
དག་པ  -ས  སྦྱིན་པ 	གང 	དག་ལ 	འཁོར་གསུམ 	ཡོངས་སུ 	དག་པ 	-ས 	སྦྱིན་པ 	མཆོག 	ཤིན་ཏུ 	ཡོངས་སུ 	དག་པ 	bstod tshogs ka_.txt	གང  དག་ལ  འཁོར་གསུམ  ཡོངས་སུ  དག་པ  -ས  སྦྱིན་པ  མཆོག  ཤིན་ཏུ  ཡོངས་སུ  དག་པ 
བསྒྲུབས་པ  -ས  ཐོབ་པ་སྟེ 	བརྙེས་པ་ནི 	དེ 	-འི 	བདག་ཉིད་དུ 	བསྒྲུབས་པ 	-ས 	ཐོབ་པ་སྟེ 	།_ 	ཡེ 	ཤེས་ཀྱི 	ཚོགས 	bstod tshogs ka_.txt	བརྙེས་པ་ནི  དེ  -འི  བདག་ཉིད་དུ  བསྒྲུབས་པ  -ས  ཐོབ་པ་སྟེ  །_  ཡེ  ཤེས་ཀྱི  ཚོགས 
སྦྱིན་པ  -ས ་ན 	མཆོག་གི 	སྦྱིན་པ 	སེམས་ཅན 	རྣམས་ལ 	སྦྱིན་པ 	-ས	་ན 	སྦྱིན་པ 	མཆོག་གོ 	།_། 	དེས་ན 	bstod tshogs ka_.txt	མཆོག་གི  སྦྱིན་པ  སེམས་ཅན  རྣམས་ལ  སྦྱིན་པ  -ས ་ན  སྦྱིན་པ  མཆོག་གོ  །_།  དེས་ན 
ཁོ་ན  -ས  གོ་འཕང་དེ 	སྐྱེས་པ་སྟེ 	གནས་ལ 	ཕན་པ 	བྱས་པ 	ཁོ་ན 	-ས 	གོ་འཕང་དེ 	བསྒྲུབས་པ་དང 	ལྡན་པའོ 	།_། 	མཆོག 	bstod tshogs ka_.txt	སྐྱེས་པ་སྟེ  གནས་ལ  ཕན་པ  བྱས་པ  ཁོ་ན  -ས  གོ་འཕང་དེ  བསྒྲུབས་པ་དང  ལྡན་པའོ  །_།  མཆོག 
 -ས  མཆོག 	སྦྱིན་ཞེས 	སྤྱིར 	སྨོས་པ 			-ས 	མཆོག 	ངན་ངོན 	ཙམ 	སྦྱིན་པ 	ཚངས་པ་ལ 	bstod tshogs ka_.txt	སྦྱིན་ཞེས  སྤྱིར  སྨོས་པ    -ས  མཆོག  ངན་ངོན  ཙམ  སྦྱིན་པ  ཚངས་པ་ལ 
འགྱུར་བ  -ས ་ཡང 	མཚུངས་པ 	-ར 	ཤེས་པ 	-ར 	འགྱུར་བ 	-ས	་ཡང 	_།_ 	འཇིག་རྟེན་གསུམ 	རྟག 	དམ་པ 	bstod tshogs ka_.txt	མཚུངས་པ  -ར  ཤེས་པ  -ར  འགྱུར་བ  -ས ་ཡང  _།_  འཇིག་རྟེན་གསུམ  རྟག  དམ་པ 
བྱ་བ  -ས  ཁྱད་པར་དུ 	སྩོལ 	མཆོག་སྒྲུབ 	།_། 	ཅེས 	བྱ་བ 	-ས 	ཁྱད་པར་དུ 	མཛད་དེ 	འཇིག་རྟེན་གསུམ་པ་ལའོ 	།_། 	འབྲས 	bstod tshogs ka_.txt	སྩོལ  མཆོག་སྒྲུབ  །_།  ཅེས  བྱ་བ  -ས  ཁྱད་པར་དུ  མཛད་དེ  འཇིག་རྟེན་གསུམ་པ་ལའོ  །_།  འབྲས 
མཛད་པ  -ས ་ན 	མཆོག 	སྒྲུབ་ཅིང 	འགྲུབ་པ 	-ར 	མཛད་པ 	-ས	་ན 	མཆོག 	སྒྲུབ་པའོ 	།_། 	དམ་པ 	bstod tshogs ka_.txt	མཆོག  སྒྲུབ་ཅིང  འགྲུབ་པ  -ར  མཛད་པ  -ས ་ན  མཆོག  སྒྲུབ་པའོ  །_།  དམ་པ 
ལ་དུ  -ས ་གསུམ་ལ 	ཕྱིར་རོ 	།_། 	གང 	དག 	ལ་དུ 	-ས	་གསུམ་ལ 	ཐོགས་པ 	མི 	མངའ་བ 	-འི 	bstod tshogs ka_.txt	ཕྱིར་རོ  །_།  གང  དག  ལ་དུ  -ས ་གསུམ་ལ  ཐོགས་པ  མི  མངའ་བ  -འི 
ལ་ལ  -ས ་ནི 	འབྲས་བུ་ཡིན 	ནོ 	།_། 	ལ 	ལ་ལ 	-ས	་ནི 	མགོན་པོ་ཞེས 	འབྱུང་གི 	བདེ་བ 	-ར 	bstod tshogs ka_.txt	འབྲས་བུ་ཡིན  ནོ  །_།  ལ  ལ་ལ  -ས ་ནི  མགོན་པོ་ཞེས  འབྱུང་གི  བདེ་བ  -ར 
བདག་པོ  -ས  གསུངས་པ 	སྩོལ་ཅིག་པའོ 	།_། 	གསང 	སྔགས 	བདག་པོ 	-ས 	གསུངས་པ 	བསྟོད་པ 	-འི 	རྒྱལ་པོ་ཉིད 	།_། 	bstod tshogs ka_.txt	སྩོལ་ཅིག་པའོ  །_།  གསང  སྔགས  བདག་པོ  -ས  གསུངས་པ  བསྟོད་པ  -འི  རྒྱལ་པོ་ཉིད  །_། 
བརྟེན་པ  -ས  མཛད་པ 	-འི 	མཆོག་གི 	ཞབས་ཀྱི་པདྨའི 	རྡུལ་ལ 	བརྟེན་པ 	-ས 	མཛད་པ 	རྫོགས་སོ 	།།_།། 	རྒྱ 	གར་གྱི 	bstod tshogs ka_.txt	-འི  མཆོག་གི  ཞབས་ཀྱི་པདྨའི  རྡུལ་ལ  བརྟེན་པ  -ས  མཛད་པ  རྫོགས་སོ  །།_།།  རྒྱ  གར་གྱི 
མཁས་པ  -ས  མཁྱེན་པ་འཕགས 	།_། 	ཤེས 	བྱ 	ཀུན་ལ 	མཁས་པ 	-ས 	མཁྱེན་པ་འཕགས 	།_། 	རྒྱ 	མཚོ 	ལྟ་བུ 	bstod tshogs ka_.txt	།_།  ཤེས  བྱ  ཀུན་ལ  མཁས་པ  -ས  མཁྱེན་པ་འཕགས  །_།  རྒྱ  མཚོ  ལྟ་བུ 
ཆེན་པོ  -ས  ཕ་རོལ 	འཚལ་ལོ 	།_། 	ཆོས 	སྒྲ 	ཆེན་པོ 	-ས 	ཕ་རོལ 	རྒོལ་བ་འཇོམས 	།_། 	རྒྱ 	མཚོ 	bstod tshogs ka_.txt	འཚལ་ལོ  །_།  ཆོས  སྒྲ  ཆེན་པོ  -ས  ཕ་རོལ  རྒོལ་བ་འཇོམས  །_།  རྒྱ  མཚོ 
ཐོས་པ  -ས  ངན་འགྲོ 	བཅོམ་ལྡན་འདས 	།_། 	མཚན 	ཙམ 	ཐོས་པ 	-ས 	ངན་འགྲོ 	-འི 	སྡུག་བསྔལ་སེལ 	།_། 	དུག་གསུམ 	bstod tshogs ka_.txt	བཅོམ་ལྡན་འདས  །_།  མཚན  ཙམ  ཐོས་པ  -ས  ངན་འགྲོ  -འི  སྡུག་བསྔལ་སེལ  །_།  དུག་གསུམ 
གཡའ  -ས  ཨ་རུ་ར 	།_། 	ནད་ཀྱི 	གཉེན་པོ 	ཕྱག 	གཡའ 	-ས 	ཨ་རུ་ར 	།_། 	སྨན་པ 	-འི 	རྒྱལ་པོ 	bstod tshogs ka_.txt	།_།  ནད་ཀྱི  གཉེན་པོ  ཕྱག  གཡའ  -ས  ཨ་རུ་ར  །_།  སྨན་པ  -འི  རྒྱལ་པོ 
ཐུགས་རྗེ  -ས  ཤཱཀྱ 	འཚལ་ལོ 	།_། 	ཐབས 	མཁས 	ཐུགས་རྗེ 	-ས 	ཤཱཀྱ 	-འི 	རིགས 	འཁྲུངས་ཤིང 	།_། 	bstod tshogs ka_.txt	འཚལ་ལོ  །_།  ཐབས  མཁས  ཐུགས་རྗེ  -ས  ཤཱཀྱ  -འི  རིགས  འཁྲུངས་ཤིང  །_། 